PRODUCT,MATNR_new,MTART,ATTYP,SATNR,MATKL,MBRSH,MAKTX,SPRAS,MEINS,AENNR,REVLV,EAN11,NUMTP,SPART,BISMT,PRDHA,BRAND_ID,XCHPF,MLGUT,DATAB,LIQDT,KUNNR,NORMT,GROES,LABOR,INHAL,INHME,INHBR,VPREH,EXTWG,MTPOS_MARA,BEGRU,MSTAE,MSTDE,SERLV,QMPUR,ANIMAL_ORIGIN,ANP,BRGEW,NTGEW,GEWEI,LAENG,BREIT,HOEHE,MEABM,VOLUM,VOLEH,CAPAUSE,CHML_CMPLNC_RLVNCE_IND,KZKFG,BSTME,EKWSL,VABME,BMATN,MFRPN,MFRNR,MPROF,TRAGR,MSTAV,MSTDV,PMATA,SPROF,ALLOW_PMAT_IGNO,SOM_CYCLE,SOM_CYCLE_RULE,SOM_TC_SCHEMA,BBTYP,SERVV,MAGRV,VHIART,ERGEW,ERGEI,GEWTO,ERVOL,ERVOE,KZGVH,VOLTO,IPRKZ,RAUBE,TEMPB,BEHVO,STOFF,ETIAR,ETIFO,WESCH,XGCHP,MHDHB,MHDRZ,SLED_BBD,MHDLP,RDMHD,HNDLCODE,WHMATGR,WHSTC,HUTYP_DFLT,SERIAL,PILFERABLE,HAZMAT,QQTIME,QQTIMEUOM,QGRP,HUTYP,MAXC,MAXC_TOL,TARE_VAR,MAXL,MAXDIM_UOM,MAXB,MAXH,RBNRM,SSTUF,LSTVZ,LDVZL,LDBZL,LSTFL,LDVFL,LDBFL,VDVZL,VDBZL,VDVFL,VDBFL,WAUSM,WVRKM,WMAAB,WBKLA,WHERL,WHERR,WEKGR,BWSCL,TAKLV,WLADG,WBWSP,PSTATQ,PSTATV,PSTATL,PSTATE
000000007079800020,null,NLAG,null,null,ADVERT,C,REBATE CO-OP,EN,CS,,,null,,00,null,702080151040,,null,,,,null,null,null,null,,,,,,NLAG,null,null,null,null,null,,,1.000,1.000,LBR,0.000,0.000,0.000,null,0.000,null,,,null,null,null,null,null,null,null,null,0001,null,null,null,null,null,,,,null,,null,,0.000,null,0.0,0.000,null,null,0.0,null,null,null,null,null,null,null,0.000,null,0,0,null,0,null,null,null,null,null,null,null,null,0,null,null,null,0.000,0.0,null,0.000,null,0.000,0.000,null,,null,null,null,,,,null,null,null,null,null,null,null,null,null,null,null,null,null,null,null,,,,
000000007079800021,null,NLAG,null,null,ADVERT,C,REBATE VOLUME,EN,CS,,,null,,00,null,702080151040,,null,,,,null,null,null,null,,,,,,NLAG,null,null,null,null,null,,,1.000,1.000,LBR,0.000,0.000,0.000,null,0.000,null,,,null,null,null,null,null,null,null,null,0001,null,null,null,null,null,,,,null,,null,,0.000,null,0.0,0.000,null,null,0.0,null,null,null,null,null,null,null,0.000,null,0,0,null,0,null,null,null,null,null,null,null,null,0,null,null,null,0.000,0.0,null,0.000,null,0.000,0.000,null,,null,null,null,,,,null,null,null,null,null,null,null,null,null,null,null,null,null,null,null,,,,
000000007079800022,null,NLAG,null,null,ADVERT,C,REBATE GROWTH INCENTIVE,EN,CS,,,null,,00,null,702080151040,,null,,,,null,null,null,null,,,,,,NLAG,null,null,null,null,null,,,1.000,1.000,LBR,0.000,0.000,0.000,null,0.000,null,,,null,null,null,null,null,null,null,null,0001,null,null,null,null,null,,,,null,,null,,0.000,null,0.0,0.000,null,null,0.0,null,null,null,null,null,null,null,0.000,null,0,0,null,0,null,null,null,null,null,null,null,null,0,null,null,null,0.000,0.0,null,0.000,null,0.000,0.000,null,,null,null,null,,,,null,null,null,null,null,null,null,null,null,null,null,null,null,null,null,,,,
000000007079800023,null,NLAG,null,null,ADVERT,C,REBATE PARTNERSHIP,EN,CS,,,null,,00,null,702080151040,,null,,,,null,null,null,null,,,,,,NLAG,null,null,null,null,null,,,1.000,1.000,LBR,0.000,0.000,0.000,null,0.000,null,,,null,null,null,null,null,null,null,null,0001,null,null,null,null,null,,,,null,,null,,0.000,null,0.0,0.000,null,null,0.0,null,null,null,null,null,null,null,0.000,null,0,0,null,0,null,null,null,null,null,null,null,null,0,null,null,null,0.000,0.0,null,0.000,null,0.000,0.000,null,,null,null,null,,,,null,null,null,null,null,null,null,null,null,null,null,null,null,null,null,,,,
000000007079800024,null,NLAG,null,null,ADVERT,C,REBATE MISC,EN,CS,,,null,,00,null,702080151040,,null,,,,null,null,null,null,,,,,,NLAG,null,null,null,null,null,,,1.000,1.000,LBR,0.000,0.000,0.000,null,0.000,null,,,null,null,null,null,null,null,null,null,0001,null,null,null,null,null,,,,null,,null,,0.000,null,0.0,0.000,null,null,0.0,null,null,null,null,null,null,null,0.000,null,0,0,null,0,null,null,null,null,null,null,null,null,0,null,null,null,0.000,0.0,null,0.000,null,0.000,0.000,null,,null,null,null,,,,null,null,null,null,null,null,null,null,null,null,null,null,null,null,null,,,,
000000007079800025,null,NLAG,null,null,ADVERT,C,FREIGHT REBATE/CREDIT,EN,CS,,,null,,00,null,702080151040,,null,,,,null,null,null,null,,,,,,NLAG,null,null,null,null,null,,,1.000,1.000,LBR,0.000,0.000,0.000,null,0.000,null,,,null,null,null,null,null,null,null,null,0001,null,null,null,null,null,,,,null,,null,,0.000,null,0.0,0.000,null,null,0.0,null,null,null,null,null,null,null,0.000,null,0,0,null,0,null,null,null,null,null,null,null,null,0,null,null,null,0.000,0.0,null,0.000,null,0.000,0.000,null,,null,null,null,,,,null,null,null,null,null,null,null,null,null,null,null,null,null,null,null,,,,
000000007079800026,null,NLAG,null,null,ADVERT,C,REBATE DEFECTIVES,EN,CS,,,null,,00,null,702080151040,,null,,,,null,null,null,null,,,,,,NLAG,null,null,null,null,null,,,1.000,1.000,LBR,0.000,0.000,0.000,null,0.000,null,,,null,null,null,null,null,null,null,null,0001,null,null,null,null,null,,,,null,,null,,0.000,null,0.0,0.000,null,null,0.0,null,null,null,null,null,null,null,0.000,null,0,0,null,0,null,null,null,null,null,null,null,null,0,null,null,null,0.000,0.0,null,0.000,null,0.000,0.000,null,,null,null,null,,,,null,null,null,null,null,null,null,null,null,null,null,null,null,null,null,,,,
000000007079800027,null,NLAG,null,null,ADVERT,C,REBATE SALES ALLOWANCE,EN,CS,,,null,,00,null,702080151040,,null,,,,null,null,null,null,,,,,,NLAG,null,null,null,null,null,,,1.000,1.000,LBR,0.000,0.000,0.000,null,0.000,null,,,null,null,null,null,null,null,null,null,0001,null,null,null,null,null,,,,null,,null,,0.000,null,0.0,0.000,null,null,0.0,null,null,null,null,null,null,null,0.000,null,0,0,null,0,null,null,null,null,null,null,null,null,0,null,null,null,0.000,0.0,null,0.000,null,0.000,0.000,null,,null,null,null,,,,null,null,null,null,null,null,null,null,null,null,null,null,null,null,null,,,,
000000007079800028,null,NLAG,null,null,ADVERT,C,REBATE DAP ADVANTAGE,EN,CS,,,null,,00,null,702080151040,,null,,,,null,null,null,null,,,,,,NLAG,null,null,null,null,null,,,1.000,1.000,LBR,0.000,0.000,0.000,null,0.000,null,,,null,null,null,null,null,null,null,null,0001,null,null,null,null,null,,,,null,,null,,0.000,null,0.0,0.000,null,null,0.0,null,null,null,null,null,null,null,0.000,null,0,0,null,0,null,null,null,null,null,null,null,null,0,null,null,null,0.000,0.0,null,0.000,null,0.000,0.000,null,,null,null,null,,,,null,null,null,null,null,null,null,null,null,null,null,null,null,null,null,,,,
000000007079800029,null,NLAG,null,null,ADVERT,C,REBATE TRADE SHOW,EN,CS,,,null,,00,null,702080151040,,null,,,,null,null,null,null,,,,,,NLAG,null,null,null,null,null,,,1.000,1.000,LBR,0.000,0.000,0.000,null,0.000,null,,,null,null,null,null,null,null,null,null,0001,null,null,null,null,null,,,,null,,null,,0.000,null,0.0,0.000,null,null,0.0,null,null,null,null,null,null,null,0.000,null,0,0,null,0,null,null,null,null,null,null,null,null,0,null,null,null,0.000,0.0,null,0.000,null,0.000,0.000,null,,null,null,null,,,,null,null,null,null,null,null,null,null,null,null,null,null,null,null,null,,,,
000000007079800030,null,NLAG,null,null,ADVERT,C,REBATE SLS ALLOW NOT ACCR,EN,CS,,,null,,00,null,702080151040,,null,,,,null,null,null,null,,,,,,NLAG,null,null,null,null,null,,,1.000,1.000,LBR,0.000,0.000,0.000,null,0.000,null,,,null,null,null,null,null,null,null,null,0001,null,null,null,null,null,,,,null,,null,,0.000,null,0.0,0.000,null,null,0.0,null,null,null,null,null,null,null,0.000,null,0,0,null,0,null,null,null,null,null,null,null,null,0,null,null,null,0.000,0.0,null,0.000,null,0.000,0.000,null,,null,null,null,,,,null,null,null,null,null,null,null,null,null,null,null,null,null,null,null,,,,
000000007079800095,null,FERT,null,null,FG02,C,0306 SPRAY ADHESIVE,EN,EA,,,70798000957,UC,06,null,160073800851,,null,,,,null,null,5 GA,null,,,,,,null,null,null,null,null,null,,,37.300,33.400,LBR,12.000,12.750,13.750,INH,1.220,FTQ,,,null,null,1,null,null,null,null,null,0001,null,null,null,null,null,,,,null,,null,,0.000,null,0.0,0.000,null,null,0.0,null,01,null,null,null,null,null,0.000,null,365,1,null,0,null,null,null,null,null,null,null,null,0,null,null,null,0.000,0.0,null,0.000,null,0.000,0.000,null,,null,null,null,,,,null,null,null,null,null,null,null,null,null,null,null,null,null,null,null,,,,
000000007079800097,null,FERT,null,null,FG02,C,0307 SPRAY ADH,EN,EA,,,70798000971,UC,06,null,160073800852,,null,,,,null,null,5 GA,null,,,,,,null,null,null,null,null,null,,,37.300,33.400,LBR,12.000,12.750,13.750,INH,1.220,FTQ,,,null,null,1,null,null,null,null,null,0001,null,null,null,null,null,,,,null,,null,,0.000,null,0.0,0.000,null,null,0.0,null,01,null,null,null,null,null,0.000,null,365,1,null,0,null,null,null,null,null,null,null,null,0,null,null,null,0.000,0.0,null,0.000,null,0.000,0.000,null,,null,null,null,,,,null,null,null,null,null,null,null,null,null,null,null,null,null,null,null,,,,
000000007079800272,null,FERT,null,null,FG02,C,ORIGINAL CONTACT CEMENT QT,EN,EA,,,70798002722,IC,06,null,160073810853,,null,,,,null,null,32 FL OZ,null,,,,,,NORM,null,null,null,null,null,,,2.110,1.840,LBR,13.500,9.000,5.000,INH,0.060,FTQ,,,null,null,1,null,null,null,null,null,0001,null,null,null,null,null,,,,null,,null,,0.000,null,0.0,0.000,null,null,0.0,null,01,null,null,null,null,null,0.000,null,365,1,null,0,null,null,null,null,null,null,null,null,0,null,null,null,0.000,0.0,null,0.000,null,0.000,0.000,null,,null,null,null,,,,null,null,null,null,null,null,null,null,null,null,null,null,null,null,null,,,,
000000007079800956,null,FERT,null,null,FG01,C,DAP ALEX PLUS WHT 2.8 OZ 6PK CRD,EN,EA,,,70798009561,IC,01,null,110271000101,,null,,,,null,null,2.8 FL OZ,null,,,,,,NORM,null,null,null,null,null,,,0.260,0.160,LBR,8.750,4.130,8.880,INH,0.030,FTQ,,,null,null,1,null,null,null,null,null,0001,null,null,null,null,null,,,,null,,null,,0.000,null,0.0,0.000,null,null,0.0,null,01,null,null,null,null,null,0.000,null,365,1,B,0,null,null,null,null,null,null,null,null,0,null,null,null,0.000,0.0,null,0.000,null,0.000,0.000,null,,null,null,null,,,,null,null,null,null,null,null,null,null,null,null,null,null,null,null,null,,,,
000000007079808010,null,FERT,null,null,FG02,C,DAP HVAC SILICONE WHITE 10.1 FL OZ 12PK,EN,EA,,,70798080102,IC,02,null,120472200207,,null,,,,null,null,10.3 FL OZ,null,,,,,,NORM,null,null,null,null,null,,,0.760,0.630,LBR,8.000,6.000,12.000,INH,0.030,FTQ,,,null,null,1,null,null,null,null,null,0001,null,null,null,null,null,,,,null,,null,,0.000,null,0.0,0.000,null,null,0.0,null,01,null,null,null,null,null,0.000,null,730,1,B,0,null,null,null,null,null,null,null,null,0,null,null,null,0.000,0.0,null,0.000,null,0.000,0.000,null,,null,null,null,,,,null,null,null,null,null,null,null,null,null,null,null,null,null,null,null,,,,
000000007079808011,null,FERT,null,null,FG02,C,DAP HVAC SILICONE CLEAR 10.3 OZ 12PK,EN,EA,,,70798080119,IC,02,null,120472200207,,null,,,,null,null,10.3 FL OZ,null,,,,,,NORM,null,null,null,null,null,,,0.760,0.630,LBR,8.000,6.000,12.000,INH,0.030,FTQ,,,null,null,1,null,null,null,null,null,0001,null,null,null,null,null,,,,null,,null,,0.000,null,0.0,0.000,null,null,0.0,null,01,null,null,null,null,null,0.000,null,730,1,B,0,null,null,null,null,null,null,null,null,0,null,null,null,0.000,0.0,null,0.000,null,0.000,0.000,null,,null,null,null,,,,null,null,null,null,null,null,null,null,null,null,null,null,null,null,null,,,,
000000007079808012,null,FERT,null,null,FG02,C,DAP HVAC SILICONE ALUM 10.3 FL OZ 12PK,EN,EA,,,70798080126,IC,02,null,120472200207,,null,,,,null,null,10.3 FL OZ,null,,,,,,NORM,null,null,null,null,null,,,0.760,0.630,LBR,8.000,6.000,12.000,INH,0.030,FTQ,,,null,null,1,null,null,null,null,null,0001,null,null,null,null,null,,,,null,,null,,0.000,null,0.0,0.000,null,null,0.0,null,01,null,null,null,null,null,0.000,null,730,1,B,0,null,null,null,null,null,null,null,null,0,null,null,null,0.000,0.0,null,0.000,null,0.000,0.000,null,,null,null,null,,,,null,null,null,null,null,null,null,null,null,null,null,null,null,null,null,,,,
000000007079808013,null,FERT,null,null,FG02,C,DAP HI-TEMP SILICONE RED 10.3 FL OZ 12PK,EN,EA,,,70798080133,IC,02,null,120472200208,,null,,,,null,null,10.3 FL OZ,null,,,,,,NORM,null,null,null,null,null,,,0.760,0.630,LBR,8.000,6.000,12.000,INH,0.030,FTQ,,,null,null,1,null,null,null,null,null,0001,null,null,null,null,null,,,,null,,null,,0.000,null,0.0,0.000,null,null,0.0,null,01,null,null,null,null,null,0.000,null,730,1,B,0,null,null,null,null,null,null,null,null,0,null,null,null,0.000,0.0,null,0.000,null,0.000,0.000,null,,null,null,null,,,,null,null,null,null,null,null,null,null,null,null,null,null,null,null,null,,,,
000000007079810060,null,FERT,null,null,FG02,C,CDA QUICK PLUG 1.25 KG,EN,EA,,,70798100602,IC,04,null,140074520432,,null,,,,null,null,1.25  KG,null,,,,,,NORM,null,null,null,null,null,,,2.880,2.750,LBR,12.250,7.250,4.000,INH,0.030,FTQ,,,null,null,1,null,null,null,null,null,0001,null,null,null,null,null,,,,null,,null,,0.000,null,0.0,0.000,null,null,0.0,null,01,null,null,null,null,null,0.000,null,365,1,null,0,null,null,null,null,null,null,null,null,0,null,null,null,0.000,0.0,null,0.000,null,0.000,0.000,null,,null,null,null,,,,null,null,null,null,null,null,null,null,null,null,null,null,null,null,null,,,,
000000007079810070,null,FERT,null,null,FG02,C,CDA QUICK PLUG  5 KG,EN,EA,,,70798100701,IC,04,null,140074520432,,null,,,,null,null,5 KG,null,,,,,,NORM,null,null,null,null,null,,,11.800,11.000,LBR,15.750,8.000,8.000,INH,0.290,FTQ,,,null,null,1,null,null,null,null,null,0001,null,null,null,null,null,,,,null,,null,,0.000,null,0.0,0.000,null,null,0.0,null,01,null,null,null,null,null,0.000,null,365,1,B,0,null,null,null,null,null,null,null,null,0,null,null,null,0.000,0.0,null,0.000,null,0.000,0.000,null,,null,null,null,,,,null,null,null,null,null,null,null,null,null,null,null,null,null,null,null,,,,
000000007079810080,null,FERT,null,null,FG02,C,CDA QUICK PLUG 10KG,EN,EA,,,70798100800,IC,04,null,140074520432,,null,,,,null,null,10 KG,null,,,,,,NORM,null,null,null,null,null,,,22.180,22.000,LBR,15.750,9.000,3.000,INH,0.250,FTQ,,,null,null,1,null,null,null,null,null,0001,null,null,null,null,null,,,,null,,null,,0.000,null,0.0,0.000,null,null,0.0,null,01,null,null,null,null,null,0.000,null,365,1,B,0,null,null,null,null,null,null,null,null,0,null,null,null,0.000,0.0,null,0.000,null,0.000,0.000,null,,null,null,null,,,,null,null,null,null,null,null,null,null,null,null,null,null,null,null,null,,,,
000000007079810100,null,FERT,null,null,FG02,C,WALLBOARD JT COMP RTU 3 LB 6 PK,EN,EA,,,70798101005,IC,04,null,140074500471,,null,,,,null,null,3 LB,null,,,,,,NORM,null,null,null,null,null,,,3.250,3.000,LBR,15.000,10.000,5.250,INH,0.080,FTQ,,,null,null,1,null,null,null,null,null,0001,null,null,null,null,null,,,,null,,null,,0.000,null,0.0,0.000,null,null,0.0,null,01,null,null,null,null,null,0.000,null,183,1,null,0,null,null,null,null,null,null,null,null,0,null,null,null,0.000,0.0,null,0.000,null,0.000,0.000,null,,null,null,null,,,,null,null,null,null,null,null,null,null,null,null,null,null,null,null,null,,,,
000000007079810312,null,FERT,null,null,FG02,C,PLASTER OF PARIS DRY MIX 25LB,EN,EA,,,70798103122,UC,04,null,140074530482,,null,,,,null,null,25 LB,null,,,,,,null,null,null,null,null,null,,,25.240,25.000,LBR,19.500,10.500,4.000,INH,0.470,FTQ,,,null,null,1,null,null,null,null,null,0001,null,null,null,null,null,,,,null,,null,,0.000,null,0.0,0.000,null,null,0.0,null,01,null,null,null,null,null,0.000,null,365,1,null,0,null,null,null,null,null,null,null,null,0,null,null,null,0.000,0.0,null,0.000,null,0.000,0.000,null,,null,null,null,,,,null,null,null,null,null,null,null,null,null,null,null,null,null,null,null,,,,
000000007079810525,null,RACK,null,null,FG09,C,RACK SHELVES & SUPPORTS D230 RACK DISPLY,EN,EA,,,null,,09,null,799989998999,,null,,,,null,null,1.00 EA,null,,,,,,null,null,null,null,null,null,,,46.750,46.750,LBR,26.000,21.000,10.500,INH,3.318,FTQ,,,null,null,null,null,null,null,null,null,0001,null,null,null,null,null,,,,null,,null,,0.000,null,0.0,0.000,null,null,0.0,null,null,null,null,null,null,null,0.000,null,9999,1,B,0,null,null,null,null,null,null,null,null,0,null,null,null,0.000,0.0,null,0.000,null,0.000,0.000,null,,null,null,null,,,,null,null,null,null,null,null,null,null,null,null,null,null,null,null,null,,,,
000000007079812132,null,FERT,null,null,FG02,C,VINYL SPACKLING RTU QT 6 PK,EN,EA,,,70798121324,IC,04,null,140174060400,,null,,,,null,null,32 FL OZ,null,,,,,,NORM,null,null,null,null,null,,,4.130,3.880,LBR,15.000,10.000,5.250,INH,0.080,FTQ,,,null,null,1,null,null,null,null,null,0001,null,null,null,null,null,,,,null,,null,,0.000,null,0.0,0.000,null,null,0.0,null,01,null,null,null,null,null,0.000,null,365,1,null,0,null,null,null,null,null,null,null,null,0,null,null,null,0.000,0.0,null,0.000,null,0.000,0.000,null,,null,null,null,,,,null,null,null,null,null,null,null,null,null,null,null,null,null,null,null,,,,
000000007079812133,null,FERT,null,null,FG02,C,VINYL SPACKLING RTU GA 2 PK,EN,EA,,,70798121331,IC,04,null,140174060400,,null,,,,null,null,1 GA,null,,,,,,NORM,null,null,null,null,null,,,16.540,15.500,LBR,16.000,8.000,8.250,INH,0.310,FTQ,,,null,null,1,null,null,null,null,null,0001,null,null,null,null,null,,,,null,,null,,0.000,null,0.0,0.000,null,null,0.0,null,01,null,null,null,null,null,0.000,null,365,1,null,0,null,null,null,null,null,null,null,null,0,null,null,null,0.000,0.0,null,0.000,null,0.000,0.000,null,,null,null,null,,,,null,null,null,null,null,null,null,null,null,null,null,null,null,null,null,,,,
000000007079812140,null,FERT,null,null,FG02,C,FAST'N FINAL INT/EXT RTU HP 8 OZ 12 PK,EN,EA,,,70798121409,IC,04,null,140174040402,,null,,,,null,null,8 FL OZ,null,,,,,,NORM,null,null,null,null,null,,,0.290,0.190,LBR,13.500,10.000,3.750,INH,0.020,FTQ,,,null,null,1,null,null,null,null,null,0001,null,null,null,null,null,,,,null,,null,,0.000,null,0.0,0.000,null,null,0.0,null,01,null,null,null,null,null,0.000,null,365,1,null,0,null,null,null,null,null,null,null,null,0,null,null,null,0.000,0.0,null,0.000,null,0.000,0.000,null,,null,null,null,,,,null,null,null,null,null,null,null,null,null,null,null,null,null,null,null,,,,
000000007079812141,null,FERT,null,null,FG02,C,FAST'N FINAL INT/EXT RTU PT 1 PT 12 PK,EN,EA,,,70798121416,IC,04,null,140174040402,,null,,,,null,null,16 FL OZ,null,,,,,,NORM,null,null,null,null,null,,,0.630,0.490,LBR,15.500,12.000,4.750,INH,0.040,FTQ,,,null,null,1,null,null,null,null,null,0001,null,null,null,null,null,,,,null,,null,,0.000,null,0.0,0.000,null,null,0.0,null,01,null,null,null,null,null,0.000,null,365,1,null,0,null,null,null,null,null,null,null,null,0,null,null,null,0.000,0.0,null,0.000,null,0.000,0.000,null,,null,null,null,,,,null,null,null,null,null,null,null,null,null,null,null,null,null,null,null,,,,
000000007079812142,null,FERT,null,null,FG02,C,FAST'N FINAL INT/EXT RTU QT 6 PK,EN,EA,,,70798121423,IC,04,null,140174040402,,null,,,,null,null,32 FL OZ,null,,,,,,NORM,null,null,null,null,null,,,1.210,1.050,LBR,15.000,10.000,5.250,INH,0.080,FTQ,,,null,null,1,null,null,null,null,null,0001,null,null,null,null,null,,,,null,,null,,0.000,null,0.0,0.000,null,null,0.0,null,01,null,null,null,null,null,0.000,null,365,1,null,0,null,null,null,null,null,null,null,null,0,null,null,null,0.000,0.0,null,0.000,null,0.000,0.000,null,,null,null,null,,,,null,null,null,null,null,null,null,null,null,null,null,null,null,null,null,,,,
000000007079812330,null,FERT,null,null,FG02,C,DRYDEX SPACKLING QT 6PK,EN,EA,,,70798123304,IC,04,null,140174030405,,null,,,,null,null,32 FL OZ,null,,,,,,NORM,null,null,null,null,null,,,4.160,3.910,LBR,15.000,10.000,5.250,INH,0.080,FTQ,,,null,null,1,null,null,null,null,null,0001,null,null,null,null,null,,,,null,,null,,0.000,null,0.0,0.000,null,null,0.0,null,01,null,null,null,null,null,0.000,null,365,1,null,0,null,null,null,null,null,null,null,null,0,null,null,null,0.000,0.0,null,0.000,null,0.000,0.000,null,,null,null,null,,,,null,null,null,null,null,null,null,null,null,null,null,null,null,null,null,,,,
000000007079816512,null,RACK,null,null,FG09,C,TRI STRUT STAND UP RACK SYSTEM,EN,CS,,,70798165120,UC,09,null,799989998999,,null,,,,null,null,1.00 EA,null,,,,,,SAMM,null,ZP,2022-01-01,null,null,,,18.000,18.000,LBR,48.000,20.000,4.000,INH,2.222,FTQ,,,null,null,1,null,null,null,null,null,0001,04,2022-01-01,null,null,null,,,,null,,null,,0.000,null,0.0,0.000,null,null,0.0,null,null,null,null,null,null,null,0.000,null,0,0,null,0,null,null,null,null,null,null,null,null,0,null,null,null,0.000,0.0,null,0.000,null,0.000,0.000,null,,null,null,null,,,,null,null,null,null,null,null,null,null,null,null,null,null,null,null,null,,,,
000000007079816550,null,RACK,null,null,FG09,C,RACK PART A SHELVES,EN,CS,,,70798165502,UC,09,null,799989998999,,null,,,,null,null,1.00 EA,null,,,,,,NORM,null,null,null,null,null,,,59.000,59.000,LBR,49.000,17.000,11.000,INH,1.500,FTQ,,,null,null,1,null,null,null,null,null,0001,null,null,null,null,null,,,,null,,null,,0.000,null,0.0,0.000,null,null,0.0,null,null,null,null,null,null,null,0.000,null,0,0,null,0,null,null,null,null,null,null,null,null,0,null,null,null,0.000,0.0,null,0.000,null,0.000,0.000,null,,null,null,null,,,,null,null,null,null,null,null,null,null,null,null,null,null,null,null,null,,,,
000000007079816551,null,RACK,null,null,FG09,C,RACK PART B-GONDOLA,EN,CS,,,70798165519,UC,09,null,799989998999,,null,,,,null,null,1.00 EA,null,,,,,,NORM,null,null,null,null,null,,,15.000,15.000,LBR,52.000,13.000,2.500,INH,1.000,FTQ,,,null,null,1,null,null,null,null,null,0001,null,null,null,null,null,,,,null,,null,,0.000,null,0.0,0.000,null,null,0.0,null,null,null,null,null,null,null,0.000,null,0,0,null,0,null,null,null,null,null,null,null,null,0,null,null,null,0.000,0.0,null,0.000,null,0.000,0.000,null,,null,null,null,,,,null,null,null,null,null,null,null,null,null,null,null,null,null,null,null,,,,
000000007079816604,null,RACK,null,null,FG02,C,CDA TRI STRUT UNIVERSAL RACK SHELF,EN,EA,,,70798166042,IC,09,null,799989998999,,null,,,,null,null,1 EA,null,,,,,,null,null,null,null,null,null,,,25.000,24.000,LBR,47.630,16.250,5.250,INH,2.350,FTQ,,,null,null,1,null,null,null,null,null,0001,null,null,null,null,null,,,,null,,null,,0.000,null,0.0,0.000,null,null,0.0,null,01,null,null,null,null,null,0.000,null,9999,1,B,0,null,null,null,null,null,null,null,null,0,null,null,null,0.000,0.0,null,0.000,null,0.000,0.000,null,,null,null,null,,,,null,null,null,null,null,null,null,null,null,null,null,null,null,null,null,,,,
000000007079816605,null,RACK,null,null,FG02,C,CDA WIRE GRID INSERT STAND UP MERCHANDIS,EN,EA,,,70798166059,IC,09,null,799989998999,,null,,,,null,null,1 EA,null,,,,,,null,null,null,null,null,null,,,1.700,1.700,LBR,47.630,16.250,5.250,INH,2.350,FTQ,,,null,null,1,null,null,null,null,null,0001,null,null,null,null,null,,,,null,,null,,0.000,null,0.0,0.000,null,null,0.0,null,01,null,null,null,null,null,0.000,null,9999,1,B,0,null,null,null,null,null,null,null,null,0,null,null,null,0.000,0.0,null,0.000,null,0.000,0.000,null,,null,null,null,,,,null,null,null,null,null,null,null,null,null,null,null,null,null,null,null,,,,
000000007079816606,null,RACK,null,null,FG02,C,CDA DIVIDER SET OF 3 LAY DOWN MERCHANDIS,EN,EA,,,70798166066,IC,09,null,799989998999,,null,,,,null,null,1 EA,null,,,,,,null,null,null,null,null,null,,,4.300,4.300,LBR,10.000,1.000,5.000,INH,0.030,FTQ,,,null,null,1,null,null,null,null,null,0001,null,null,null,null,null,,,,null,,null,,0.000,null,0.0,0.000,null,null,0.0,null,01,null,null,null,null,null,0.000,null,9999,1,B,0,null,null,null,null,null,null,null,null,0,null,null,null,0.000,0.0,null,0.000,null,0.000,0.000,null,,null,null,null,,,,null,null,null,null,null,null,null,null,null,null,null,null,null,null,null,,,,
000000007079817003,null,FERT,null,null,FG01,C,DISPLAY CDA MINI PLT PROMO NO CORRUGATE,EN,EA,,,null,,01,null,140174030541,,null,,,,null,null,1.00 EA,null,,,,,,null,null,null,null,null,null,,,17.000,17.000,LBR,24.000,24.000,48.500,INH,16.170,FTQ,,,null,null,1,null,null,null,null,null,0001,null,null,null,null,null,,,,null,,null,,0.000,null,0.0,0.000,null,null,0.0,null,01,null,null,null,null,null,0.000,null,0,0,null,0,null,null,null,null,null,null,null,null,0,null,null,null,0.000,0.0,null,0.000,null,0.000,0.000,null,,null,null,null,,,,null,null,null,null,null,null,null,null,null,null,null,null,null,null,null,,,,
000000007079817004,null,FERT,null,null,FG01,C,CDA DISPLAY THD ALEX PLUS SPACK 946ML 8C,EN,EA,,,70798748682,IC,04,null,140174030541,,null,,,,null,null,1.00 EA,null,,,,,,null,null,null,null,null,null,,,219.440,187.440,LBR,24.000,24.000,48.500,INH,16.170,FTQ,,,null,null,1,null,null,null,null,null,0001,null,null,null,null,null,,,,null,,null,,0.000,null,0.0,0.000,null,null,0.0,null,01,null,null,null,null,null,0.000,null,0,0,null,0,null,null,null,null,null,null,null,null,0,null,null,null,0.000,0.0,null,0.000,null,0.000,0.000,null,,null,null,null,,,,null,null,null,null,null,null,null,null,null,null,null,null,null,null,null,,,,
000000007079817005,null,FERT,null,null,FG01,C,CDA DISPLAY COR ALEX PLUS SPCK 946ML 8CS,EN,EA,,,70798170056,UC,04,null,140174030541,,null,,,,null,null,1.00 EA,null,,,,,,null,null,null,null,null,null,,,17.000,17.000,LBR,24.000,24.000,48.500,INH,16.170,FTQ,,,null,null,1,null,null,null,null,null,0001,null,null,null,null,null,,,,null,,null,,0.000,null,0.0,0.000,null,null,0.0,null,01,null,null,null,null,null,0.000,null,9999,1,B,0,null,null,null,null,null,null,null,null,0,null,null,null,0.000,0.0,null,0.000,null,0.000,0.000,null,,null,null,null,,,,null,null,null,null,null,null,null,null,null,null,null,null,null,null,null,,,,
000000007079817006,null,FERT,null,null,FG01,C,CDA DISPLAY COR SILICONE ULTRA K&B COMBO,EN,EA,,,70798170063,IC,02,null,120372100221,,null,,,,null,null,1.00 EA,null,,,,,,null,null,null,null,null,null,,,17.000,17.000,LBR,24.000,24.000,48.500,INH,16.170,FTQ,,,null,null,1,null,null,null,null,null,0001,null,null,null,null,null,,,,null,,null,,0.000,null,0.0,0.000,null,null,0.0,null,01,null,null,null,null,null,0.000,null,9999,1,B,0,null,null,null,null,null,null,null,null,0,null,null,null,0.000,0.0,null,0.000,null,0.000,0.000,null,,null,null,null,,,,null,null,null,null,null,null,null,null,null,null,null,null,null,null,null,,,,
000000007079817007,null,FERT,null,null,FG01,C,DISPLAY (P) CDA WOODPRO-X COMB 156G/453G,EN,EA,,,null,UC,04,null,140174030541,,null,,,,null,null,1.00 EA,null,,,,,,null,null,null,null,null,null,,,17.000,17.000,LBR,24.000,24.000,48.500,INH,16.170,FTQ,,,null,null,1,null,null,null,null,null,0001,null,null,null,null,null,,,,null,,null,,0.000,null,0.0,0.000,null,null,0.0,null,01,null,null,null,null,null,0.000,null,0,0,null,0,null,null,null,null,null,null,null,null,0,null,null,null,0.000,0.0,null,0.000,null,0.000,0.000,null,,null,null,null,,,,null,null,null,null,null,null,null,null,null,null,null,null,null,null,null,,,,
000000007079817008,null,FERT,null,null,FG01,C,CDA DISPLAY THD WOODPRO-X CMB 156G/453G,EN,EA,,,null,UC,04,null,140274320414,,null,,,,null,null,1 EA,null,,,,,,null,null,null,null,null,null,,,122.400,95.140,LBR,24.000,24.000,48.500,INH,16.170,FTQ,,,null,null,1,null,null,null,null,null,0001,null,null,null,null,null,,,,null,,null,,0.000,null,0.0,0.000,null,null,0.0,null,01,null,null,null,null,null,0.000,null,0,0,null,0,null,null,null,null,null,null,null,null,0,null,null,null,0.000,0.0,null,0.000,null,0.000,0.000,null,,null,null,null,,,,null,null,null,null,null,null,null,null,null,null,null,null,null,null,null,,,,
000000007079817009,null,FERT,null,null,FG01,C,CDA DISPLAY THD PPATCH CMBO 207/946ML,EN,EA,,,null,UC,04,null,140174050543,,null,,,,null,null,1.00 EA,null,,,,,,null,null,null,null,null,null,,,115.000,90.000,LBR,24.000,24.000,48.500,INH,16.170,FTQ,,,null,null,1,null,null,null,null,null,0001,null,null,null,null,null,,,,null,,null,,0.000,null,0.0,0.000,null,null,0.0,null,01,null,null,null,null,null,0.000,null,0,0,null,0,null,null,null,null,null,null,null,null,0,null,null,null,0.000,0.0,null,0.000,null,0.000,0.000,null,,null,null,null,,,,null,null,null,null,null,null,null,null,null,null,null,null,null,null,null,,,,
000000007079817010,null,FERT,null,null,FG01,C,CDA DISPLAY COR PLATINUM PATCH COMBO,EN,EA,,,null,UC,04,null,140174050543,,null,,,,null,null,1.00 EA,null,,,,,,null,null,null,null,null,null,,,17.000,17.000,LBR,24.000,24.000,48.500,INH,16.170,FTQ,,,null,null,1,null,null,null,null,null,0001,null,null,null,null,null,,,,null,,null,,0.000,null,0.0,0.000,null,null,0.0,null,01,null,null,null,null,null,0.000,null,9999,1,B,0,null,null,null,null,null,null,null,null,0,null,null,null,0.000,0.0,null,0.000,null,0.000,0.000,null,,null,null,null,,,,null,null,null,null,null,null,null,null,null,null,null,null,null,null,null,,,,
000000007079817012,null,FERT,null,null,FG01,C,CDA DISPLAY THD MONO SILICONE PRO KB CMB,EN,EA,,,null,UC,02,null,120376000665,,null,,,,null,null,1.00 EA,null,,,,,,null,null,null,null,null,null,,,66.000,48.120,LBR,24.000,24.000,48.500,INH,16.170,FTQ,,,null,null,1,null,null,null,null,null,0001,null,null,null,null,null,,,,null,,null,,0.000,null,0.0,0.000,null,null,0.0,null,01,null,null,null,null,null,0.000,null,0,0,B,0,null,null,null,null,null,null,null,null,0,null,null,null,0.000,0.0,null,0.000,null,0.000,0.000,null,,null,null,null,,,,null,null,null,null,null,null,null,null,null,null,null,null,null,null,null,,,,
000000007079817013,null,FERT,null,null,FG01,C,CDA DISPLAY GEN ALEX PLUS PRO PK 108CS,EN,EA,,,null,UC,01,null,110271000101,,null,,,,null,null,1.00 EA,null,,,,,,null,null,null,null,null,null,,,1566.000,1391.000,LBR,24.000,24.000,41.000,INH,13.670,FTQ,,,null,null,1,null,null,null,null,null,0001,null,null,null,null,null,,,,null,,null,,0.000,null,0.0,0.000,null,null,0.0,null,01,null,null,null,null,null,0.000,null,365,1,B,0,null,null,null,null,null,null,null,null,0,null,null,null,0.000,0.0,null,0.000,null,0.000,0.000,null,,null,null,null,,,,null,null,null,null,null,null,null,null,null,null,null,null,null,null,null,,,,
000000007079817014,null,FERT,null,null,FG01,C,CDA DISPLAY THD DAP HOUSE WEATHERPROOF,EN,EA,,,null,UC,01,null,110171010102,,null,,,,null,null,1.00 EA,null,,,,,,null,null,null,null,null,null,,,178.000,133.000,LBR,24.000,24.000,41.000,INH,13.670,FTQ,,,null,null,1,null,null,null,null,null,0001,null,null,null,null,null,,,,null,,null,,0.000,null,0.0,0.000,null,null,0.0,null,01,null,null,null,null,null,0.000,null,365,1,B,0,null,null,null,null,null,null,null,null,0,null,null,null,0.000,0.0,null,0.000,null,0.000,0.000,null,,null,null,null,,,,null,null,null,null,null,null,null,null,null,null,null,null,null,null,null,,,,
000000007079817015,null,FERT,null,null,FG01,C,CDA DISPLAY GEN ALEX PLUS CNTR PK 30CS,EN,EA,,,null,IC,01,null,110271000101,,null,,,,null,null,1.00 EA,null,,,,,,null,null,null,null,null,null,,,455.000,386.400,LBR,24.000,24.000,41.000,INH,13.670,FTQ,,,null,null,null,null,null,null,null,null,0001,null,null,null,null,null,,,,null,,null,,0.000,null,0.0,0.000,null,null,0.0,null,01,null,null,null,null,null,0.000,null,365,1,B,0,null,null,null,null,null,null,null,null,0,null,null,null,0.000,0.0,null,0.000,null,0.000,0.000,null,,null,null,null,,,,null,null,null,null,null,null,null,null,null,null,null,null,null,null,null,,,,
000000007079817017,null,FERT,null,null,FG01,C,CDA DISPLAY GEN ALEX FAST DRY CNTR PK 30,EN,EA,,,null,IC,01,null,110271000116,,null,,,,null,null,1 EA,null,,,,,,null,null,null,null,null,null,,,442.500,393.900,LBR,24.000,24.000,41.000,INH,13.670,FTQ,,,null,null,null,null,null,null,null,null,0001,null,null,null,null,null,,,,null,,null,,0.000,null,0.0,0.000,null,null,0.0,null,01,null,null,null,null,null,0.000,null,365,1,B,0,null,null,null,null,null,null,null,null,0,null,null,null,0.000,0.0,null,0.000,null,0.000,0.000,null,,null,null,null,,,,null,null,null,null,null,null,null,null,null,null,null,null,null,null,null,,,,
000000007079817018,null,FERT,null,null,FG01,C,CDA DISPLAY THD PRO CAULK TOOL 12CS,EN,EA,,,70798748750,UC,01,null,110571930187,,null,,,,null,null,1 EA,null,,,,,,null,null,null,null,null,null,,,34.400,9.600,LBR,24.000,24.000,41.000,INH,13.670,FTQ,,,null,null,1,null,null,null,null,null,0001,null,null,null,null,null,,,,null,,null,,0.000,null,0.0,0.000,null,null,0.0,null,01,null,null,null,null,null,0.000,null,9999,1,B,0,null,null,null,null,null,null,null,null,0,null,null,null,0.000,0.0,null,0.000,null,0.000,0.000,null,,null,null,null,,,,null,null,null,null,null,null,null,null,null,null,null,null,null,null,null,,,,
000000007079817019,null,FERT,null,null,FG01,C,CDA DISPLAY THD RAPIDFUSE 10CS,EN,EA,,,null,UC,06,null,161073260846,,null,,,,null,null,1 EA,null,,,,,,null,null,null,null,null,null,,,35.000,3.200,LBR,24.000,24.000,41.000,INH,13.670,FTQ,,,null,null,1,null,null,null,null,null,0001,null,null,null,null,null,,,,null,,null,,0.000,null,0.0,0.000,null,null,0.0,null,01,null,null,null,null,null,0.000,null,365,1,B,0,null,null,null,null,null,null,null,null,0,null,null,null,0.000,0.0,null,0.000,null,0.000,0.000,null,,null,null,null,,,,null,null,null,null,null,null,null,null,null,null,null,null,null,null,null,,,,
000000007079817025,null,FERT,null,null,FG01,C,CDA DISPLAY GEN ECLIPSE PATCH 6CS 2EA SZ,EN,EA,,,70798170254,IC,04,null,140074900460,,null,,,,null,null,1 EA,null,,,,,,null,null,null,null,null,null,,,44.550,21.550,LBR,24.000,24.000,41.000,INH,13.670,FTQ,,,null,null,1,null,null,null,null,null,0001,null,null,null,null,null,,,,null,,null,,0.000,null,0.0,0.000,null,null,0.0,null,01,null,null,null,null,null,0.000,null,730,1,B,0,null,null,null,null,null,null,null,null,0,null,null,null,0.000,0.0,null,0.000,null,0.000,0.000,null,,null,null,null,,,,null,null,null,null,null,null,null,null,null,null,null,null,null,null,null,,,,
000000007079817026,null,FERT,null,null,FG01,C,CDA DISPLAY THD DYNAFLEX ULTRA WHT 8CS,EN,EA,,,null,IC,01,null,110171010112,,null,,,,null,null,1 EA,null,,,,,,null,null,null,null,null,null,,,91.000,82.960,LBR,24.000,24.000,41.000,INH,13.670,FTQ,,,null,null,1,null,null,null,null,null,0001,null,null,null,null,null,,,,null,,null,,0.000,null,0.0,0.000,null,null,0.0,null,01,null,null,null,null,null,0.000,null,365,1,B,0,null,null,null,null,null,null,null,null,0,null,null,null,0.000,0.0,null,0.000,null,0.000,0.000,null,,null,null,null,,,,null,null,null,null,null,null,null,null,null,null,null,null,null,null,null,,,,
000000007079817027,null,FERT,null,null,FG01,C,CDA DISPLAY THD HVAC CLR/ALUM CMB,EN,EA,,,null,UC,02,null,120472200207,,null,,,,null,null,1 EA,null,,,,,,null,null,null,null,null,null,,,78.360,60.400,LBR,24.000,24.000,41.000,INH,13.670,FTQ,,,null,null,1,null,null,null,null,null,0001,null,null,null,null,null,,,,null,,null,,0.000,null,0.0,0.000,null,null,0.0,null,01,null,null,null,null,null,0.000,null,730,1,B,0,null,null,null,null,null,null,null,null,0,null,null,null,0.000,0.0,null,0.000,null,0.000,0.000,null,,null,null,null,,,,null,null,null,null,null,null,null,null,null,null,null,null,null,null,null,,,,
000000007079817028,null,FERT,null,null,FG01,C,CDA (D) DISPLAY THD DRAFT_HVAC_DYNAFLEX,EN,EA,,,null,UC,01,null,110171010102,,null,,,,null,null,1 EA,null,,,,,,null,null,null,null,null,null,,,150.000,124.320,LBR,24.000,24.000,41.000,INH,13.670,FTQ,,,null,null,1,null,null,null,null,null,0001,null,null,null,null,null,,,,null,,null,,0.000,null,0.0,0.000,null,null,0.0,null,01,null,null,null,null,null,0.000,null,365,1,B,0,null,null,null,null,null,null,null,null,0,null,null,null,0.000,0.0,null,0.000,null,0.000,0.000,null,,null,null,null,,,,null,null,null,null,null,null,null,null,null,null,null,null,null,null,null,,,,
000000007079817029,null,FERT,null,null,FG01,C,CDA DISPLAY THD MONO SILICONE MAX CMB 8C,EN,EA,,,null,UC,02,null,120376000663,,null,,,,null,null,1 EA,null,,,,,,null,null,null,null,null,null,,,82.000,61.760,LBR,24.000,24.000,41.000,INH,13.670,FTQ,,,null,null,1,null,null,null,null,null,0001,null,null,null,null,null,,,,null,,null,,0.000,null,0.0,0.000,null,null,0.0,null,01,null,null,null,null,null,0.000,null,730,1,B,0,null,null,null,null,null,null,null,null,0,null,null,null,0.000,0.0,null,0.000,null,0.000,0.000,null,,null,null,null,,,,null,null,null,null,null,null,null,null,null,null,null,null,null,null,null,,,,
000000007079817030,null,FERT,null,null,FG01,C,CDA DISPLAY GEN ULTRA CLEAR 147ML 8CS,EN,EA,,,null,IC,02,null,110471640126,,null,,,,null,null,1 EA,null,,,,,,null,null,null,null,null,null,,,82.000,61.760,LBR,24.000,24.000,41.000,INH,13.670,FTQ,,,null,null,1,null,null,null,null,null,0001,null,null,null,null,null,,,,null,,null,,0.000,null,0.0,0.000,null,null,0.0,null,01,null,null,null,null,null,0.000,null,0,0,B,0,null,null,null,null,null,null,null,null,0,null,null,null,0.000,0.0,null,0.000,null,0.000,0.000,null,,null,null,null,,,,null,null,null,null,null,null,null,null,null,null,null,null,null,null,null,,,,
000000007079817031,null,FERT,null,null,FG01,C,CDA FAST N FINAL KNIFECAP & 237ML DISPLY,EN,EA,,,70798170315,IC,04,null,140174040402,,null,,,,null,null,1 EA,null,,,,,,NORM,null,null,null,null,null,,,82.000,61.760,LBR,24.000,24.000,41.000,INH,13.670,FTQ,,,null,null,1,null,null,null,null,null,0001,null,null,null,null,null,,,,null,,null,,0.000,null,0.0,0.000,null,null,0.0,null,01,null,null,null,null,null,0.000,null,0,0,null,0,null,null,null,null,null,null,null,null,0,null,null,null,0.000,0.0,null,0.000,null,0.000,0.000,null,,null,null,null,,,,null,null,null,null,null,null,null,null,null,null,null,null,null,null,null,,,,
000000007079817032,null,FERT,null,null,FG01,C,CDA DISPLAY (P) ECLIPSE QP COMBO 24CS LW,EN,EA,,,null,IC,04,null,140074900460,,null,,,,null,null,1 EA,null,,,,,,NORM,null,null,null,null,null,,,12.500,12.500,LBR,24.000,24.000,41.000,INH,13.000,FTQ,,,null,null,1,null,null,null,null,null,0001,null,null,null,null,null,,,,null,,null,,0.000,null,0.0,0.000,null,null,0.0,null,01,null,null,null,null,null,0.000,null,730,1,B,0,null,null,null,null,null,null,null,null,0,null,null,null,0.000,0.0,null,0.000,null,0.000,0.000,null,,null,null,null,,,,null,null,null,null,null,null,null,null,null,null,null,null,null,null,null,,,,
000000007079817034,null,FERT,null,null,FG01,C,CDA DISPLAY GEN MOUSE SHLD 340G 6PK 32CS,EN,EA,,,null,IC,07,null,170380011009,,null,,,,null,null,1 EA,null,,,,,,NORM,null,null,null,null,null,,,193.920,193.920,LBR,24.000,24.000,41.000,INH,13.000,FTQ,,,null,null,1,null,null,null,null,null,0001,null,null,null,null,null,,,,null,,null,,0.000,null,0.0,0.000,null,null,0.0,null,01,null,null,null,null,null,0.000,null,730,1,B,0,null,null,null,null,null,null,null,null,0,null,null,null,0.000,0.0,null,0.000,null,0.000,0.000,null,,null,null,null,,,,null,null,null,null,null,null,null,null,null,null,null,null,null,null,null,,,,
000000007079817035,null,FERT,null,null,FG01,C,CDA DISPLAY GEN HOMESEAL 340G 12PK 16CS,EN,EA,,,null,IC,07,null,170380011002,,null,,,,null,null,1 EA,null,,,,,,NORM,null,null,null,null,null,,,205.920,205.920,LBR,24.000,24.000,41.000,INH,13.000,FTQ,,,null,null,1,null,null,null,null,null,0001,null,null,null,null,null,,,,null,,null,,0.000,null,0.0,0.000,null,null,0.0,null,01,null,null,null,null,null,0.000,null,730,1,B,0,null,null,null,null,null,null,null,null,0,null,null,null,0.000,0.0,null,0.000,null,0.000,0.000,null,,null,null,null,,,,null,null,null,null,null,null,null,null,null,null,null,null,null,null,null,,,,
000000007079817036,null,FERT,null,null,FG01,C,CDA DISPLAY GEN MAX FILL 340G 12PK 16CS,EN,EA,,,null,IC,07,null,170380011003,,null,,,,null,null,1 EA,null,,,,,,NORM,null,null,null,null,null,,,205.920,205.920,LBR,24.000,24.000,41.000,INH,13.000,FTQ,,,null,null,1,null,null,null,null,null,0001,null,null,null,null,null,,,,null,,null,,0.000,null,0.0,0.000,null,null,0.0,null,01,null,null,null,null,null,0.000,null,730,1,B,0,null,null,null,null,null,null,null,null,0,null,null,null,0.000,0.0,null,0.000,null,0.000,0.000,null,,null,null,null,,,,null,null,null,null,null,null,null,null,null,null,null,null,null,null,null,,,,
000000007079817037,null,FERT,null,null,FG01,C,CDA DISPLAY GEN NO WARP 340G 12PK 16CS,EN,EA,,,null,IC,07,null,170380011001,,null,,,,null,null,1 EA,null,,,,,,NORM,null,null,null,null,null,,,205.920,205.920,LBR,24.000,24.000,41.000,INH,13.000,FTQ,,,null,null,1,null,null,null,null,null,0001,null,null,null,null,null,,,,null,,null,,0.000,null,0.0,0.000,null,null,0.0,null,01,null,null,null,null,null,0.000,null,730,1,B,0,null,null,null,null,null,null,null,null,0,null,null,null,0.000,0.0,null,0.000,null,0.000,0.000,null,,null,null,null,,,,null,null,null,null,null,null,null,null,null,null,null,null,null,null,null,,,,
000000007079817053,null,FERT,null,null,FG01,C,CDA DISPLAY THD ALEX ULTRA WH 8CS,EN,EA,,,70798170537,UC,01,null,110271000171,,null,,,,null,null,1.00 EA,null,,,,,,NORM,null,null,null,null,null,,,84.560,73.760,LBR,24.000,24.000,48.500,INH,16.170,FTQ,,,null,null,1,null,null,null,null,null,0001,null,null,null,null,null,,,,null,,null,,0.000,null,0.0,0.000,null,null,0.0,null,01,null,null,null,null,null,0.000,null,365,1,B,0,null,null,null,null,null,null,null,null,0,null,null,null,0.000,0.0,null,0.000,null,0.000,0.000,null,,null,null,null,,,,null,null,null,null,null,null,null,null,null,null,null,null,null,null,null,,,,
000000007079817054,null,FERT,null,null,FG01,C,CDA DISPLAY GEN ALEX ULTRA WH 8CS,EN,EA,,,70798170544,UC,01,null,110271000171,,null,,,,null,null,1.00 EA,null,,,,,,NORM,null,null,null,null,null,,,84.560,73.760,LBR,24.000,24.000,48.500,INH,16.170,FTQ,,,null,null,1,null,null,null,null,null,0001,null,null,null,null,null,,,,null,,null,,0.000,null,0.0,0.000,null,null,0.0,null,01,null,null,null,null,null,0.000,null,365,1,B,0,null,null,null,null,null,null,null,null,0,null,null,null,0.000,0.0,null,0.000,null,0.000,0.000,null,,null,null,null,,,,null,null,null,null,null,null,null,null,null,null,null,null,null,null,null,,,,
000000007079817055,null,FERT,null,null,FG01,C,CDA DISPLAY GEN ASST FOAM 340G 20CS QP,EN,EA,,,null,IC,07,null,170380031050,,null,,,,null,null,1 EA,null,,,,,,NORM,null,null,null,null,null,,,187.000,177.200,LBR,24.000,24.000,41.000,INH,13.000,FTQ,,,null,null,1,null,null,null,null,null,0001,null,null,null,null,null,,,,null,,null,,0.000,null,0.0,0.000,null,null,0.0,null,01,null,null,null,null,null,0.000,null,730,1,B,0,null,null,null,null,null,null,null,null,0,null,null,null,0.000,0.0,null,0.000,null,0.000,0.000,null,,null,null,null,,,,null,null,null,null,null,null,null,null,null,null,null,null,null,null,null,,,,
000000007079817056,null,FERT,null,null,FG01,C,CDA DISPLAY THD EXTREME STRETCH WHT 8CS,EN,EA,,,null,IC,01,null,110171090106,,null,,,,null,null,1 EA,null,,,,,,NORM,null,null,null,null,null,,,101.200,95.200,LBR,24.000,24.000,41.000,INH,13.000,FTQ,,,null,null,null,null,null,null,null,null,0001,null,null,null,null,null,,,,null,,null,,0.000,null,0.0,0.000,null,null,0.0,null,01,null,null,null,null,null,0.000,null,0,0,B,0,null,null,null,null,null,null,null,null,0,null,null,null,0.000,0.0,null,0.000,null,0.000,0.000,null,,null,null,null,,,,null,null,null,null,null,null,null,null,null,null,null,null,null,null,null,,,,
000000007079817057,null,FERT,null,null,FG01,C,CDA DISPLAY GEN EXTREME STRETCH WHT 8CS,EN,EA,,,null,IC,01,null,110171090106,,null,,,,null,null,1 EA,null,,,,,,NORM,null,null,null,null,null,,,101.200,95.200,LBR,24.000,24.000,41.000,INH,13.000,FTQ,,,null,null,null,null,null,null,null,null,0001,null,null,null,null,null,,,,null,,null,,0.000,null,0.0,0.000,null,null,0.0,null,01,null,null,null,null,null,0.000,null,0,0,B,0,null,null,null,null,null,null,null,null,0,null,null,null,0.000,0.0,null,0.000,null,0.000,0.000,null,,null,null,null,,,,null,null,null,null,null,null,null,null,null,null,null,null,null,null,null,,,,
000000007079817059,null,FERT,null,null,FG01,C,CDA DISPLAY GEN ALEX FLEX 8CS,EN,EA,,,null,IC,01,null,110271000119,,null,,,,null,null,1.00 EA,null,,,,,,NORM,null,null,null,null,null,,,84.560,73.760,LBR,24.000,24.000,48.500,INH,16.170,FTQ,,,null,null,1,null,null,null,null,null,0001,null,null,null,null,null,,,,null,,null,,0.000,null,0.0,0.000,null,null,0.0,null,01,null,null,null,null,null,0.000,null,365,1,B,0,null,null,null,null,null,null,null,null,0,null,null,null,0.000,0.0,null,0.000,null,0.000,0.000,null,,null,null,null,,,,null,null,null,null,null,null,null,null,null,null,null,null,null,null,null,,,,
000000007079817060,null,FERT,null,null,FG01,C,CDA DISPLAY GEN ALEX FAST DRY 300ML 8CS,EN,EA,,,null,IC,01,null,110271000116,,null,,,,null,null,1.00 EA,null,,,,,,NORM,null,null,null,null,null,,,84.560,73.760,LBR,24.000,24.000,48.500,INH,16.170,FTQ,,,null,null,1,null,null,null,null,null,0001,null,null,null,null,null,,,,null,,null,,0.000,null,0.0,0.000,null,null,0.0,null,01,null,null,null,null,null,0.000,null,9999,1,B,0,null,null,null,null,null,null,null,null,0,null,null,null,0.000,0.0,null,0.000,null,0.000,0.000,null,,null,null,null,,,,null,null,null,null,null,null,null,null,null,null,null,null,null,null,null,,,,
000000007079817061,null,FERT,null,null,FG01,C,CDA DISPLAY GEN ALEX PLUS WHT 8CS,EN,EA,,,null,IC,01,null,110271000101,,null,,,,null,null,1.00 EA,null,,,,,,NORM,null,null,null,null,null,,,84.560,73.760,LBR,24.000,24.000,48.500,INH,16.170,FTQ,,,null,null,1,null,null,null,null,null,0001,null,null,null,null,null,,,,null,,null,,0.000,null,0.0,0.000,null,null,0.0,null,01,null,null,null,null,null,0.000,null,9999,1,B,0,null,null,null,null,null,null,null,null,0,null,null,null,0.000,0.0,null,0.000,null,0.000,0.000,null,,null,null,null,,,,null,null,null,null,null,null,null,null,null,null,null,null,null,null,null,,,,
000000007079817062,null,FERT,null,null,FG01,C,CDA DISPLAY GEN ALEX PLUS SPKLG 946ML 8C,EN,EA,,,null,IC,01,null,110271000101,,null,,,,null,null,1.00 EA,null,,,,,,NORM,null,null,null,null,null,,,84.560,73.760,LBR,24.000,24.000,48.500,INH,16.170,FTQ,,,null,null,1,null,null,null,null,null,0001,null,null,null,null,null,,,,null,,null,,0.000,null,0.0,0.000,null,null,0.0,null,01,null,null,null,null,null,0.000,null,9999,1,B,0,null,null,null,null,null,null,null,null,0,null,null,null,0.000,0.0,null,0.000,null,0.000,0.000,null,,null,null,null,,,,null,null,null,null,null,null,null,null,null,null,null,null,null,null,null,,,,
000000007079817063,null,FERT,null,null,FG01,C,CDA DISPLAY GEN WOODPRO-X CMB 156G/453G,EN,EA,,,null,IC,04,7079817008,140274320414,,null,,,,null,null,1 EA,null,,,,,,NORM,null,null,null,null,null,,,122.400,95.140,LBR,24.000,24.000,48.500,INH,16.170,FTQ,,,null,null,1,null,null,null,null,null,0001,null,null,null,null,null,,,,null,,null,,0.000,null,0.0,0.000,null,null,0.0,null,01,null,null,null,null,null,0.000,null,0,0,B,0,null,null,null,null,null,null,null,null,0,null,null,null,0.000,0.0,null,0.000,null,0.000,0.000,null,,null,null,null,,,,null,null,null,null,null,null,null,null,null,null,null,null,null,null,null,,,,
000000007079817064,null,FERT,null,null,FG01,C,DISPLAY CDA GEN PLATINUM PATCH COMBO,EN,EA,,,null,IC,04,7079817010,140174050543,,null,,,,null,null,1.00 EA,null,,,,,,NORM,null,null,null,null,null,,,17.000,17.000,LBR,24.000,24.000,48.500,INH,16.170,FTQ,,,null,null,1,null,null,null,null,null,0001,null,null,null,null,null,,,,null,,null,,0.000,null,0.0,0.000,null,null,0.0,null,01,null,null,null,null,null,0.000,null,0,0,B,0,null,null,null,null,null,null,null,null,0,null,null,null,0.000,0.0,null,0.000,null,0.000,0.000,null,,null,null,null,,,,null,null,null,null,null,null,null,null,null,null,null,null,null,null,null,,,,
000000007079817065,null,FERT,null,null,FG01,C,CDA DISPLAY GEN PRO CAULK TOOL 12CS,EN,EA,,,null,IC,01,null,110571930187,,null,,,,null,null,1 EA,null,,,,,,NORM,null,null,null,null,null,,,34.400,9.600,LBR,24.000,24.000,41.000,INH,13.670,FTQ,,,null,null,1,null,null,null,null,null,0001,null,null,null,null,null,,,,null,,null,,0.000,null,0.0,0.000,null,null,0.0,null,01,null,null,null,null,null,0.000,null,9999,1,B,0,null,null,null,null,null,null,null,null,0,null,null,null,0.000,0.0,null,0.000,null,0.000,0.000,null,,null,null,null,,,,null,null,null,null,null,null,null,null,null,null,null,null,null,null,null,,,,
000000007079817066,null,FERT,null,null,FG01,C,CDA DISPLAY GEN DRYDEX REPAIR KIT 9CS,EN,EA,,,null,IC,04,null,140174030405,,null,,,,null,null,1.00 EA,null,,,,,,NORM,null,null,null,null,null,,,79.250,52.380,LBR,24.000,24.000,48.500,INH,16.170,FTQ,,,null,null,1,null,null,null,null,null,0001,null,null,null,null,null,,,,null,,null,,0.000,null,0.0,0.000,null,null,0.0,null,01,null,null,null,null,null,0.000,null,365,1,B,0,null,null,null,null,null,null,null,null,0,null,null,null,0.000,0.0,null,0.000,null,0.000,0.000,null,,null,null,null,,,,null,null,null,null,null,null,null,null,null,null,null,null,null,null,null,,,,
000000007079817067,null,FERT,null,null,FG01,C,CDA DISPLAY GEN DRYDEX SPACKL 946ML 8CS,EN,EA,,,70798711648,IC,04,null,140174030405,,null,,,,null,null,1.00 EA,null,,,,,,NORM,null,null,null,null,null,,,210.000,187.440,LBR,21.000,22.000,48.500,INH,12.970,FTQ,,,null,null,1,null,null,null,null,null,0001,null,null,null,null,null,,,,null,,null,,0.000,null,0.0,0.000,null,null,0.0,null,01,null,null,null,null,null,0.000,null,9999,1,B,0,null,null,null,null,null,null,null,null,0,null,null,null,0.000,0.0,null,0.000,null,0.000,0.000,null,,null,null,null,,,,null,null,null,null,null,null,null,null,null,null,null,null,null,null,null,,,,
000000007079817068,null,FERT,null,null,FG01,C,CDA DISPLAY GEN BARRIER 340G 16CS,EN,EA,,,null,IC,01,null,170380031051,,null,,,,null,null,1 EA,null,,,,,,NORM,null,null,null,null,null,,,226.000,220.000,LBR,24.000,24.000,41.000,INH,13.670,FTQ,,,null,null,1,null,null,null,null,null,0001,null,null,null,null,null,,,,null,,null,,0.000,null,0.0,0.000,null,null,0.0,null,01,null,null,null,null,null,0.000,null,0,0,null,0,null,null,null,null,null,null,null,null,0,null,null,null,0.000,0.0,null,0.000,null,0.000,0.000,null,,null,null,null,,,,null,null,null,null,null,null,null,null,null,null,null,null,null,null,null,,,,
000000007079817069,null,FERT,null,null,FG01,C,CDA DISPLAY GEN ASST FOAM 454G 12CS,EN,EA,,,null,IC,01,null,170380011009,,null,,,,null,null,1 EA,null,,,,,,NORM,null,null,null,null,null,,,203.000,197.000,LBR,24.000,24.000,41.000,INH,13.670,FTQ,,,null,null,1,null,null,null,null,null,0001,null,null,null,null,null,,,,null,,null,,0.000,null,0.0,0.000,null,null,0.0,null,01,null,null,null,null,null,0.000,null,9999,1,B,0,null,null,null,null,null,null,null,null,0,null,null,null,0.000,0.0,null,0.000,null,0.000,0.000,null,,null,null,null,,,,null,null,null,null,null,null,null,null,null,null,null,null,null,null,null,,,,
000000007079817070,null,FERT,null,null,FG01,C,CDA DISPLAY GEN MOUSE 454G 12CS,EN,EA,,,null,IC,01,null,170380011009,,null,,,,null,null,1 EA,null,,,,,,NORM,null,null,null,null,null,,,203.000,197.000,LBR,24.000,24.000,41.000,INH,13.670,FTQ,,,null,null,1,null,null,null,null,null,0001,null,null,null,null,null,,,,null,,null,,0.000,null,0.0,0.000,null,null,0.0,null,01,null,null,null,null,null,0.000,null,0,0,null,0,null,null,null,null,null,null,null,null,0,null,null,null,0.000,0.0,null,0.000,null,0.000,0.000,null,,null,null,null,,,,null,null,null,null,null,null,null,null,null,null,null,null,null,null,null,,,,
000000007079817071,null,FERT,null,null,FG01,C,CDA DISPLAY GEN HOME SL 454G 12CS,EN,EA,,,null,IC,01,null,170380011009,,null,,,,null,null,1 EA,null,,,,,,NORM,null,null,null,null,null,,,203.000,197.000,LBR,24.000,24.000,41.000,INH,13.670,FTQ,,,null,null,1,null,null,null,null,null,0001,null,null,null,null,null,,,,null,,null,,0.000,null,0.0,0.000,null,null,0.0,null,01,null,null,null,null,null,0.000,null,0,0,null,0,null,null,null,null,null,null,null,null,0,null,null,null,0.000,0.0,null,0.000,null,0.000,0.000,null,,null,null,null,,,,null,null,null,null,null,null,null,null,null,null,null,null,null,null,null,,,,
000000007079817072,null,FERT,null,null,FG01,C,CDA DISPLAY GEN MAX FILL 454G 12CS,EN,EA,,,null,IC,01,null,170380011009,,null,,,,null,null,1 EA,null,,,,,,NORM,null,null,null,null,null,,,203.000,197.000,LBR,24.000,24.000,41.000,INH,13.670,FTQ,,,null,null,1,null,null,null,null,null,0001,null,null,null,null,null,,,,null,,null,,0.000,null,0.0,0.000,null,null,0.0,null,01,null,null,null,null,null,0.000,null,0,0,null,0,null,null,null,null,null,null,null,null,0,null,null,null,0.000,0.0,null,0.000,null,0.000,0.000,null,,null,null,null,,,,null,null,null,null,null,null,null,null,null,null,null,null,null,null,null,,,,
000000007079817073,null,FERT,null,null,FG01,C,CDA DISPLAY GEN NO WARP 454G 12CS,EN,EA,,,null,IC,01,null,170380011009,,null,,,,null,null,1 EA,null,,,,,,NORM,null,null,null,null,null,,,203.000,197.000,LBR,24.000,24.000,41.000,INH,13.670,FTQ,,,null,null,1,null,null,null,null,null,0001,null,null,null,null,null,,,,null,,null,,0.000,null,0.0,0.000,null,null,0.0,null,01,null,null,null,null,null,0.000,null,0,0,null,0,null,null,null,null,null,null,null,null,0,null,null,null,0.000,0.0,null,0.000,null,0.000,0.000,null,,null,null,null,,,,null,null,null,null,null,null,null,null,null,null,null,null,null,null,null,,,,
000000007079817074,null,FERT,null,null,FG01,C,CDA DISPLAY GEN KWIK SEAL ULTRA WH 8 CS,EN,EA,,,null,IC,01,null,110371500118,,null,,,,null,null,1 EA,null,,,,,,NORM,null,null,null,null,null,,,85.000,79.000,LBR,24.000,24.000,48.000,INH,16.000,FTQ,,,null,null,1,null,null,null,null,null,0001,null,null,null,null,null,,,,null,,null,,0.000,null,0.0,0.000,null,null,0.0,null,01,null,null,null,null,null,0.000,null,0,0,B,0,null,null,null,null,null,null,null,null,0,null,null,null,0.000,0.0,null,0.000,null,0.000,0.000,null,,null,null,null,,,,null,null,null,null,null,null,null,null,null,null,null,null,null,null,null,,,,
000000007079817075,null,FERT,null,null,FG01,C,CDA DISPLAY GEN KWIK SEAL ULTR CLR 8CS,EN,EA,,,null,IC,01,null,110371500118,,null,,,,null,null,1 EA,null,,,,,,NORM,null,null,null,null,null,,,85.000,79.000,LBR,24.000,24.000,48.000,INH,0.450,FTQ,,,null,null,1,null,null,null,null,null,0001,null,null,null,null,null,,,,null,,null,,0.000,null,0.0,0.000,null,null,0.0,null,01,null,null,null,null,null,0.000,null,0,0,null,0,null,null,null,null,null,null,null,null,0,null,null,null,0.000,0.0,null,0.000,null,0.000,0.000,null,,null,null,null,,,,null,null,null,null,null,null,null,null,null,null,null,null,null,null,null,,,,
000000007079817076,null,FERT,null,null,FG01,C,CDA DISPLAY GEN KWIK SEAL COMBO 8CS,EN,EA,,,null,IC,01,null,110371500118,,null,,,,null,null,1 EA,null,,,,,,NORM,null,null,null,null,null,,,85.000,79.000,LBR,24.000,24.000,48.000,INH,0.450,FTQ,,,null,null,1,null,null,null,null,null,0001,null,null,null,null,null,,,,null,,null,,0.000,null,0.0,0.000,null,null,0.0,null,01,null,null,null,null,null,0.000,null,0,0,null,0,null,null,null,null,null,null,null,null,0,null,null,null,0.000,0.0,null,0.000,null,0.000,0.000,null,,null,null,null,,,,null,null,null,null,null,null,null,null,null,null,null,null,null,null,null,,,,
000000007079817077,null,FERT,null,null,FG01,C,CDA DISPLAY GEN DYNAFLEX ULTRA WHT 8 CS,EN,EA,,,null,IC,01,null,110171010112,,null,,,,null,null,1 EA,null,,,,,,NORM,null,null,null,null,null,,,102.000,96.000,LBR,24.000,24.000,48.000,INH,0.450,FTQ,,,null,null,1,null,null,null,null,null,0001,null,null,null,null,null,,,,null,,null,,0.000,null,0.0,0.000,null,null,0.0,null,01,null,null,null,null,null,0.000,null,0,0,B,0,null,null,null,null,null,null,null,null,0,null,null,null,0.000,0.0,null,0.000,null,0.000,0.000,null,,null,null,null,,,,null,null,null,null,null,null,null,null,null,null,null,null,null,null,null,,,,
000000007079817078,null,FERT,null,null,FG01,C,CDA DISPLAY GEN SILICONE ULTRA WD CMB WH,EN,EA,,,null,IC,01,null,120172100220,,null,,,,null,null,1 EA,null,,,,,,NORM,null,null,null,null,null,,,85.000,79.000,LBR,24.000,24.000,48.000,INH,0.450,FTQ,,,null,null,1,null,null,null,null,null,0001,null,null,null,null,null,,,,null,,null,,0.000,null,0.0,0.000,null,null,0.0,null,01,null,null,null,null,null,0.000,null,0,0,B,0,null,null,null,null,null,null,null,null,0,null,null,null,0.000,0.0,null,0.000,null,0.000,0.000,null,,null,null,null,,,,null,null,null,null,null,null,null,null,null,null,null,null,null,null,null,,,,
000000007079817079,null,FERT,null,null,FG01,C,CDA DISPLAY THD D230 CMB WHT/CLR 8CS,EN,EA,,,null,IC,01,null,120172100220,,null,,,,null,null,1 EA,null,,,,,,NORM,null,null,null,null,null,,,85.000,79.000,LBR,24.000,24.000,48.000,INH,0.450,FTQ,,,null,null,1,null,null,null,null,null,0001,null,null,null,null,null,,,,null,,null,,0.000,null,0.0,0.000,null,null,0.0,null,01,null,null,null,null,null,0.000,null,0,0,B,0,null,null,null,null,null,null,null,null,0,null,null,null,0.000,0.0,null,0.000,null,0.000,0.000,null,,null,null,null,,,,null,null,null,null,null,null,null,null,null,null,null,null,null,null,null,,,,
000000007079817080,null,FERT,null,null,FG01,C,CDA DISPLAY GEN DAP HOUSE WTHRPRF 12CS,EN,EA,,,null,IC,01,null,110171010102,,null,,,,null,null,1 EA,null,,,,,,null,null,null,null,null,null,,,164.000,158.000,LBR,24.000,24.000,48.000,INH,0.450,FTQ,,,null,null,null,null,null,null,null,null,0001,null,null,null,null,null,,,,null,,null,,0.000,null,0.0,0.000,null,null,0.0,null,01,null,null,null,null,null,0.000,null,9999,1,B,0,null,null,null,null,null,null,null,null,0,null,null,null,0.000,0.0,null,0.000,null,0.000,0.000,null,,null,null,null,,,,null,null,null,null,null,null,null,null,null,null,null,null,null,null,null,,,,
000000007079817081,null,FERT,null,null,FG01,C,CDA DISPLAY COR DRYDEX 237ML 24CS,EN,EA,,,null,IC,04,null,140174030405,,null,,,,null,null,1 EA,null,,,,,,null,null,null,null,null,null,,,17.000,17.000,LBR,24.000,24.000,48.000,INH,2.000,FTQ,,,null,null,1,null,null,null,null,null,0001,null,null,null,null,null,,,,null,,null,,0.000,null,0.0,0.000,null,null,0.0,null,01,null,null,null,null,null,0.000,null,0,0,B,0,null,null,null,null,null,null,null,null,0,null,null,null,0.000,0.0,null,0.000,null,0.000,0.000,null,,null,null,null,,,,null,null,null,null,null,null,null,null,null,null,null,null,null,null,null,,,,
000000007079817082,null,FERT,null,null,FG01,C,CDA DISPLAY THD ULTRA CLEAR CMB 8CS,EN,EA,,,70798170827,IC,01,null,110471640126,,null,,,,null,null,1.00 EA,null,,,,,,NORM,null,null,null,null,null,,,65.600,46.000,LBR,24.000,24.000,48.000,INH,0.100,FTQ,,,null,null,null,null,null,null,null,null,0001,null,null,null,null,null,,,,null,,null,,0.000,null,0.0,0.000,null,null,0.0,null,01,null,null,null,null,null,0.000,null,365,1,B,0,null,null,null,null,null,null,null,null,0,null,null,null,0.000,0.0,null,0.000,null,0.000,0.000,null,,null,null,null,,,,null,null,null,null,null,null,null,null,null,null,null,null,null,null,null,,,,
000000007079817100,null,FERT,null,null,FG02,C,CDA RM CONCRETE PATCH 946ML,EN,EA,,,70798171008,IC,04,null,140074520434,,null,,,,null,null,946 ML,null,,,,,,NORM,null,null,null,null,null,,,4.180,3.930,LBR,15.000,10.000,5.250,INH,0.080,FTQ,,,null,null,1,null,null,null,null,null,0001,null,null,null,null,null,,,,null,,null,,0.000,null,0.0,0.000,null,null,0.0,null,01,null,null,null,null,null,0.000,null,365,1,null,0,null,null,null,null,null,null,null,null,0,null,null,null,0.000,0.0,null,0.000,null,0.000,0.000,null,,null,null,null,,,,null,null,null,null,null,null,null,null,null,null,null,null,null,null,null,,,,
000000007079817150,null,FERT,null,null,FG02,C,CDA RM CONCRETE PATCH 3.8L,EN,EA,,,70798171503,IC,04,null,140074520434,,null,,,,null,null,3.78 L,null,,,,,,NORM,null,null,null,null,null,,,16.510,15.700,LBR,16.000,8.000,8.250,INH,0.310,FTQ,,,null,null,1,null,null,null,null,null,0001,null,null,null,null,null,,,,null,,null,,0.000,null,0.0,0.000,null,null,0.0,null,01,null,null,null,null,null,0.000,null,365,1,B,0,null,null,null,null,null,null,null,null,0,null,null,null,0.000,0.0,null,0.000,null,0.000,0.000,null,,null,null,null,,,,null,null,null,null,null,null,null,null,null,null,null,null,null,null,null,,,,
000000007079817360,null,FERT,null,null,FG01,C,CDA DISPLAY COR DRYDEX 946ML 8CS,EN,EA,,,null,IC,04,null,140174030405,,null,,,,null,null,1.00 EA,null,,,,,,NORM,null,null,null,null,null,,,17.000,17.000,LBR,24.000,24.000,48.500,INH,16.170,FTQ,,,null,null,1,null,null,null,null,null,0001,null,null,null,null,null,,,,null,,null,,0.000,null,0.0,0.000,null,null,0.0,null,01,null,null,null,null,null,0.000,null,365,1,B,0,null,null,null,null,null,null,null,null,0,null,null,null,0.000,0.0,null,0.000,null,0.000,0.000,null,,null,null,null,,,,null,null,null,null,null,null,null,null,null,null,null,null,null,null,null,,,,
000000007079817365,null,FERT,null,null,FG01,C,DISPLAY CDA MONO SILIC MAX TWIN PK 8CS,EN,EA,,,null,IC,02,null,120172070216,,null,,,,null,null,1.00 EA,null,,,,,,NORM,null,null,null,null,null,,,17.000,17.000,LBR,24.000,24.000,48.500,INH,16.170,FTQ,,,null,null,1,null,null,null,null,null,0001,null,null,null,null,null,,,,null,,null,,0.000,null,0.0,0.000,null,null,0.0,null,01,null,null,null,null,null,0.000,null,546,1,B,0,null,null,null,null,null,null,null,null,0,null,null,null,0.000,0.0,null,0.000,null,0.000,0.000,null,,null,null,null,,,,null,null,null,null,null,null,null,null,null,null,null,null,null,null,null,,,,
000000007079817366,null,FERT,null,null,FG01,C,DISPLAY CDA FAST N FINAL 946ML 8-12 CS,EN,EA,,,null,UC,04,null,140174040402,,null,,,,null,null,1.00 EA,null,,,,,,NORM,null,null,null,null,null,,,17.000,17.000,LBR,24.000,24.000,48.500,INH,16.170,FTQ,,,null,null,1,null,null,null,null,null,0001,null,null,null,null,null,,,,null,,null,,0.000,null,0.0,0.000,null,null,0.0,null,01,null,null,null,null,null,0.000,null,365,1,B,0,null,null,null,null,null,null,null,null,0,null,null,null,0.000,0.0,null,0.000,null,0.000,0.000,null,,null,null,null,,,,null,null,null,null,null,null,null,null,null,null,null,null,null,null,null,,,,
000000007079817367,null,FERT,null,null,FG01,C,CDA DISPLAY GEN DRAFT ATTACK 300ML 8CS,EN,EA,,,70798705258,IC,01,null,110471670130,,null,,,,null,null,1.00 EA,null,,,,,,null,null,null,null,null,null,,,123.400,123.400,LBR,24.000,24.000,48.500,INH,16.170,FTQ,,,null,null,1,null,null,null,null,null,0001,null,null,null,null,null,,,,null,,null,,0.000,null,0.0,0.000,null,null,0.0,null,01,null,null,null,null,null,0.000,null,546,1,B,0,null,null,null,null,null,null,null,null,0,null,null,null,0.000,0.0,null,0.000,null,0.000,0.000,null,,null,null,null,,,,null,null,null,null,null,null,null,null,null,null,null,null,null,null,null,,,,
000000007079817733,null,FERT,null,null,FG01,C,CDA DISPLAY THD ALEX FLEX 8CS,EN,EA,,,70798177338,IC,01,null,110271000119,,null,,,,null,null,1.00 EA,null,,,,,,null,null,null,null,null,null,,,131.120,109.120,LBR,21.000,22.000,48.500,INH,12.970,FTQ,,,null,null,1,null,null,null,null,null,0001,null,null,null,null,null,,,,null,,null,,0.000,null,0.0,0.000,null,null,0.0,null,01,null,null,null,null,null,0.000,null,365,1,null,0,null,null,null,null,null,null,null,null,0,null,null,null,0.000,0.0,null,0.000,null,0.000,0.000,null,,null,null,null,,,,null,null,null,null,null,null,null,null,null,null,null,null,null,null,null,,,,
000000007079817734,null,FERT,null,null,FG01,C,CDA DISPLAY THD DRYDEX REPAIR KIT 9CS,EN,EA,,,70798723450,IC,04,null,140174030405,,null,,,,null,null,1.00 EA,null,,,,,,null,null,null,null,null,null,,,79.250,52.380,LBR,24.000,24.000,39.960,INH,13.320,FTQ,,,null,null,1,null,null,null,null,null,0001,null,null,null,null,null,,,,null,,null,,0.000,null,0.0,0.000,null,null,0.0,null,01,null,null,null,null,null,0.000,null,365,1,null,0,null,null,null,null,null,null,null,null,0,null,null,null,0.000,0.0,null,0.000,null,0.000,0.000,null,,null,null,null,,,,null,null,null,null,null,null,null,null,null,null,null,null,null,null,null,,,,
000000007079817759,null,FERT,null,null,FG01,C,CDA DISPLAY GEN SILICONE ULTRA WD WHT 8C,EN,EA,,,null,IC,02,null,120172100220,,null,,,,null,null,1.00 EA,null,,,,,,null,null,null,null,null,null,,,99.520,67.520,LBR,24.000,24.000,48.500,INH,16.170,FTQ,,,null,null,1,null,null,null,null,null,0001,null,null,null,null,null,,,,null,,null,,0.000,null,0.0,0.000,null,null,0.0,null,01,null,null,null,null,null,0.000,null,0,0,null,0,null,null,null,null,null,null,null,null,0,null,null,null,0.000,0.0,null,0.000,null,0.000,0.000,null,,null,null,null,,,,null,null,null,null,null,null,null,null,null,null,null,null,null,null,null,,,,
000000007079817760,null,FERT,null,null,FG01,C,CDA DISPLAY GEN SILICONE ULTRA WD CLR 8C,EN,EA,,,null,IC,02,null,120172100220,,null,,,,null,null,1.00 EA,null,,,,,,null,null,null,null,null,null,,,97.920,65.920,LBR,24.000,24.000,48.500,INH,16.170,FTQ,,,null,null,1,null,null,null,null,null,0001,null,null,null,null,null,,,,null,,null,,0.000,null,0.0,0.000,null,null,0.0,null,01,null,null,null,null,null,0.000,null,0,0,null,0,null,null,null,null,null,null,null,null,0,null,null,null,0.000,0.0,null,0.000,null,0.000,0.000,null,,null,null,null,,,,null,null,null,null,null,null,null,null,null,null,null,null,null,null,null,,,,
000000007079817776,null,FERT,null,null,FG01,C,DISPLAY CDA SILICONE ULTRA K&B WHITE,EN,EA,,,null,UC,02,null,120372100221,,null,,,,null,null,1.00 EA,null,,,,,,NORM,null,null,null,null,null,,,17.000,17.000,LBR,24.000,24.000,48.500,INH,16.170,FTQ,,,null,null,1,null,null,null,null,null,0001,null,null,null,null,null,,,,null,,null,,0.000,null,0.0,0.000,null,null,0.0,null,01,null,null,null,null,null,0.000,null,0,0,null,0,null,null,null,null,null,null,null,null,0,null,null,null,0.000,0.0,null,0.000,null,0.000,0.000,null,,null,null,null,,,,null,null,null,null,null,null,null,null,null,null,null,null,null,null,null,,,,
000000007079817778,null,FERT,null,null,FG01,C,DISPLAY (P) CDA DYNAFLEX 230 8-12 CS,EN,EA,,,null,IC,01,null,110171010102,,null,,,,null,null,1 EA,null,,,,,,NORM,null,null,null,null,null,,,17.000,17.000,LBR,24.000,24.000,48.500,INH,16.170,FTQ,,,null,null,1,null,null,null,null,null,0001,null,null,null,null,null,,,,null,,null,,0.000,null,0.0,0.000,null,null,0.0,null,01,null,null,null,null,null,0.000,null,365,1,B,0,null,null,null,null,null,null,null,null,0,null,null,null,0.000,0.0,null,0.000,null,0.000,0.000,null,,null,null,null,,,,null,null,null,null,null,null,null,null,null,null,null,null,null,null,null,,,,
000000007079817779,null,FERT,null,null,FG01,C,CDA DISPLAY COR ALEX FAST DRY 300ML 8CS,EN,EA,,,null,UC,01,null,110271000116,,null,,,,null,null,1.00 EA,null,,,,,,NORM,null,null,null,null,null,,,17.000,17.000,LBR,24.000,24.000,48.500,INH,16.170,FTQ,,,null,null,1,null,null,null,null,null,0001,null,null,null,null,null,,,,null,,null,,0.000,null,0.0,0.000,null,null,0.0,null,01,null,null,null,null,null,0.000,null,365,1,B,0,null,null,null,null,null,null,null,null,0,null,null,null,0.000,0.0,null,0.000,null,0.000,0.000,null,,null,null,null,,,,null,null,null,null,null,null,null,null,null,null,null,null,null,null,null,,,,
000000007079817780,null,FERT,null,null,FG01,C,DISPLAY DYNAFLEX 230 WHITE 300ML,EN,EA,,,null,UC,01,null,110171010102,,null,,,,null,null,1.00 EA,null,,,,,,NORM,null,ZP,null,null,null,,,17.000,17.000,LBR,24.000,24.000,48.500,INH,16.170,FTQ,,,null,null,1,null,null,null,null,null,0001,null,null,null,null,null,,,,null,,null,,0.000,null,0.0,0.000,null,null,0.0,null,01,null,null,null,null,null,0.000,null,365,1,B,0,null,null,null,null,null,null,null,null,0,null,null,null,0.000,0.0,null,0.000,null,0.000,0.000,null,,null,null,null,,,,null,null,null,null,null,null,null,null,null,null,null,null,null,null,null,,,,
000000007079817781,null,FERT,null,null,FG01,C,DISPLAY CDA ALEX PLUS 30PK 8 CS,EN,EA,,,null,IC,01,null,110271000101,,null,,,,null,null,1.00 EA,null,,,,,,NORM,null,null,null,null,null,,,17.000,17.000,LBR,24.000,24.000,48.500,INH,16.170,FTQ,,,null,null,1,null,null,null,null,null,0001,null,null,null,null,null,,,,null,,null,,0.000,null,0.0,0.000,null,null,0.0,null,01,null,null,null,null,null,0.000,null,365,1,B,0,null,null,null,null,null,null,null,null,0,null,null,null,0.000,0.0,null,0.000,null,0.000,0.000,null,,null,null,null,,,,null,null,null,null,null,null,null,null,null,null,null,null,null,null,null,,,,
000000007079817782,null,FERT,null,null,FG01,C,CDA DISPLAY COR KWIK SEAL ULTRA 300ML,EN,EA,,,null,UC,01,null,110371500118,,null,,,,null,null,1.00 EA,null,,,,,,NORM,null,null,null,null,null,,,17.000,17.000,LBR,24.000,24.000,48.500,INH,16.170,FTQ,,,null,null,1,null,null,null,null,null,0001,null,null,null,null,null,,,,null,,null,,0.000,null,0.0,0.000,null,null,0.0,null,01,null,null,null,null,null,0.000,null,365,1,B,0,null,null,null,null,null,null,null,null,0,null,null,null,0.000,0.0,null,0.000,null,0.000,0.000,null,,null,null,null,,,,null,null,null,null,null,null,null,null,null,null,null,null,null,null,null,,,,
000000007079817783,null,FERT,null,null,FG01,C,CDA DISPLAY COR DRAFT ATTACK 300 ML 8CS,EN,EA,,,null,UC,01,null,110471670130,,null,,,,null,null,1.00 EA,null,,,,,,NORM,null,null,null,null,null,,,17.000,17.000,LBR,24.000,24.000,48.500,INH,16.170,FTQ,,,null,null,1,null,null,null,null,null,0001,null,null,null,null,null,,,,null,,null,,0.000,null,0.0,0.000,null,null,0.0,null,01,null,null,null,null,null,0.000,null,546,1,B,0,null,null,null,null,null,null,null,null,0,null,null,null,0.000,0.0,null,0.000,null,0.000,0.000,null,,null,null,null,,,,null,null,null,null,null,null,null,null,null,null,null,null,null,null,null,,,,
000000007079817784,null,FERT,null,null,FG01,C,CDA DISPLAY COR ALEX FLEX 300ML 8CS,EN,EA,,,null,IC,01,null,110271000119,,null,,,,null,null,1.00 EA,null,,,,,,NORM,null,null,null,null,null,,,17.000,17.000,LBR,24.000,24.000,48.500,INH,16.170,FTQ,,,null,null,1,null,null,null,null,null,0001,null,null,null,null,null,,,,null,,null,,0.000,null,0.0,0.000,null,null,0.0,null,01,null,null,null,null,null,0.000,null,365,1,B,0,null,null,null,null,null,null,null,null,0,null,null,null,0.000,0.0,null,0.000,null,0.000,0.000,null,,null,null,null,,,,null,null,null,null,null,null,null,null,null,null,null,null,null,null,null,,,,
000000007079817786,null,FERT,null,null,FG01,C,DISPLAY CDA ALEX FAST DRY CNTR PK 8-12CS,EN,EA,,,null,IC,01,null,110271000116,,null,,,,null,null,1.00 EA,null,,,,,,NORM,null,null,null,null,null,,,17.000,17.000,LBR,24.000,24.000,48.500,INH,16.170,FTQ,,,null,null,1,null,null,null,null,null,0001,null,null,null,null,null,,,,null,,null,,0.000,null,0.0,0.000,null,null,0.0,null,01,null,null,null,null,null,0.000,null,365,1,B,0,null,null,null,null,null,null,null,null,0,null,null,null,0.000,0.0,null,0.000,null,0.000,0.000,null,,null,null,null,,,,null,null,null,null,null,null,null,null,null,null,null,null,null,null,null,,,,
000000007079817791,null,FERT,null,null,FG01,C,CDA DISPLAY GEN SILICONE ULTRA KB CLR 8C,EN,EA,,,70798177918,IC,02,null,120372100221,,null,,,,null,null,1.00 EA,null,,,,,,null,null,null,null,null,null,,,82.000,62.000,LBR,24.000,24.000,48.500,INH,16.170,FTQ,,,null,null,1,null,null,null,null,null,0001,null,null,null,null,null,,,,null,,null,,0.000,null,0.0,0.000,null,null,0.0,null,01,null,null,null,null,null,0.000,null,0,0,null,0,null,null,null,null,null,null,null,null,0,null,null,null,0.000,0.0,null,0.000,null,0.000,0.000,null,,null,null,null,,,,null,null,null,null,null,null,null,null,null,null,null,null,null,null,null,,,,
000000007079817792,null,FERT,null,null,FG01,C,CDA DISPLAY GEN SILICONE ULTRA KB WHT 8C,EN,EA,,,70798177925,IC,02,null,120372100221,,null,,,,null,null,1.00 EA,null,,,,,,null,null,null,null,null,null,,,82.000,62.000,LBR,24.000,24.000,48.500,INH,16.170,FTQ,,,null,null,1,null,null,null,null,null,0001,null,null,null,null,null,,,,null,,null,,0.000,null,0.0,0.000,null,null,0.0,null,01,null,null,null,null,null,0.000,null,0,0,null,0,null,null,null,null,null,null,null,null,0,null,null,null,0.000,0.0,null,0.000,null,0.000,0.000,null,,null,null,null,,,,null,null,null,null,null,null,null,null,null,null,null,null,null,null,null,,,,
000000007079817793,null,FERT,null,null,FG01,C,CDA DISPLAY GEN SILICONE ULTRA KB CMB,EN,EA,,,70798177932,UC,02,null,120372100221,,null,,,,null,null,1.00 EA,null,,,,,,null,null,null,null,null,null,,,82.000,62.000,LBR,24.000,24.000,48.500,INH,16.170,FTQ,,,null,null,1,null,null,null,null,null,0001,null,null,null,null,null,,,,null,,null,,0.000,null,0.0,0.000,null,null,0.0,null,01,null,null,null,null,null,0.000,null,0,0,null,0,null,null,null,null,null,null,null,null,0,null,null,null,0.000,0.0,null,0.000,null,0.000,0.000,null,,null,null,null,,,,null,null,null,null,null,null,null,null,null,null,null,null,null,null,null,,,,
000000007079817794,null,FERT,null,null,FG01,C,CDA DISPLAY THD ALEX FAST DRY 300ML 8CS,EN,EA,,,null,IC,01,null,110271000116,,null,,,,null,null,1.00 EA,null,,,,,,null,null,null,null,null,null,,,128.000,105.000,LBR,21.000,22.000,48.500,INH,12.970,FTQ,,,null,null,1,null,null,null,null,null,0001,null,null,null,null,null,,,,null,,null,,0.000,null,0.0,0.000,null,null,0.0,null,01,null,null,null,null,null,0.000,null,0,0,null,0,null,null,null,null,null,null,null,null,0,null,null,null,0.000,0.0,null,0.000,null,0.000,0.000,null,,null,null,null,,,,null,null,null,null,null,null,null,null,null,null,null,null,null,null,null,,,,
000000007079817795,null,FERT,null,null,FG01,C,CDA DISPLAY THD DRYDEX SPACKLING 946ML 8,EN,EA,,,null,IC,04,null,140174030405,,null,,,,null,null,1.00 EA,null,,,,,,null,null,null,null,null,null,,,210.000,187.440,LBR,21.000,22.000,48.500,INH,12.970,FTQ,,,null,null,1,null,null,null,null,null,0001,null,null,null,null,null,,,,null,,null,,0.000,null,0.0,0.000,null,null,0.0,null,01,null,null,null,null,null,0.000,null,0,0,null,0,null,null,null,null,null,null,null,null,0,null,null,null,0.000,0.0,null,0.000,null,0.000,0.000,null,,null,null,null,,,,null,null,null,null,null,null,null,null,null,null,null,null,null,null,null,,,,
000000007079817796,null,FERT,null,null,FG01,C,CDA DISPLAY THD KWIK SEAL ULTRA WHT 8CS,EN,EA,,,null,IC,01,null,110371500118,,null,,,,null,null,1 EA,null,,,,,,null,null,null,null,null,null,,,101.800,65.840,LBR,21.000,22.000,48.500,INH,12.970,FTQ,,,null,null,1,null,null,null,null,null,0001,null,null,null,null,null,,,,null,,null,,0.000,null,0.0,0.000,null,null,0.0,null,01,null,null,null,null,null,0.000,null,0,0,null,0,null,null,null,null,null,null,null,null,0,null,null,null,0.000,0.0,null,0.000,null,0.000,0.000,null,,null,null,null,,,,null,null,null,null,null,null,null,null,null,null,null,null,null,null,null,,,,
000000007079817797,null,FERT,null,null,FG01,C,CDA DISPLAY THD KWIK SEAL ULTRA CLR 8CS,EN,EA,,,null,UC,01,null,110371500118,,null,,,,null,null,1.00 EA,null,,,,,,null,null,null,null,null,null,,,101.240,65.280,LBR,21.000,22.000,48.500,INH,12.970,FTQ,,,null,null,1,null,null,null,null,null,0001,null,null,null,null,null,,,,null,,null,,0.000,null,0.0,0.000,null,null,0.0,null,01,null,null,null,null,null,0.000,null,0,0,null,0,null,null,null,null,null,null,null,null,0,null,null,null,0.000,0.0,null,0.000,null,0.000,0.000,null,,null,null,null,,,,null,null,null,null,null,null,null,null,null,null,null,null,null,null,null,,,,
000000007079817798,null,FERT,null,null,FG01,C,CDA DISPLAY THD KWIK SEAL ULTRA CMB 8CS,EN,EA,,,70798177987,UC,01,null,110371500118,,null,,,,null,null,1.00 EA,null,,,,,,null,null,null,null,null,null,,,101.240,65.280,LBR,21.000,22.000,48.500,INH,12.970,FTQ,,,null,null,1,null,null,null,null,null,0001,null,null,null,null,null,,,,null,,null,,0.000,null,0.0,0.000,null,null,0.0,null,01,null,null,null,null,null,0.000,null,0,0,null,0,null,null,null,null,null,null,null,null,0,null,null,null,0.000,0.0,null,0.000,null,0.000,0.000,null,,null,null,null,,,,null,null,null,null,null,null,null,null,null,null,null,null,null,null,null,,,,
000000007079817799,null,FERT,null,null,FG01,C,CDA DISPLAY GEN D230 CMBO WHT/CLR 8CS,EN,EA,,,null,UC,01,null,110171010102,,null,,,,null,null,1.00 EA,null,,,,,,null,null,null,null,null,null,,,104.800,91.840,LBR,21.000,22.000,48.500,INH,12.970,FTQ,,,null,null,1,null,null,null,null,null,0001,null,null,null,null,null,,,,null,,null,,0.000,null,0.0,0.000,null,null,0.0,null,01,null,null,null,null,null,0.000,null,0,0,null,0,null,null,null,null,null,null,null,null,0,null,null,null,0.000,0.0,null,0.000,null,0.000,0.000,null,,null,null,null,,,,null,null,null,null,null,null,null,null,null,null,null,null,null,null,null,,,,
000000007079817975,null,FERT,null,null,FG01,C,DISPLAY CDA 4CS DAP HOUSE WEATHERPROOF,EN,EA,,,null,IC,01,null,110171010102,,null,,,,null,null,1.00 EA,null,,,,,,NORM,null,null,null,null,null,,,17.000,17.000,LBR,24.000,24.000,48.500,INH,16.170,FTQ,,,null,null,1,null,null,null,null,null,0001,null,null,null,null,null,,,,null,,null,,0.000,null,0.0,0.000,null,null,0.0,null,01,null,null,null,null,null,0.000,null,0,0,null,0,null,null,null,null,null,null,null,null,0,null,null,null,0.000,0.0,null,0.000,null,0.000,0.000,null,,null,null,null,,,,null,null,null,null,null,null,null,null,null,null,null,null,null,null,null,,,,
000000007079817977,null,FERT,null,null,FG01,C,DISPLAY CDA MONO SILICONE PRO KB WHT/CLR,EN,EA,,,null,UC,02,null,120376000665,,null,,,,null,null,1.00 EA,null,,,,,,NORM,null,null,null,null,null,,,17.000,17.000,LBR,24.000,24.000,48.500,INH,16.170,FTQ,,,null,null,1,null,null,null,null,null,0001,null,null,null,null,null,,,,null,,null,,0.000,null,0.0,0.000,null,null,0.0,null,01,null,null,null,null,null,0.000,null,546,1,B,0,null,null,null,null,null,null,null,null,0,null,null,null,0.000,0.0,null,0.000,null,0.000,0.000,null,,null,null,null,,,,null,null,null,null,null,null,null,null,null,null,null,null,null,null,null,,,,
000000007079817978,null,FERT,null,null,FG01,C,DISPLAY CDA MONO SILICONE PRO KB W/C/A,EN,EA,,,null,UC,02,null,120376000665,,null,,,,null,null,1.00 EA,null,,,,,,NORM,null,null,null,null,null,,,17.000,17.000,LBR,24.000,24.000,48.500,INH,16.170,FTQ,,,null,null,1,null,null,null,null,null,0001,null,null,null,null,null,,,,null,,null,,0.000,null,0.0,0.000,null,null,0.0,null,01,null,null,null,null,null,0.000,null,546,1,B,0,null,null,null,null,null,null,null,null,0,null,null,null,0.000,0.0,null,0.000,null,0.000,0.000,null,,null,null,null,,,,null,null,null,null,null,null,null,null,null,null,null,null,null,null,null,,,,
000000007079817979,null,FERT,null,null,FG01,C,DISPLAY CDA MONO SILICONE PRO WD W/C,EN,EA,,,null,UC,02,null,120376000665,,null,,,,null,null,1.00 EA,null,,,,,,NORM,null,null,null,null,null,,,17.000,17.000,LBR,24.000,24.000,48.500,INH,16.170,FTQ,,,null,null,1,null,null,null,null,null,0001,null,null,null,null,null,,,,null,,null,,0.000,null,0.0,0.000,null,null,0.0,null,01,null,null,null,null,null,0.000,null,546,1,B,0,null,null,null,null,null,null,null,null,0,null,null,null,0.000,0.0,null,0.000,null,0.000,0.000,null,,null,null,null,,,,null,null,null,null,null,null,null,null,null,null,null,null,null,null,null,,,,
000000007079817980,null,FERT,null,null,FG01,C,CDA DISPLAY COR DRYDEX REPAIR KIT 9CS,EN,EA,,,null,IC,04,null,140174030405,,null,,,,null,null,1.00 EA,null,,,,,,NORM,null,null,null,null,null,,,79.250,52.380,LBR,24.000,24.000,48.500,INH,16.170,FTQ,,,null,null,1,null,null,null,null,null,0001,null,null,null,null,null,,,,null,,null,,0.000,null,0.0,0.000,null,null,0.0,null,01,null,null,null,null,null,0.000,null,365,1,B,0,null,null,null,null,null,null,null,null,0,null,null,null,0.000,0.0,null,0.000,null,0.000,0.000,null,,null,null,null,,,,null,null,null,null,null,null,null,null,null,null,null,null,null,null,null,,,,
000000007079817992,null,FERT,null,null,FG01,C,CDA DISPLAY GEN ALEX PLUS WHT 12CS,EN,EA,,,null,IC,01,null,110271000101,,null,,,,null,null,1.00 CS,null,,,,,,null,null,null,null,null,null,,,192.500,154.560,LBR,24.000,24.000,48.500,INH,16.170,FTQ,,,null,null,1,null,null,null,null,null,0001,null,null,null,null,null,,,,null,,null,,0.000,null,0.0,0.000,null,null,0.0,null,01,null,null,null,null,null,0.000,null,365,1,B,0,null,null,null,null,null,null,null,null,0,null,null,null,0.000,0.0,null,0.000,null,0.000,0.000,null,,null,null,null,,,,null,null,null,null,null,null,null,null,null,null,null,null,null,null,null,,,,
000000007079817996,null,FERT,null,null,FG01,C,CDA DISPLAY GEN DYNAFLEX 230 WHITE 8CS,EN,EA,,,null,IC,01,null,110171010102,,null,,,,null,null,1.00 CS,null,,,,,,null,null,null,null,null,null,,,123.300,91.840,LBR,24.000,24.000,48.500,INH,16.170,FTQ,,,null,null,1,null,null,null,null,null,0001,null,null,null,null,null,,,,null,,null,,0.000,null,0.0,0.000,null,null,0.0,null,01,null,null,null,null,null,0.000,null,365,1,B,0,null,null,null,null,null,null,null,null,0,null,null,null,0.000,0.0,null,0.000,null,0.000,0.000,null,,null,null,null,,,,null,null,null,null,null,null,null,null,null,null,null,null,null,null,null,,,,
000000007079818152,null,FERT,null,null,FG02,C,ALEX PLUS WHITE (18101) 10.1 FL OZ 12 PK,EN,EA,,,70798181014,UC,01,null,110271000101,,null,,,,null,null,10.1 FL OZ,null,,,,,,NORM,null,null,null,null,null,,,1.170,1.070,LBR,8.000,6.000,12.000,INH,0.030,FTQ,,,null,null,1,null,null,null,null,null,0001,null,null,null,null,null,,,,null,,null,,0.000,null,0.0,0.000,null,null,0.0,null,01,null,null,null,null,null,0.000,null,365,1,null,0,null,null,null,null,null,null,null,null,0,null,null,null,0.000,0.0,null,0.000,null,0.000,0.000,null,,null,null,null,,,,null,null,null,null,null,null,null,null,null,null,null,null,null,null,null,,,,
000000007079818260,null,FERT,null,null,FG02,C,RELY-ON LATEX 12 PK (18250) 10.1 OZ 12PK,EN,EA,,,70798182509,UC,01,null,110271050108,,null,,,,null,null,10.1 FL OZ,null,,,,,,NORM,null,null,null,null,null,,,1.200,1.070,LBR,8.000,6.000,12.000,INH,0.030,FTQ,,,null,null,1,null,null,null,null,null,0001,null,null,null,null,null,,,,null,,null,,0.000,null,0.0,0.000,null,null,0.0,null,01,null,null,null,null,null,0.000,null,365,1,null,0,null,null,null,null,null,null,null,null,0,null,null,null,0.000,0.0,null,0.000,null,0.000,0.000,null,,null,null,null,,,,null,null,null,null,null,null,null,null,null,null,null,null,null,null,null,,,,
000000007079818288,null,FERT,null,null,FG02,C,DYNAFLEX 230 (18306) ALMD 10.1 OZ 12PK,EN,EA,,,70798183063,UC,01,null,110171010102,,null,,,,null,null,10.1 FL OZ,null,,,,,,NORM,null,null,null,null,null,,,1.070,0.940,LBR,8.000,6.000,12.000,INH,0.030,FTQ,,,null,null,1,null,null,null,null,null,0001,null,null,null,null,null,,,,null,,null,,0.000,null,0.0,0.000,null,null,0.0,null,01,null,null,null,null,null,0.000,null,365,1,null,0,null,null,null,null,null,null,null,null,0,null,null,null,0.000,0.0,null,0.000,null,0.000,0.000,null,,null,null,null,,,,null,null,null,null,null,null,null,null,null,null,null,null,null,null,null,,,,
000000007079818388,null,FERT,null,null,FG02,C,ULTRA CLEAR ALL PURPOSE 10.1 FL OZ 12PK,EN,EA,,,70798183889,IC,01,null,110471640126,,null,,,,null,null,10.1 FL OZ,null,,,,,,NORM,null,null,null,null,null,,,0.730,0.590,LBR,8.000,6.000,12.000,INH,0.030,FTQ,,,null,null,1,null,null,null,null,null,0001,null,null,null,null,null,,,,null,,null,,0.000,null,0.0,0.000,null,null,0.0,null,01,null,null,null,null,null,0.000,null,365,1,B,0,null,null,null,null,null,null,null,null,0,null,null,null,0.000,0.0,null,0.000,null,0.000,0.000,null,,null,null,null,,,,null,null,null,null,null,null,null,null,null,null,null,null,null,null,null,,,,
000000007079818420,null,FERT,null,null,FG02,C,DYNAFLEX 230 (18303) DK BRNZ 10.1OZ 12PK,EN,EA,,,70798183032,UC,01,null,110171010102,,null,,,,null,null,10.1 FL OZ,null,,,,,,NORM,null,null,null,null,null,,,1.080,0.950,LBR,8.000,6.000,12.000,INH,0.030,FTQ,,,null,null,1,null,null,null,null,null,0001,null,null,null,null,null,,,,null,,null,,0.000,null,0.0,0.000,null,null,0.0,null,01,null,null,null,null,null,0.000,null,365,1,null,0,null,null,null,null,null,null,null,null,0,null,null,null,0.000,0.0,null,0.000,null,0.000,0.000,null,,null,null,null,,,,null,null,null,null,null,null,null,null,null,null,null,null,null,null,null,,,,
000000007079818618,null,FERT,null,null,FG02,C,ALEX PAINTERS CONT PK 10.1 FL OZ (18068),EN,EA,,,70798186187,UC,01,null,110271000100,,null,,,,null,null,10.1 FL OZ,null,,,,,,NORM,null,null,null,null,null,,,14.400,12.780,LBR,8.000,6.000,12.000,INH,0.330,FTQ,,,null,null,1,null,null,null,null,null,0001,null,null,null,null,null,,,,null,,null,,0.000,null,0.0,0.000,null,null,0.0,null,01,null,null,null,null,null,0.000,null,365,1,null,0,null,null,null,null,null,null,null,null,0,null,null,null,0.000,0.0,null,0.000,null,0.000,0.000,null,,null,null,null,,,,null,null,null,null,null,null,null,null,null,null,null,null,null,null,null,,,,
000000007079818656,null,FERT,null,null,FG02,C,ALEX PLUS WH CONTR PK 10.1 FL OZ 12 PK,EN,EA,,,70798186569,UC,01,null,110271000101,,null,,,,null,null,10.1 FL OZ,null,,,,,,NORM,null,null,null,null,null,,,14.500,12.880,LBR,8.000,6.000,12.000,INH,0.330,FTQ,,,null,null,1,null,null,null,null,null,0001,null,null,null,null,null,,,,null,,null,,0.000,null,0.0,0.000,null,null,0.0,null,01,null,null,null,null,null,0.000,null,365,1,null,0,null,null,null,null,null,null,null,null,0,null,null,null,0.000,0.0,null,0.000,null,0.000,0.000,null,,null,null,null,,,,null,null,null,null,null,null,null,null,null,null,null,null,null,null,null,,,,
000000007079818700,null,FERT,null,null,FG02,C,POWERPOINT 100,EN,EA,,,70798187009,IC,01,null,110271030105,,null,,,,null,null,10.10 FL OZ,null,,,,,,NORM,null,null,null,null,null,,,1.200,1.070,LBR,8.000,6.000,12.000,INH,0.030,FTQ,,,null,null,1,null,null,null,null,null,0001,null,null,null,null,null,,,,null,,null,,0.000,null,0.0,0.000,null,null,0.0,null,01,null,null,null,null,null,0.000,null,365,1,null,0,null,null,null,null,null,null,null,null,0,null,null,null,0.000,0.0,null,0.000,null,0.000,0.000,null,,null,null,null,,,,null,null,null,null,null,null,null,null,null,null,null,null,null,null,null,,,,
000000007079818750,null,FERT,null,null,FG02,C,POWERPOINT 200,EN,EA,,,70798187504,IC,01,null,110271030105,,null,,,,null,null,10.1 FL OZ,null,,,,,,NORM,null,null,null,null,null,,,1.170,1.030,LBR,8.000,6.000,12.000,INH,0.030,FTQ,,,null,null,1,null,null,null,null,null,0001,null,null,null,null,null,,,,null,,null,,0.000,null,0.0,0.000,null,null,0.0,null,01,null,null,null,null,null,0.000,null,365,1,null,0,null,null,null,null,null,null,null,null,0,null,null,null,0.000,0.0,null,0.000,null,0.000,0.000,null,,null,null,null,,,,null,null,null,null,null,null,null,null,null,null,null,null,null,null,null,,,,
000000007079818854,null,FERT,null,null,FG02,C,HIGH HEAT MORTAR BK 10 OZ 12 PK,EN,EA,,,70798188549,IC,01,null,110471650127,,null,,,,null,null,10 FL OZ,null,,,,,,NORM,null,null,null,null,null,,,1.300,0.630,LBR,8.000,6.000,12.000,INH,0.030,FTQ,,,null,null,1,null,null,null,null,null,0001,null,null,null,null,null,,,,null,,null,,0.000,null,0.0,0.000,null,null,0.0,null,01,null,null,null,null,null,0.000,null,365,1,null,0,null,null,null,null,null,null,null,null,0,null,null,null,0.000,0.0,null,0.000,null,0.000,0.000,null,,null,null,null,,,,null,null,null,null,null,null,null,null,null,null,null,null,null,null,null,,,,
000000007079818858,null,FERT,null,null,FG02,C,BLOCKADE INTUMESCENT SEAL RD 10.1OZ 12PK,EN,EA,,,70798188587,IC,01,null,110471650127,,null,,,,null,null,10.1 FL OZ,null,,,,,,NORM,null,null,null,null,null,,,0.960,0.880,LBR,8.000,6.000,12.000,INH,0.030,FTQ,,,null,null,1,null,null,null,null,null,0001,null,null,null,null,null,,,,null,,null,,0.000,null,0.0,0.000,null,null,0.0,null,01,null,null,null,null,null,0.000,null,365,1,null,0,null,null,null,null,null,null,null,null,0,null,null,null,0.000,0.0,null,0.000,null,0.000,0.000,null,,null,null,null,,,,null,null,null,null,null,null,null,null,null,null,null,null,null,null,null,,,,
000000007079819999,null,UNBW,null,null,FG09,C,CSV CHANGE/UPDATE REQUIRED,EN,CS,,,null,,09,null,702080151040,,null,,,,null,null,null,null,,,,,,null,null,null,null,null,null,,,1.000,1.000,LBR,0.000,0.000,0.000,null,1.000,FTQ,,,null,null,1,null,null,null,null,null,0001,,2016-06-08,null,null,null,,,,null,,null,,0.000,null,0.0,0.000,null,null,0.0,null,null,null,null,null,null,null,0.000,null,0,0,B,0,null,null,null,null,null,null,null,null,0,null,null,null,0.000,0.0,null,0.000,null,0.000,0.000,null,,null,null,null,,,,null,null,null,null,null,null,null,null,null,null,null,null,null,null,null,,,,
000000007079821245,null,FERT,null,null,FG02,C,FINISHING PUTTY WHITE 3.7 OZ,EN,EA,,,70798212459,IC,04,null,140274340428,,null,,,,null,null,3.7 OZ,null,,,,,,NORM,null,null,null,null,null,,,0.290,0.170,LBR,7.500,4.750,2.250,INH,0.010,FTQ,,,null,null,1,null,null,null,null,null,0001,null,null,null,null,null,,,,null,,null,,0.000,null,0.0,0.000,null,null,0.0,null,01,null,null,null,null,null,0.000,null,730,1,null,0,null,null,null,null,null,null,null,null,0,null,null,null,0.000,0.0,null,0.000,null,0.000,0.000,null,,null,null,null,,,,null,null,null,null,null,null,null,null,null,null,null,null,null,null,null,,,,
000000007079821247,null,FERT,null,null,FG02,C,FINISHING PUTTY LT OAK 3.7 OZ,EN,EA,,,70798212473,IC,04,null,140274340428,,null,,,,null,null,3.7 OZ,null,,,,,,NORM,null,null,null,null,null,,,0.290,0.170,LBR,7.500,4.750,2.250,INH,0.010,FTQ,,,null,null,1,null,null,null,null,null,0001,null,null,null,null,null,,,,null,,null,,0.000,null,0.0,0.000,null,null,0.0,null,01,null,null,null,null,null,0.000,null,730,1,null,0,null,null,null,null,null,null,null,null,0,null,null,null,0.000,0.0,null,0.000,null,0.000,0.000,null,,null,null,null,,,,null,null,null,null,null,null,null,null,null,null,null,null,null,null,null,,,,
000000007079821250,null,FERT,null,null,FG02,C,FINISHING PUTTY CHERRY 3.7 OZ,EN,EA,,,70798212503,IC,04,null,140274340428,,null,,,,null,null,3.7 OZ,null,,,,,,NORM,null,null,null,null,null,,,0.290,0.170,LBR,7.500,4.750,2.250,INH,0.010,FTQ,,,null,null,1,null,null,null,null,null,0001,null,null,null,null,null,,,,null,,null,,0.000,null,0.0,0.000,null,null,0.0,null,01,null,null,null,null,null,0.000,null,730,1,null,0,null,null,null,null,null,null,null,null,0,null,null,null,0.000,0.0,null,0.000,null,0.000,0.000,null,,null,null,null,,,,null,null,null,null,null,null,null,null,null,null,null,null,null,null,null,,,,
000000007079821251,null,FERT,null,null,FG02,C,FINISHING PUTTY LT WALNUT 3.7,EN,EA,,,70798212510,IC,04,null,140274340428,,null,,,,null,null,3.7 OZ,null,,,,,,NORM,null,null,null,null,null,,,0.290,0.170,LBR,7.500,4.750,2.250,INH,0.010,FTQ,,,null,null,1,null,null,null,null,null,0001,null,null,null,null,null,,,,null,,null,,0.000,null,0.0,0.000,null,null,0.0,null,01,null,null,null,null,null,0.000,null,730,1,null,0,null,null,null,null,null,null,null,null,0,null,null,null,0.000,0.0,null,0.000,null,0.000,0.000,null,,null,null,null,,,,null,null,null,null,null,null,null,null,null,null,null,null,null,null,null,,,,
000000007079821255,null,FERT,null,null,FG02,C,FINISHING PUTTY DK WALNUT 3.7,EN,EA,,,70798212558,IC,04,null,140274340428,,null,,,,null,null,3.7 OZ,null,,,,,,NORM,null,null,null,null,null,,,0.290,0.170,LBR,7.500,4.750,2.250,INH,0.010,FTQ,,,null,null,1,null,null,null,null,null,0001,null,null,null,null,null,,,,null,,null,,0.000,null,0.0,0.000,null,null,0.0,null,01,null,null,null,null,null,0.000,null,730,1,null,0,null,null,null,null,null,null,null,null,0,null,null,null,0.000,0.0,null,0.000,null,0.000,0.000,null,,null,null,null,,,,null,null,null,null,null,null,null,null,null,null,null,null,null,null,null,,,,
000000007079821262,null,FERT,null,null,FG02,C,FINISHING PUTTY RED OAK 3.7 OZ,EN,EA,,,70798212626,IC,04,null,140274340428,,null,,,,null,null,3.7 OZ,null,,,,,,NORM,null,null,null,null,null,,,0.290,0.170,LBR,7.500,4.750,2.250,INH,0.010,FTQ,,,null,null,1,null,null,null,null,null,0001,null,null,null,null,null,,,,null,,null,,0.000,null,0.0,0.000,null,null,0.0,null,01,null,null,null,null,null,0.000,null,730,1,null,0,null,null,null,null,null,null,null,null,0,null,null,null,0.000,0.0,null,0.000,null,0.000,0.000,null,,null,null,null,,,,null,null,null,null,null,null,null,null,null,null,null,null,null,null,null,,,,
000000007079821266,null,FERT,null,null,FG02,C,FINISHING PUTTY EBONY 3.7 OZ,EN,EA,,,70798212664,IC,04,null,140274340428,,null,,,,null,null,3.7 OZ,null,,,,,,NORM,null,null,null,null,null,,,0.290,0.170,LBR,7.500,4.750,2.250,INH,0.010,FTQ,,,null,null,1,null,null,null,null,null,0001,null,null,null,null,null,,,,null,,null,,0.000,null,0.0,0.000,null,null,0.0,null,01,null,null,null,null,null,0.000,null,730,1,null,0,null,null,null,null,null,null,null,null,0,null,null,null,0.000,0.0,null,0.000,null,0.000,0.000,null,,null,null,null,,,,null,null,null,null,null,null,null,null,null,null,null,null,null,null,null,,,,
000000007079821268,null,FERT,null,null,FG02,C,FINISHING PUTTY RED MAHOG 3.7,EN,EA,,,70798212688,IC,04,null,140274340428,,null,,,,null,null,3.7 OZ,null,,,,,,NORM,null,null,null,null,null,,,0.290,0.170,LBR,7.500,4.750,2.250,INH,0.010,FTQ,,,null,null,1,null,null,null,null,null,0001,null,null,null,null,null,,,,null,,null,,0.000,null,0.0,0.000,null,null,0.0,null,01,null,null,null,null,null,0.000,null,730,1,null,0,null,null,null,null,null,null,null,null,0,null,null,null,0.000,0.0,null,0.000,null,0.000,0.000,null,,null,null,null,,,,null,null,null,null,null,null,null,null,null,null,null,null,null,null,null,,,,
000000007079821270,null,FERT,null,null,FG02,C,FINISHING PUTTY MAPLE 3.7 OZ,EN,EA,,,70798212701,IC,04,null,140274340428,,null,,,,null,null,3.7 OZ,null,,,,,,NORM,null,null,null,null,null,,,0.290,0.170,LBR,7.500,4.750,2.250,INH,0.010,FTQ,,,null,null,1,null,null,null,null,null,0001,null,null,null,null,null,,,,null,,null,,0.000,null,0.0,0.000,null,null,0.0,null,01,null,null,null,null,null,0.000,null,730,1,null,0,null,null,null,null,null,null,null,null,0,null,null,null,0.000,0.0,null,0.000,null,0.000,0.000,null,,null,null,null,,,,null,null,null,null,null,null,null,null,null,null,null,null,null,null,null,,,,
000000007079821272,null,FERT,null,null,FG02,C,FINISHING PUTTY NAT PINE 3.7OZ,EN,EA,,,70798212725,IC,04,null,140274340428,,null,,,,null,null,3.7 OZ,null,,,,,,NORM,null,null,null,null,null,,,0.290,0.170,LBR,7.500,4.750,2.250,INH,0.010,FTQ,,,null,null,1,null,null,null,null,null,0001,null,null,null,null,null,,,,null,,null,,0.000,null,0.0,0.000,null,null,0.0,null,01,null,null,null,null,null,0.000,null,730,1,null,0,null,null,null,null,null,null,null,null,0,null,null,null,0.000,0.0,null,0.000,null,0.000,0.000,null,,null,null,null,,,,null,null,null,null,null,null,null,null,null,null,null,null,null,null,null,,,,
000000007079821274,null,FERT,null,null,FG02,C,FINISHING PUTTY PICKLD OAK 3.7,EN,EA,,,70798212749,IC,04,null,140274340428,,null,,,,null,null,3.7 OZ,null,,,,,,NORM,null,null,null,null,null,,,0.290,0.170,LBR,7.500,4.750,2.250,INH,0.010,FTQ,,,null,null,1,null,null,null,null,null,0001,null,null,null,null,null,,,,null,,null,,0.000,null,0.0,0.000,null,null,0.0,null,01,null,null,null,null,null,0.000,null,730,1,null,0,null,null,null,null,null,null,null,null,0,null,null,null,0.000,0.0,null,0.000,null,0.000,0.000,null,,null,null,null,,,,null,null,null,null,null,null,null,null,null,null,null,null,null,null,null,,,,
000000007079821276,null,FERT,null,null,FG02,C,FINISHING PUTTY NAT OAK 3.7 OZ,EN,EA,,,70798212763,IC,04,null,140274340428,,null,,,,null,null,3.7 OZ,null,,,,,,NORM,null,null,null,null,null,,,0.290,0.170,LBR,7.500,4.750,2.250,INH,0.010,FTQ,,,null,null,1,null,null,null,null,null,0001,null,null,null,null,null,,,,null,,null,,0.000,null,0.0,0.000,null,null,0.0,null,01,null,null,null,null,null,0.000,null,730,1,null,0,null,null,null,null,null,null,null,null,0,null,null,null,0.000,0.0,null,0.000,null,0.000,0.000,null,,null,null,null,,,,null,null,null,null,null,null,null,null,null,null,null,null,null,null,null,,,,
000000007079823030,null,FERT,null,null,FG02,C,CDA FAST N FINAL 237 ML 6PK,EN,EA,,,70798230309,IC,04,null,140174040402,,null,,,,null,null,237 ML,null,,,,,,NORM,null,null,null,null,null,,,0.500,0.250,LBR,10.250,6.880,3.750,INH,0.030,FTQ,,,null,null,1,null,null,null,null,null,0001,null,null,null,null,null,,,,null,,null,,0.000,null,0.0,0.000,null,null,0.0,null,01,null,null,null,null,null,0.000,null,365,1,null,0,null,null,null,null,null,null,null,null,0,null,null,null,0.000,0.0,null,0.000,null,0.000,0.000,null,,null,null,null,,,,null,null,null,null,null,null,null,null,null,null,null,null,null,null,null,,,,
000000007079823050,null,FERT,null,null,FG02,C,CDA FAST N FINAL 473 ML 6PK,EN,EA,,,70798230507,IC,04,null,140174040402,,null,,,,null,null,473 ML,null,,,,,,NORM,null,null,null,null,null,,,0.830,0.490,LBR,11.500,7.750,4.750,INH,0.040,FTQ,,,null,null,1,null,null,null,null,null,0001,null,null,null,null,null,,,,null,,null,,0.000,null,0.0,0.000,null,null,0.0,null,01,null,null,null,null,null,0.000,null,365,1,null,0,null,null,null,null,null,null,null,null,0,null,null,null,0.000,0.0,null,0.000,null,0.000,0.000,null,,null,null,null,,,,null,null,null,null,null,null,null,null,null,null,null,null,null,null,null,,,,
000000007079825117,null,FERT,null,null,FG02,C,DAP 4000 SUBFLOOR ADH 28 OZ 12PK,EN,EA,,,70798251175,IC,03,null,130173320863,,null,,,,null,null,28 FL OZ,null,,,,,,NORM,null,null,null,null,null,,,2.390,2.150,LBR,10.500,8.000,17.000,INH,0.070,FTQ,,,null,null,1,null,null,null,null,null,0001,null,null,null,null,null,,,,null,,null,,0.000,null,0.0,0.000,null,null,0.0,null,01,null,null,null,null,null,0.000,null,546,1,null,0,null,null,null,null,null,null,null,null,0,null,null,null,0.000,0.0,null,0.000,null,0.000,0.000,null,,null,null,null,,,,null,null,null,null,null,null,null,null,null,null,null,null,null,null,null,,,,
000000007079827523,null,FERT,null,null,FG02,C,ORGILL PROSOURCE SOLVENT SUBFLOOR ADH,EN,EA,,,70798275232,IC,03,null,130173320868,,null,,,,null,null,28 FL OZ,null,,,,,,NORM,null,null,null,null,null,,,2.390,2.150,LBR,10.630,8.000,17.130,INH,0.070,FTQ,,,null,null,1,null,null,null,null,null,0001,null,null,null,null,null,,,,null,,null,,0.000,null,0.0,0.000,null,null,0.0,null,01,null,null,null,null,null,0.000,null,546,1,B,0,null,null,null,null,null,null,null,null,0,null,null,null,0.000,0.0,null,0.000,null,0.000,0.000,null,,null,null,null,,,,null,null,null,null,null,null,null,null,null,null,null,null,null,null,null,,,,
000000007079827524,null,FERT,null,null,FG02,C,ORGILL PROSOURCE LATEX SUBFLOOR VOC ADH,EN,EA,,,70798275249,IC,03,null,130173320868,,null,,,,null,null,28 FL OZ,null,,,,,,NORM,null,null,null,null,null,,,2.790,2.520,LBR,10.500,8.000,17.000,INH,0.070,FTQ,,,null,null,1,null,null,null,null,null,0001,null,null,null,null,null,,,,null,,null,,0.000,null,0.0,0.000,null,null,0.0,null,01,null,null,null,null,null,0.000,null,365,1,B,0,null,null,null,null,null,null,null,null,0,null,null,null,0.000,0.0,null,0.000,null,0.000,0.000,null,,null,null,null,,,,null,null,null,null,null,null,null,null,null,null,null,null,null,null,null,,,,
000000007079829598,null,UNBW,null,null,FG07,C,B SIDE TANK-PICK BOX ONLY,EN,CS,,,70798295988,UC,07,null,170580011021,,null,,,,null,null,1 BOX,null,,,,,,NORM,null,null,null,null,null,,,0.250,0.250,LBR,12.500,12.500,18.750,INH,0.025,FTQ,,,null,null,1,null,null,null,null,null,0001,null,null,null,null,null,,,,null,,null,,0.000,null,0.0,0.000,null,null,0.0,null,null,null,null,null,null,null,0.000,null,365,1,B,0,null,null,null,null,null,null,null,null,0,null,null,null,0.000,0.0,null,0.000,null,0.000,0.000,null,,null,null,null,,,,null,null,null,null,null,null,null,null,null,null,null,null,null,null,null,,,,
000000007079830070,null,FERT,null,null,FG02,C,CDA WALLBOARD JT COMP RTU 5.5KG,EN,EA,,,70798300705,IC,04,null,140074500471,,null,,,,null,null,5.5 KG,null,,,,,,NORM,null,null,null,null,null,,,12.810,12.000,LBR,16.000,8.000,8.250,INH,0.310,FTQ,,,null,null,1,null,null,null,null,null,0001,null,null,null,null,null,,,,null,,null,,0.000,null,0.0,0.000,null,null,0.0,null,01,null,null,null,null,null,0.000,null,365,1,null,0,null,null,null,null,null,null,null,null,0,null,null,null,0.000,0.0,null,0.000,null,0.000,0.000,null,,null,null,null,,,,null,null,null,null,null,null,null,null,null,null,null,null,null,null,null,,,,
000000007079830120,null,FERT,null,null,FG02,C,CDA WALLBOARD JT COMP RTU 1.4KG 6PK,EN,EA,,,70798301207,IC,04,null,140074500471,,null,,,,null,null,1.50 KG,null,,,,,,NORM,null,null,null,null,null,,,3.550,3.300,LBR,16.000,10.000,6.000,INH,0.090,FTQ,,,null,null,1,null,null,null,null,null,0001,null,null,null,null,null,,,,null,,null,,0.000,null,0.0,0.000,null,null,0.0,null,01,null,null,null,null,null,0.000,null,365,1,null,0,null,null,null,null,null,null,null,null,0,null,null,null,0.000,0.0,null,0.000,null,0.000,0.000,null,,null,null,null,,,,null,null,null,null,null,null,null,null,null,null,null,null,null,null,null,,,,
000000007079837584,null,FERT,null,null,FG02,C,LIQUID CEMENT CRACK FILLER QT 6 PK,EN,EA,,,70798375840,IC,04,null,140074520434,,null,,,,null,null,32 FL OZ,null,,,,,,NORM,null,null,null,null,null,,,3.670,3.660,LBR,10.630,7.190,10.810,INH,0.080,FTQ,,,null,null,1,null,null,null,null,null,0001,null,null,null,null,null,,,,null,,null,,0.000,null,0.0,0.000,null,null,0.0,null,01,null,null,null,null,null,0.000,null,365,1,B,0,null,null,null,null,null,null,null,null,0,null,null,null,0.000,0.0,null,0.000,null,0.000,0.000,null,,null,null,null,,,,null,null,null,null,null,null,null,null,null,null,null,null,null,null,null,,,,
000000007079844605,null,FERT,null,null,FG02,C,ORMADUS MASTIC WHITE,EN,EA,,,662956446051,IC,02,null,120177000201,,null,,,,null,null,9.8 FL OZ,null,,,,,,NORM,null,null,null,null,null,,,0.760,0.630,LBR,8.000,6.000,12.000,INH,0.030,FTQ,,,null,null,1,null,null,null,null,null,0001,null,null,null,null,null,,,,null,,null,,0.000,null,0.0,0.000,null,null,0.0,null,01,null,null,null,null,null,0.000,null,546,1,B,0,null,null,null,null,null,null,null,null,0,null,null,null,0.000,0.0,null,0.000,null,0.000,0.000,null,,null,null,null,,,,null,null,null,null,null,null,null,null,null,null,null,null,null,null,null,,,,
000000007079844606,null,FERT,null,null,FG02,C,ORMADUS MASTIC CLEAR,EN,EA,,,662956446068,IC,02,null,120177000201,,null,,,,null,null,9.8 FL OZ,null,,,,,,NORM,null,null,null,null,null,,,0.760,0.630,LBR,8.000,6.000,12.000,INH,0.030,FTQ,,,null,null,1,null,null,null,null,null,0001,null,null,null,null,null,,,,null,,null,,0.000,null,0.0,0.000,null,null,0.0,null,01,null,null,null,null,null,0.000,null,546,1,B,0,null,null,null,null,null,null,null,null,0,null,null,null,0.000,0.0,null,0.000,null,0.000,0.000,null,,null,null,null,,,,null,null,null,null,null,null,null,null,null,null,null,null,null,null,null,,,,
000000007079844608,null,FERT,null,null,FG02,C,ORMADUS MASTIC BLACK,EN,EA,,,662956446082,IC,02,null,120177000201,,null,,,,null,null,9.8 FL OZ,null,,,,,,NORM,null,null,null,null,null,,,0.760,0.630,LBR,8.000,6.000,12.000,INH,0.030,FTQ,,,null,null,1,null,null,null,null,null,0001,null,null,null,null,null,,,,null,,null,,0.000,null,0.0,0.000,null,null,0.0,null,01,null,null,null,null,null,0.000,null,546,1,B,0,null,null,null,null,null,null,null,null,0,null,null,null,0.000,0.0,null,0.000,null,0.000,0.000,null,,null,null,null,,,,null,null,null,null,null,null,null,null,null,null,null,null,null,null,null,,,,
000000007079844609,null,FERT,null,null,FG02,C,ORMADUS MASTIC ALUMINUM,EN,EA,,,662956446099,IC,02,null,120177000201,,null,,,,null,null,9.8 FL OZ,null,,,,,,NORM,null,null,null,null,null,,,0.760,0.630,LBR,8.000,6.000,12.000,INH,0.030,FTQ,,,null,null,1,null,null,null,null,null,0001,null,null,null,null,null,,,,null,,null,,0.000,null,0.0,0.000,null,null,0.0,null,01,null,null,null,null,null,0.000,null,546,1,B,0,null,null,null,null,null,null,null,null,0,null,null,null,0.000,0.0,null,0.000,null,0.000,0.000,null,,null,null,null,,,,null,null,null,null,null,null,null,null,null,null,null,null,null,null,null,,,,
000000007079844610,null,FERT,null,null,FG02,C,ORMADUS RED HI TEMP SEAL,EN,EA,,,662956446105,IC,02,null,120177000201,,null,,,,null,null,10.1 FL OZ,null,,,,,,NORM,null,null,null,null,null,,,0.760,0.630,LBR,8.000,6.000,12.000,INH,0.030,FTQ,,,null,null,1,null,null,null,null,null,0001,null,null,null,null,null,,,,null,,null,,0.000,null,0.0,0.000,null,null,0.0,null,01,null,null,null,null,null,0.000,null,546,1,B,0,null,null,null,null,null,null,null,null,0,null,null,null,0.000,0.0,null,0.000,null,0.000,0.000,null,,null,null,null,,,,null,null,null,null,null,null,null,null,null,null,null,null,null,null,null,,,,
000000007079844611,null,FERT,null,null,FG02,C,ORMADUS SILICONIZED ACRYLIC,EN,EA,,,662956446112,IC,01,null,110277000103,,null,,,,null,null,10.1 FL OZ,null,,,,,,NORM,null,null,null,null,null,,,1.210,1.070,LBR,8.000,6.000,12.000,INH,0.030,FTQ,,,null,null,1,null,null,null,null,null,0001,null,null,null,null,null,,,,null,,null,,0.000,null,0.0,0.000,null,null,0.0,null,01,null,null,null,null,null,0.000,null,365,1,B,0,null,null,null,null,null,null,null,null,0,null,null,null,0.000,0.0,null,0.000,null,0.000,0.000,null,,null,null,null,,,,null,null,null,null,null,null,null,null,null,null,null,null,null,null,null,,,,
000000007079850025,null,FERT,null,null,FG01,C,POPCORN WB SPRAY TEXTURE 20 OZ,EN,EA,,,70798500259,IC,04,null,140374910493,,null,,,,null,null,20 OZ,null,,,,,,NORM,null,null,null,null,null,,,2.030,1.250,LBR,9.130,6.000,13.440,INH,0.070,FTQ,,,null,null,1,null,null,null,null,null,0001,null,null,null,null,null,,,,null,,null,,0.000,null,0.0,0.000,null,null,0.0,null,01,null,null,null,null,null,0.000,null,365,1,B,0,null,null,null,null,null,null,null,null,0,null,null,null,0.000,0.0,null,0.000,null,0.000,0.000,null,,null,null,null,,,,null,null,null,null,null,null,null,null,null,null,null,null,null,null,null,,,,
000000007079852084,null,FERT,null,null,FG02,C,PATCHING PLASTER RTU QT 6 PK,EN,EA,,,70798520844,IC,04,null,140074530487,,null,,,,null,null,32 FL OZ,null,,,,,,NORM,null,null,null,null,null,,,3.950,3.700,LBR,15.000,10.000,5.250,INH,0.080,FTQ,,,null,null,1,null,null,null,null,null,0001,null,null,null,null,null,,,,null,,null,,0.000,null,0.0,0.000,null,null,0.0,null,01,null,null,null,null,null,0.000,null,365,1,null,0,null,null,null,null,null,null,null,null,0,null,null,null,0.000,0.0,null,0.000,null,0.000,0.000,null,,null,null,null,,,,null,null,null,null,null,null,null,null,null,null,null,null,null,null,null,,,,
000000007079859184,null,FERT,null,null,FG02,C,RM FLEX FLOOR PATCH & LEVELER 1 QT 6 PK,EN,EA,,,70798591844,IC,04,null,140074520431,,null,,,,null,null,32 FL OZ,null,,,,,,NORM,null,null,null,null,null,,,4.000,3.800,LBR,15.000,10.000,5.250,INH,0.080,FTQ,,,null,null,1,null,null,null,null,null,0001,null,null,null,null,null,,,,null,,null,,0.000,null,0.0,0.000,null,null,0.0,null,01,null,null,null,null,null,0.000,null,365,1,null,0,null,null,null,null,null,null,null,null,0,null,null,null,0.000,0.0,null,0.000,null,0.000,0.000,null,,null,null,null,,,,null,null,null,null,null,null,null,null,null,null,null,null,null,null,null,,,,
000000007079860010,null,FERT,null,null,FG02,C,CDA HYDRATED LIME  6KG,EN,EA,,,70798600102,UC,04,null,140074620488,,null,,,,null,null,6 KG,null,,,,,,NORM,null,null,null,null,null,,,14.000,13.000,LBR,18.500,10.630,3.540,INH,0.400,FTQ,,,null,null,1,null,null,null,null,null,0001,null,null,null,null,null,,,,null,,null,,0.000,null,0.0,0.000,null,null,0.0,null,01,null,null,null,null,null,0.000,null,365,1,B,0,null,null,null,null,null,null,null,null,0,null,null,null,0.000,0.0,null,0.000,null,0.000,0.000,null,,null,null,null,,,,null,null,null,null,null,null,null,null,null,null,null,null,null,null,null,,,,
000000007079860110,null,FERT,null,null,FG02,C,CDA PLASTER OF PARIS 1.8KG,EN,EA,,,70798601109,IC,04,null,140074530482,,null,,,,null,null,2 KG,null,,,,,,NORM,null,null,null,null,null,,,4.600,4.400,LBR,12.500,8.500,8.500,INH,0.090,FTQ,,,null,null,1,null,null,null,null,null,0001,null,null,null,null,null,,,,null,,null,,0.000,null,0.0,0.000,null,null,0.0,null,01,null,null,null,null,null,0.000,null,365,1,null,0,null,null,null,null,null,null,null,null,0,null,null,null,0.000,0.0,null,0.000,null,0.000,0.000,null,,null,null,null,,,,null,null,null,null,null,null,null,null,null,null,null,null,null,null,null,,,,
000000007079860120,null,FERT,null,null,FG02,C,CDA PLASTER OF PARIS 10KG,EN,EA,,,70798601208,UC,04,null,140074530482,,null,,,,null,null,10 KG,null,,,,,,NORM,null,null,null,null,null,,,22.240,22.000,LBR,15.750,9.000,3.000,INH,0.250,FTQ,,,null,null,1,null,null,null,null,null,0001,null,null,null,null,null,,,,null,,null,,0.000,null,0.0,0.000,null,null,0.0,null,01,null,null,null,null,null,0.000,null,365,1,null,0,null,null,null,null,null,null,null,null,0,null,null,null,0.000,0.0,null,0.000,null,0.000,0.000,null,,null,null,null,,,,null,null,null,null,null,null,null,null,null,null,null,null,null,null,null,,,,
000000007079860481,null,FERT,null,null,FG02,C,FRP ADH 4 GAL,EN,EA,,,70798604810,UC,03,null,130173400870,,null,,,,null,null,4 GA,null,,,,,,NORM,null,null,null,null,null,,,53.680,51.560,LBR,11.890,11.890,14.440,INH,1.180,FTQ,,,null,null,1,null,null,null,null,null,0001,null,null,null,null,null,,,,null,,null,,0.000,null,0.0,0.000,null,null,0.0,null,01,null,null,null,null,null,0.000,null,365,1,null,0,null,null,null,null,null,null,null,null,0,null,null,null,0.000,0.0,null,0.000,null,0.000,0.000,null,,null,null,null,,,,null,null,null,null,null,null,null,null,null,null,null,null,null,null,null,,,,
000000007079860584,null,FERT,null,null,FG02,C,CDA STUCCO PATCH RTU 946ML,EN,EA,,,70798605848,IC,04,null,140074530480,,null,,,,null,null,946 ML,null,,,,,,NORM,null,null,null,null,null,,,4.200,3.950,LBR,15.000,10.000,5.250,INH,0.080,FTQ,,,null,null,1,null,null,null,null,null,0001,null,null,null,null,null,,,,null,,null,,0.000,null,0.0,0.000,null,null,0.0,null,01,null,null,null,null,null,0.000,null,365,1,null,0,null,null,null,null,null,null,null,null,0,null,null,null,0.000,0.0,null,0.000,null,0.000,0.000,null,,null,null,null,,,,null,null,null,null,null,null,null,null,null,null,null,null,null,null,null,,,,
000000007079870005,null,FERT,null,null,FG02,C,CDA ORANGE PEEL WATR BS SPRAY TEXT 709G,EN,EA,,,70798700055,IC,04,null,140374910490,,null,,,,null,null,709 GRAMS,null,,,,,,NORM,null,null,null,null,null,,,2.080,1.560,LBR,9.130,6.000,13.440,INH,0.070,FTQ,,,null,null,1,null,null,null,null,null,0001,null,null,null,null,null,,,,null,,null,,0.000,null,0.0,0.000,null,null,0.0,null,01,null,null,null,null,null,0.000,null,365,1,B,0,null,null,null,null,null,null,null,null,0,null,null,null,0.000,0.0,null,0.000,null,0.000,0.000,null,,null,null,null,,,,null,null,null,null,null,null,null,null,null,null,null,null,null,null,null,,,,
000000007079870010,null,FERT,null,null,FG02,C,CDA KNOCKDOWN WB SPRY TEXTR 709G,EN,EA,,,70798700109,IC,04,null,140374910492,,null,,,,null,null,709 GRAMS,null,,,,,,NORM,null,null,null,null,null,,,2.080,1.560,LBR,9.130,6.000,13.440,INH,0.070,FTQ,,,null,null,1,null,null,null,null,null,0001,null,null,null,null,null,,,,null,,null,,0.000,null,0.0,0.000,null,null,0.0,null,01,null,null,null,null,null,0.000,null,365,1,B,0,null,null,null,null,null,null,null,null,0,null,null,null,0.000,0.0,null,0.000,null,0.000,0.000,null,,null,null,null,,,,null,null,null,null,null,null,null,null,null,null,null,null,null,null,null,,,,
000000007079870025,null,FERT,null,null,FG02,C,CDA POPCORN WB SPRAY TEXT 567G 6PK,EN,EA,,,70798700253,IC,04,null,140374910493,,null,,,,null,null,567 GRAMS,null,,,,,,NORM,null,null,null,null,null,,,2.030,1.250,LBR,9.130,6.000,13.440,INH,0.070,FTQ,,,null,null,1,null,null,null,null,null,0001,null,null,null,null,null,,,,null,,null,,0.000,null,0.0,0.000,null,null,0.0,null,01,null,null,null,null,null,0.000,null,365,1,B,0,null,null,null,null,null,null,null,null,0,null,null,null,0.000,0.0,null,0.000,null,0.000,0.000,null,,null,null,null,,,,null,null,null,null,null,null,null,null,null,null,null,null,null,null,null,,,,
000000007079870035,null,FERT,null,null,FG02,C,CDA POPCORN CEILING SPRAY TEXTR 454G 6PK,EN,EA,,,70798700352,IC,04,null,140374910497,,null,,,,null,null,454 G,null,,,,,,NORM,null,null,null,null,null,,,1.580,1.000,LBR,8.100,5.450,10.280,INH,0.040,FTQ,,,null,null,1,null,null,null,null,null,0001,null,null,null,null,null,,,,null,,null,,0.000,null,0.0,0.000,null,null,0.0,null,01,null,null,null,null,null,0.000,null,365,1,B,0,null,null,null,null,null,null,null,null,0,null,null,null,0.000,0.0,null,0.000,null,0.000,0.000,null,,null,null,null,,,,null,null,null,null,null,null,null,null,null,null,null,null,null,null,null,,,,
000000007079870081,null,FERT,null,null,FG02,C,CDA PREM TEXTURED MORTAR BG 300ML 12PK,EN,EA,,,70798700819,IC,01,null,110471630145,,null,,,,null,null,300 ML,null,,,,,,NORM,null,null,null,null,null,,,1.070,0.930,LBR,8.000,6.000,12.000,INH,0.030,FTQ,,,null,null,1,null,null,null,null,null,0001,null,null,null,null,null,,,,null,,null,,0.000,null,0.0,0.000,null,null,0.0,null,01,null,null,null,null,null,0.000,null,365,1,B,0,null,null,null,null,null,null,null,null,0,null,null,null,0.000,0.0,null,0.000,null,0.000,0.000,null,,null,null,null,,,,null,null,null,null,null,null,null,null,null,null,null,null,null,null,null,,,,
000000007079870082,null,FERT,null,null,FG02,C,CDA PREM TEXTURED MORTAR GY 300ML 12PK,EN,EA,,,70798700826,IC,01,null,110471630145,,null,,,,null,null,10.1 FL OZ,null,,,,,,NORM,null,null,null,null,null,,,1.070,0.930,LBR,8.000,6.000,12.000,INH,0.030,FTQ,,,null,null,1,null,null,null,null,null,0001,null,null,null,null,null,,,,null,,null,,0.000,null,0.0,0.000,null,null,0.0,null,01,null,null,null,null,null,0.000,null,365,1,B,0,null,null,null,null,null,null,null,null,0,null,null,null,0.000,0.0,null,0.000,null,0.000,0.000,null,,null,null,null,,,,null,null,null,null,null,null,null,null,null,null,null,null,null,null,null,,,,
000000007079870096,null,FERT,null,null,FG02,C,CDA ALL PRO SILVERPRO 50 FASTDRY 330ML,EN,EA,,,70798700963,IC,01,null,110277000103,,null,,,,null,null,330 ML,null,,,,,,NORM,null,null,null,null,null,,,1.230,1.090,LBR,6.000,8.000,12.000,INH,0.030,FTQ,,,null,null,1,null,null,null,null,null,0001,null,null,null,null,null,,,,null,,null,,0.000,null,0.0,0.000,null,null,0.0,null,01,null,null,null,null,null,0.000,null,365,1,B,0,null,null,null,null,null,null,null,null,0,null,null,null,0.000,0.0,null,0.000,null,0.000,0.000,null,,null,null,null,,,,null,null,null,null,null,null,null,null,null,null,null,null,null,null,null,,,,
000000007079870107,null,FERT,null,null,FG02,C,CDA ORIG CONT CEMENT 88ML 12PK,EN,EA,,,70798701076,IC,06,null,160073000854,,null,,,,null,null,88 ML,null,,,,,,NORM,null,null,null,null,null,,,0.300,0.170,LBR,8.750,6.630,3.620,INH,0.010,FTQ,,,null,null,1,null,null,null,null,null,0001,null,null,null,null,null,,,,null,,null,,0.000,null,0.0,0.000,null,null,0.0,null,01,null,null,null,null,null,0.000,null,365,1,B,0,null,null,null,null,null,null,null,null,0,null,null,null,0.000,0.0,null,0.000,null,0.000,0.000,null,,null,null,null,,,,null,null,null,null,null,null,null,null,null,null,null,null,null,null,null,,,,
000000007079870120,null,FERT,null,null,FG02,C,CDA DAP PREM LTWT JT COMP GA,EN,EA,,,70798701205,IC,04,null,140074500470,,null,,,,null,null,3.78 L,null,,,,,,NORM,null,null,null,null,null,,,10.790,9.980,LBR,16.000,8.000,8.250,INH,0.310,FTQ,,,null,null,1,null,null,null,null,null,0001,03,2025-06-03,null,null,null,,,,null,,null,,0.000,null,0.0,0.000,null,null,0.0,null,01,null,null,null,null,null,0.000,null,365,1,null,0,null,null,null,null,null,null,null,null,0,null,null,null,0.000,0.0,null,0.000,null,0.000,0.000,null,,null,null,null,,,,null,null,null,null,null,null,null,null,null,null,null,null,null,null,null,,,,
000000007079870129,null,FERT,null,null,FG02,C,CDA DAP ORIGINAL CONTACT CEMENT 20ML 6PK,EN,EA,,,70798701298,IC,06,null,160073000300,,null,,,,null,null,0.67 FL OZ,null,,,,,,NORM,null,null,null,null,null,,,0.090,0.040,LBR,7.360,6.020,3.660,INH,0.000,FTQ,,,null,null,1,null,null,null,null,null,0001,null,null,null,null,null,,,,null,,null,,0.000,null,0.0,0.000,null,null,0.0,null,01,null,null,null,null,null,0.000,null,365,1,B,0,null,null,null,null,null,null,null,null,0,null,null,null,0.000,0.0,null,0.000,null,0.000,0.000,null,,null,null,null,,,,null,null,null,null,null,null,null,null,null,null,null,null,null,null,null,,,,
000000007079870158,null,FERT,null,null,FG02,C,CDA DAP SUPER GLUE 2 3G 12PK,EN,EA,,,70798701588,IC,06,null,161073260846,,null,,,,null,null,3 GRAMS,null,,,,,,NORM,null,null,null,null,null,,,0.060,0.010,LBR,7.060,4.310,8.625,INH,0.010,FTQ,,,null,null,1,null,null,null,null,null,0001,null,null,null,null,null,,,,null,,null,,0.000,null,0.0,0.000,null,null,0.0,null,01,null,null,null,null,null,0.000,null,546,1,B,0,null,null,null,null,null,null,null,null,0,null,null,null,0.000,0.0,null,0.000,null,0.000,0.000,null,,null,null,null,,,,null,null,null,null,null,null,null,null,null,null,null,null,null,null,null,,,,
000000007079870160,null,FERT,null,null,FG02,C,CDA HEAVY DUTY ADH 88ML 6PK CRD,EN,EA,,,70798701601,IC,06,null,161073260846,,null,,,,null,null,88 ML,null,,,,,,NORM,null,null,null,null,null,,,0.370,0.190,LBR,8.880,5.880,4.130,INH,0.020,FTQ,,,null,null,1,null,null,null,null,null,0001,null,null,null,null,null,,,,null,,null,,0.000,null,0.0,0.000,null,null,0.0,null,01,null,null,null,null,null,0.000,null,365,1,B,0,null,null,null,null,null,null,null,null,0,null,null,null,0.000,0.0,null,0.000,null,0.000,0.000,null,,null,null,null,,,,null,null,null,null,null,null,null,null,null,null,null,null,null,null,null,,,,
000000007079870173,null,FERT,null,null,FG02,C,CDA DAP SUPER GLUE 16G BRUSH AP 6PK,EN,EA,,,70798701731,IC,06,null,161073260846,,null,,,,null,null,16 GRAMS,null,,,,,,NORM,null,null,null,null,null,,,0.170,0.040,LBR,6.750,4.380,7.000,INH,0.020,FTQ,,,null,null,1,null,null,null,null,null,0001,null,null,null,null,null,,,,null,,null,,0.000,null,0.0,0.000,null,null,0.0,null,01,null,null,null,null,null,0.000,null,546,1,B,0,null,null,null,null,null,null,null,null,0,null,null,null,0.000,0.0,null,0.000,null,0.000,0.000,null,,null,null,null,,,,null,null,null,null,null,null,null,null,null,null,null,null,null,null,null,,,,
000000007079870179,null,FERT,null,null,FG02,C,CDA DAP GEL CONTROL 4G 6PK,EN,EA,,,70798701793,IC,06,null,161073260846,,null,,,,null,null,4 GRAMS,null,,,,,,null,null,null,null,null,null,,,0.120,0.010,LBR,7.770,4.250,6.930,INH,0.020,FTQ,,,null,null,1,null,null,null,null,null,0001,null,null,null,null,null,,,,null,,null,,0.000,null,0.0,0.000,null,null,0.0,null,01,null,null,null,null,null,0.000,null,546,1,B,0,null,null,null,null,null,null,null,null,0,null,null,null,0.000,0.0,null,0.000,null,0.000,0.000,null,,null,null,null,,,,null,null,null,null,null,null,null,null,null,null,null,null,null,null,null,,,,
000000007079870180,null,FERT,null,null,FG02,C,CDA DAP ULTRA CLEAR ADH 49ML 6PK,EN,EA,,,70798701809,IC,06,null,161073260846,,null,,,,null,null,49 ML,null,,,,,,NORM,null,null,null,null,null,,,0.220,0.110,LBR,6.750,4.380,7.000,INH,0.020,FTQ,,,null,null,1,null,null,null,null,null,0001,null,null,null,null,null,,,,null,,null,,0.000,null,0.0,0.000,null,null,0.0,null,01,null,null,null,null,null,0.000,null,546,1,B,0,null,null,null,null,null,null,null,null,0,null,null,null,0.000,0.0,null,0.000,null,0.000,0.000,null,,null,null,null,,,,null,null,null,null,null,null,null,null,null,null,null,null,null,null,null,,,,
000000007079870272,null,FERT,null,null,FG02,C,CDA WELDWOOD ORIG CONT CEM 946ML,EN,EA,,,70798702721,IC,06,null,160073000300,,null,,,,null,null,32 FL OZ,null,,,,,,NORM,null,null,null,null,null,,,2.110,1.840,LBR,13.500,9.000,5.000,INH,0.060,FTQ,,,null,null,1,null,null,null,null,null,0001,null,null,null,null,null,,,,null,,null,,0.000,null,0.0,0.000,null,null,0.0,null,01,null,null,null,null,null,0.000,null,365,1,B,0,null,null,null,null,null,null,null,null,0,null,null,null,0.000,0.0,null,0.000,null,0.000,0.000,null,,null,null,null,,,,null,null,null,null,null,null,null,null,null,null,null,null,null,null,null,,,,
000000007079870273,null,FERT,null,null,FG02,C,CDA WELDWOOD ORIG CONT CEM 3.8L,EN,EA,,,70798702738,IC,06,null,160073000300,,null,,,,null,null,1 GA,null,,,,,,NORM,null,null,null,null,null,,,7.920,7.350,LBR,13.500,13.500,8.000,INH,0.210,FTQ,,,null,null,1,null,null,null,null,null,0001,null,null,null,null,null,,,,null,,null,,0.000,null,0.0,0.000,null,null,0.0,null,01,null,null,null,null,null,0.000,null,365,1,B,0,null,null,null,null,null,null,null,null,0,null,null,null,0.000,0.0,null,0.000,null,0.000,0.000,null,,null,null,null,,,,null,null,null,null,null,null,null,null,null,null,null,null,null,null,null,,,,
000000007079870480,null,FERT,null,null,FG02,C,CDA PROF WOOD GLUE 237ML 12PK,EN,EA,,,70798704800,IC,06,null,161073100380,,null,,,,null,null,237 ML,null,,,,,,NORM,null,null,null,null,null,,,0.630,0.550,LBR,9.060,6.500,7.180,INH,0.020,FTQ,,,null,null,1,null,null,null,null,null,0001,null,null,null,null,null,,,,null,,null,,0.000,null,0.0,0.000,null,null,0.0,null,01,null,null,null,null,null,0.000,null,365,1,B,0,null,null,null,null,null,null,null,null,0,null,null,null,0.000,0.0,null,0.000,null,0.000,0.000,null,,null,null,null,,,,null,null,null,null,null,null,null,null,null,null,null,null,null,null,null,,,,
000000007079870481,null,FERT,null,null,FG02,C,CDA PROF WOOD GLUE 473ML 12PK,EN,EA,,,70798704817,IC,06,null,161073100380,,null,,,,null,null,473 ML,null,,,,,,NORM,null,null,null,null,null,,,1.230,1.100,LBR,15.250,5.380,9.940,INH,0.050,FTQ,,,null,null,1,null,null,null,null,null,0001,null,null,null,null,null,,,,null,,null,,0.000,null,0.0,0.000,null,null,0.0,null,01,null,null,null,null,null,0.000,null,365,1,B,0,null,null,null,null,null,null,null,null,0,null,null,null,0.000,0.0,null,0.000,null,0.000,0.000,null,,null,null,null,,,,null,null,null,null,null,null,null,null,null,null,null,null,null,null,null,,,,
000000007079870482,null,FERT,null,null,FG02,C,CDA PROF WOOD GLUE 946ML 6PK,EN,EA,,,70798704824,IC,06,null,161073100380,,null,,,,null,null,946 ML,null,,,,,,NORM,null,null,null,null,null,,,2.420,2.210,LBR,9.000,5.630,8.750,INH,0.040,FTQ,,,null,null,1,null,null,null,null,null,0001,null,null,null,null,null,,,,null,,null,,0.000,null,0.0,0.000,null,null,0.0,null,01,null,null,null,null,null,0.000,null,365,1,B,0,null,null,null,null,null,null,null,null,0,null,null,null,0.000,0.0,null,0.000,null,0.000,0.000,null,,null,null,null,,,,null,null,null,null,null,null,null,null,null,null,null,null,null,null,null,,,,
000000007079870483,null,FERT,null,null,FG02,C,CDA PROF WOOD GLUE 3.8L 2PK,EN,EA,,,70798704831,IC,06,null,161073100380,,null,,,,null,null,3.8L,null,,,,,,NORM,null,null,null,null,null,,,9.500,8.820,LBR,11.750,6.130,11.750,INH,0.250,FTQ,,,null,null,1,null,null,null,null,null,0001,null,null,null,null,null,,,,null,,null,,0.000,null,0.0,0.000,null,null,0.0,null,01,null,null,null,null,null,0.000,null,365,1,B,0,null,null,null,null,null,null,null,null,0,null,null,null,0.000,0.0,null,0.000,null,0.000,0.000,null,,null,null,null,,,,null,null,null,null,null,null,null,null,null,null,null,null,null,null,null,,,,
000000007079870484,null,FERT,null,null,FG02,C,CDA WELDWOOD 2IN1 WD GLUE&FILL 147ML 6PK,EN,EA,,,70798704848,IC,06,null,161573810896,,null,,,,null,null,147 GRAM,null,,,,,,NORM,null,null,null,null,null,,,0.590,0.380,LBR,13.690,3.130,7.380,INH,0.030,FTQ,,,null,null,1,null,null,null,null,null,0001,null,null,null,null,null,,,,null,,null,,0.000,null,0.0,0.000,null,null,0.0,null,01,null,null,null,null,null,0.000,null,365,1,B,0,null,null,null,null,null,null,null,null,0,null,null,null,0.000,0.0,null,0.000,null,0.000,0.000,null,,null,null,null,,,,null,null,null,null,null,null,null,null,null,null,null,null,null,null,null,,,,
000000007079870491,null,FERT,null,null,FG02,C,CDA ORIGINAL WOOD GLUE 473 ML 12PK,EN,EA,,,70798704916,IC,06,null,161073100380,,null,,,,null,null,473 ML,null,,,,,,NORM,null,null,null,null,null,,,1.330,1.000,LBR,12.250,8.500,9.250,INH,0.050,FTQ,,,null,null,1,null,null,null,null,null,0001,null,null,null,null,null,,,,null,,null,,0.000,null,0.0,0.000,null,null,0.0,null,01,null,null,null,null,null,0.000,null,365,1,B,0,null,null,null,null,null,null,null,null,0,null,null,null,0.000,0.0,null,0.000,null,0.000,0.000,null,,null,null,null,,,,null,null,null,null,null,null,null,null,null,null,null,null,null,null,null,,,,
000000007079870492,null,FERT,null,null,FG02,C,CDA ORIGINAL WOOD GLUE 946 ML 12PK,EN,EA,,,70798704923,IC,06,null,161073100380,,null,,,,null,null,946 ML,null,,,,,,NORM,null,null,null,null,null,,,2.670,2.330,LBR,17.500,9.500,10.000,INH,0.080,FTQ,,,null,null,1,null,null,null,null,null,0001,null,null,null,null,null,,,,null,,null,,0.000,null,0.0,0.000,null,null,0.0,null,01,null,null,null,null,null,0.000,null,365,1,B,0,null,null,null,null,null,null,null,null,0,null,null,null,0.000,0.0,null,0.000,null,0.000,0.000,null,,null,null,null,,,,null,null,null,null,null,null,null,null,null,null,null,null,null,null,null,,,,
000000007079870496,null,FERT,null,null,FG02,C,CDA ORIGINAL WOOD GLUE 118 ML 12PK,EN,EA,,,70798704961,IC,06,null,161073100380,,null,,,,null,null,118 ML,null,,,,,,NORM,null,null,null,null,null,,,0.320,0.260,LBR,7.680,5.310,6.100,INH,0.010,FTQ,,,null,null,1,null,null,null,null,null,0001,null,null,null,null,null,,,,null,,null,,0.000,null,0.0,0.000,null,null,0.0,null,01,null,null,null,null,null,0.000,null,365,1,B,0,null,null,null,null,null,null,null,null,0,null,null,null,0.000,0.0,null,0.000,null,0.000,0.000,null,,null,null,null,,,,null,null,null,null,null,null,null,null,null,null,null,null,null,null,null,,,,
000000007079870497,null,FERT,null,null,FG02,C,CDA ORIGINAL WOOD GLUE 236 ML 12PK,EN,EA,,,70798704978,IC,06,null,161073100380,,null,,,,null,null,236 ML,null,,,,,,NORM,null,null,null,null,null,,,0.830,0.780,LBR,10.430,6.300,7.090,INH,0.020,FTQ,,,null,null,1,null,null,null,null,null,0001,null,null,null,null,null,,,,null,,null,,0.000,null,0.0,0.000,null,null,0.0,null,01,null,null,null,null,null,0.000,null,365,1,B,0,null,null,null,null,null,null,null,null,0,null,null,null,0.000,0.0,null,0.000,null,0.000,0.000,null,,null,null,null,,,,null,null,null,null,null,null,null,null,null,null,null,null,null,null,null,,,,
000000007079870500,null,FERT,null,null,FG02,C,CDA DAP CONCRETE CRACK FILL DRY,EN,EA,,,70798705005,IC,04,null,140074520438,,null,,,,null,null,737 G,null,,,,,,NORM,null,null,null,null,null,,,1.630,1.000,LBR,8.380,6.170,7.880,INH,0.040,FTQ,,,null,null,1,null,null,null,null,null,0001,null,null,null,null,null,,,,null,,null,,0.000,null,0.0,0.000,null,null,0.0,null,01,null,null,null,null,null,0.000,null,1095,1,B,0,null,null,null,null,null,null,null,null,0,null,null,null,0.000,0.0,null,0.000,null,0.000,0.000,null,,null,null,null,,,,null,null,null,null,null,null,null,null,null,null,null,null,null,null,null,,,,
000000007079870541,null,FERT,null,null,FG02,C,CDA WOOD-X W/DRYDEX 226G 6PK,EN,EA,,,70798705418,IC,04,null,140274320414,,null,,,,null,null,8 OZ,null,,,,,,NORM,null,ZP,null,null,null,,,0.580,0.500,LBR,8.500,4.380,5.060,INH,0.020,FTQ,,,null,null,1,null,null,null,null,null,0001,null,null,null,null,null,,,,null,,null,,0.000,null,0.0,0.000,null,null,0.0,null,01,null,null,null,null,null,0.000,null,365,1,B,0,null,null,null,null,null,null,null,null,0,null,null,null,0.000,0.0,null,0.000,null,0.000,0.000,null,,null,null,null,,,,null,null,null,null,null,null,null,null,null,null,null,null,null,null,null,,,,
000000007079870580,null,FERT,null,null,FG02,C,CDA ROOF SEALANT (70577),EN,EA,,,70798705777,UC,01,null,110471610123,,null,,,,null,null,300 ML,null,,,,,,NORM,null,null,null,null,null,,,1.210,1.070,LBR,8.000,6.000,12.000,INH,0.030,FTQ,,,null,null,1,null,null,null,null,null,0001,null,null,null,null,null,,,,null,,null,,0.000,null,0.0,0.000,null,null,0.0,null,01,null,null,null,null,null,0.000,null,730,1,B,0,null,null,null,null,null,null,null,null,0,null,null,null,0.000,0.0,null,0.000,null,0.000,0.000,null,,null,null,null,,,,null,null,null,null,null,null,null,null,null,null,null,null,null,null,null,,,,
000000007079870596,null,FERT,null,null,FG02,C,CDA WOODPRO-X REPR KIT HP 226G 6PK,EN,EA,,,70798705968,IC,04,null,140274320414,,null,,,,null,null,8 OZ,null,,,,,,NORM,null,null,null,null,null,,,0.800,0.500,LBR,16.400,6.900,8.250,INH,0.090,FTQ,,,null,null,1,null,null,null,null,null,0001,null,null,null,null,null,,,,null,,null,,0.000,null,0.0,0.000,null,null,0.0,null,01,null,null,null,null,null,0.000,null,365,1,B,0,null,null,null,null,null,null,null,null,0,null,null,null,0.000,0.0,null,0.000,null,0.000,0.000,null,,null,null,null,,,,null,null,null,null,null,null,null,null,null,null,null,null,null,null,null,,,,
000000007079870618,null,FERT,null,null,FG02,C,CDA CONCRETE SEALANT (70615),EN,EA,,,70798706156,UC,01,null,110471630125,,null,,,,null,null,300 ML,null,,,,,,NORM,null,null,null,null,null,,,1.240,1.110,LBR,8.000,6.000,12.000,INH,0.030,FTQ,,,null,null,1,null,null,null,null,null,0001,null,null,null,null,null,,,,null,,null,,0.000,null,0.0,0.000,null,null,0.0,null,01,null,null,null,null,null,0.000,null,365,1,null,0,null,null,null,null,null,null,null,null,0,null,null,null,0.000,0.0,null,0.000,null,0.000,0.000,null,,null,null,null,,,,null,null,null,null,null,null,null,null,null,null,null,null,null,null,null,,,,
000000007079870755,null,FERT,null,null,FG02,C,CDA DAP 100% SILIC AP CLR 83ML 6PK CRD,EN,EA,,,70798707559,IC,02,null,120172000200,,null,,,,null,null,83 ML,null,,,,,,NORM,null,null,null,null,null,,,0.260,0.160,LBR,8.650,4.750,4.125,INH,0.020,FTQ,,,null,null,1,null,null,null,null,null,0001,null,null,null,null,null,,,,null,,null,,0.000,null,0.0,0.000,null,null,0.0,null,01,null,null,null,null,null,0.000,null,546,1,B,0,null,null,null,null,null,null,null,null,0,null,null,null,0.000,0.0,null,0.000,null,0.000,0.000,null,,null,null,null,,,,null,null,null,null,null,null,null,null,null,null,null,null,null,null,null,,,,
000000007079870765,null,FERT,null,null,FG02,C,CDA AMP GUTTER & FLASH LVOC CLR 266ML,EN,EA,,,70798707658,IC,01,null,110472120252,,null,,,,null,null,266 ML,null,,,,,,NORM,null,null,null,null,null,,,1.010,0.830,LBR,8.000,6.000,12.000,INH,0.030,FTQ,,,null,null,1,null,null,null,null,null,0001,null,null,null,null,null,,,,null,,null,,0.000,null,0.0,0.000,null,null,0.0,null,01,null,null,null,null,null,0.000,null,365,1,B,0,null,null,null,null,null,null,null,null,0,null,null,null,0.000,0.0,null,0.000,null,0.000,0.000,null,,null,null,null,,,,null,null,null,null,null,null,null,null,null,null,null,null,null,null,null,,,,
000000007079870944,null,FERT,null,null,FG02,C,CDA DRYDEX NAIL HOLE FILL 29ML 6PK CRD,EN,EA,,,70798709447,IC,04,null,140174030405,,null,,,,null,null,29 ML,null,,,,,,NORM,null,null,null,null,null,,,0.210,0.050,LBR,8.630,4.380,3.380,INH,0.010,FTQ,,,null,null,1,null,null,null,null,null,0001,null,null,null,null,null,,,,null,,null,,0.000,null,0.0,0.000,null,null,0.0,null,01,null,null,null,null,null,0.000,null,365,1,B,0,null,null,null,null,null,null,null,null,0,null,null,null,0.000,0.0,null,0.000,null,0.000,0.000,null,,null,null,null,,,,null,null,null,null,null,null,null,null,null,null,null,null,null,null,null,,,,
000000007079870952,null,FERT,null,null,FG02,C,CDA ULTRA CLR 83ML 6PK SQUZ TUBE CRD,EN,EA,,,70798709522,IC,01,null,110471640126,,null,,,,null,null,83ML,null,,,,,,NORM,null,null,null,null,null,,,0.260,0.160,LBR,9.875,5.625,3.500,INH,0.020,FTQ,,,null,null,1,null,null,null,null,null,0001,null,null,null,null,null,,,,null,,null,,0.000,null,0.0,0.000,null,null,0.0,null,01,null,null,null,null,null,0.000,null,365,1,B,0,null,null,null,null,null,null,null,null,0,null,null,null,0.000,0.0,null,0.000,null,0.000,0.000,null,,null,null,null,,,,null,null,null,null,null,null,null,null,null,null,null,null,null,null,null,,,,
000000007079870954,null,FERT,null,null,FG02,C,CDA DAP KWIK SEAL WHT 83ML 6PK CRD,EN,EA,,,70798709546,IC,01,null,110371500110,,null,,,,null,null,83 ML,null,,,,,,NORM,null,null,null,null,null,,,0.260,0.160,LBR,9.875,5.625,3.500,INH,0.020,FTQ,,,null,null,1,null,null,null,null,null,0001,null,null,null,null,null,,,,null,,null,,0.000,null,0.0,0.000,null,null,0.0,null,01,null,null,null,null,null,0.000,null,365,1,B,0,null,null,null,null,null,null,null,null,0,null,null,null,0.000,0.0,null,0.000,null,0.000,0.000,null,,null,null,null,,,,null,null,null,null,null,null,null,null,null,null,null,null,null,null,null,,,,
000000007079870956,null,FERT,null,null,FG02,C,CDA DAP ALEX PLUS WHT 83ML 6PK CRD,EN,EA,,,70798709560,IC,01,null,110271000101,,null,,,,null,null,83 ML,null,,,,,,NORM,null,null,null,null,null,,,0.260,0.160,LBR,9.875,5.625,3.500,INH,0.020,FTQ,,,null,null,1,null,null,null,null,null,0001,null,null,null,null,null,,,,null,,null,,0.000,null,0.0,0.000,null,null,0.0,null,01,null,null,null,null,null,0.000,null,365,1,B,0,null,null,null,null,null,null,null,null,0,null,null,null,0.000,0.0,null,0.000,null,0.000,0.000,null,,null,null,null,,,,null,null,null,null,null,null,null,null,null,null,null,null,null,null,null,,,,
000000007079870980,null,FERT,null,null,FG02,C,CDA LTX WINDOW GLAZING - 70976,EN,EA,,,70798709768,UC,04,null,140074200411,,null,,,,null,null,300 ML,null,,,,,,NORM,null,null,null,null,null,,,1.330,1.180,LBR,8.000,6.000,12.000,INH,0.030,FTQ,,,null,null,1,null,null,null,null,null,0001,null,null,null,null,null,,,,null,,null,,0.000,null,0.0,0.000,null,null,0.0,null,01,null,null,null,null,null,0.000,null,365,1,null,0,null,null,null,null,null,null,null,null,0,null,null,null,0.000,0.0,null,0.000,null,0.000,0.000,null,,null,null,null,,,,null,null,null,null,null,null,null,null,null,null,null,null,null,null,null,,,,
000000007079871000,null,FERT,null,null,FG02,C,CDA WOOD HARDENER 473 ML 12 PK,EN,EA,,,70798710009,IC,04,null,140274360440,,null,,,,null,null,473 ML,null,,,,,,NORM,null,null,null,null,null,,,1.230,1.090,LBR,14.000,10.500,4.560,INH,0.030,FTQ,,,null,null,1,null,null,null,null,null,0001,null,null,null,null,null,,,,null,,null,,0.000,null,0.0,0.000,null,null,0.0,null,01,null,null,null,null,null,0.000,null,365,1,B,0,null,null,null,null,null,null,null,null,0,null,null,null,0.000,0.0,null,0.000,null,0.000,0.000,null,,null,null,null,,,,null,null,null,null,null,null,null,null,null,null,null,null,null,null,null,,,,
000000007079871015,null,FERT,null,null,FG02,C,CDA CANAC ACRYLIC LATEX GAP FILL 300ML,EN,EA,,,202211010155,IC,01,null,110271000100,,null,,,,null,null,300 ML,null,,,,,,NORM,null,null,null,null,null,,,1.200,1.070,LBR,8.000,6.000,12.000,INH,0.030,FTQ,,,null,null,1,null,null,null,null,null,0001,null,null,null,null,null,,,,null,,null,,0.000,null,0.0,0.000,null,null,0.0,null,01,null,null,null,null,null,0.000,null,365,1,B,0,null,null,null,null,null,null,null,null,0,null,null,null,0.000,0.0,null,0.000,null,0.000,0.000,null,,null,null,null,,,,null,null,null,null,null,null,null,null,null,null,null,null,null,null,null,,,,
000000007079871016,null,FERT,null,null,FG02,C,CDA CANAC SILICON LATEX SEALANT 300ML,EN,EA,,,202211010162,IC,01,null,110271000101,,null,,,,null,null,300 ML,null,,,,,,NORM,null,null,null,null,null,,,0.810,0.680,LBR,8.000,6.000,12.000,INH,0.030,FTQ,,,null,null,1,null,null,null,null,null,0001,null,null,null,null,null,,,,null,,null,,0.000,null,0.0,0.000,null,null,0.0,null,01,null,null,null,null,null,0.000,null,365,1,B,0,null,null,null,null,null,null,null,null,0,null,null,null,0.000,0.0,null,0.000,null,0.000,0.000,null,,null,null,null,,,,null,null,null,null,null,null,null,null,null,null,null,null,null,null,null,,,,
000000007079871018,null,FERT,null,null,FG02,C,CDA KWIK SEAL WHITE 300ML 12PK,EN,EA,,,70798710207,UC,01,null,110371500110,,null,,,,null,null,300 ML,null,,,,,,NORM,null,null,null,null,null,,,1.230,1.090,LBR,8.000,6.000,12.000,INH,0.030,FTQ,,,null,null,1,null,null,null,null,null,0001,null,null,null,null,null,,,,null,,null,,0.000,null,0.0,0.000,null,null,0.0,null,01,null,null,null,null,null,0.000,null,365,1,null,0,null,null,null,null,null,null,null,null,0,null,null,null,0.000,0.0,null,0.000,null,0.000,0.000,null,,null,null,null,,,,null,null,null,null,null,null,null,null,null,null,null,null,null,null,null,,,,
000000007079871023,null,FERT,null,null,FG02,C,CDA KWIK SEAL 162ML WHITE,EN,EA,,,70798710238,IC,01,null,110371500110,,null,,,,null,null,162.00  ML,null,,,,,,NORM,null,ZP,null,null,null,,,0.660,0.600,LBR,9.500,7.250,4.250,INH,0.010,FTQ,,,null,null,1,null,null,null,null,null,0001,03,2018-08-31,null,null,null,,,,null,,null,,0.000,null,0.0,0.000,null,null,0.0,null,01,null,null,null,null,null,0.000,null,365,1,null,0,null,null,null,null,null,null,null,null,0,null,null,null,0.000,0.0,null,0.000,null,0.000,0.000,null,,null,null,null,,,,null,null,null,null,null,null,null,null,null,null,null,null,null,null,null,,,,
000000007079871062,null,FERT,null,null,FG02,C,CDA DAPTEX PLUS LTX FM SLNT 340G 12PK,EN,EA,,,70798710627,IC,07,null,170371820172,,null,,,,null,null,340 G,null,,,,,,NORM,null,null,null,null,null,,,1.100,0.810,LBR,11.000,9.000,9.500,INH,0.050,FTQ,,,null,null,1,null,null,null,null,null,0001,03,2026-07-28,null,null,null,,,,null,,null,,0.000,null,0.0,0.000,null,null,0.0,null,01,null,null,null,null,null,0.000,null,546,1,null,0,null,null,null,null,null,null,null,null,0,null,null,null,0.000,0.0,null,0.000,null,0.000,0.000,null,,null,null,null,,,,null,null,null,null,null,null,null,null,null,null,null,null,null,null,null,,,,
000000007079871064,null,FERT,null,null,FG02,C,CDA FIRE STOP CAULK 12PK,EN,EA,,,70798710641,IC,01,null,110471650127,,null,,,,null,null,300 ML,null,,,,,,NORM,null,null,null,null,null,,,1.080,0.940,LBR,8.130,6.250,12.000,INH,0.030,FTQ,,,null,null,1,null,null,null,null,null,0001,null,null,null,null,null,,,,null,,null,,0.000,null,0.0,0.000,null,null,0.0,null,01,null,null,null,null,null,0.000,null,365,1,null,0,null,null,null,null,null,null,null,null,0,null,null,null,0.000,0.0,null,0.000,null,0.000,0.000,null,,null,null,null,,,,null,null,null,null,null,null,null,null,null,null,null,null,null,null,null,,,,
000000007079871066,null,FERT,null,null,FG02,C,CDA DAPTEX PLUS LTX FM SLNT 340G 6PK,EN,EA,,,70798710627,IC,07,null,170471820172,,null,,,,null,null,340 G,null,,,,,,NORM,null,null,null,null,null,,,1.120,0.810,LBR,8.750,6.000,9.500,INH,0.050,FTQ,,,null,null,1,null,null,null,null,null,0001,null,null,null,null,null,,,,null,,null,,0.000,null,0.0,0.000,null,null,0.0,null,01,null,null,null,null,null,0.000,null,546,18,B,0,null,null,null,null,null,null,null,null,0,null,null,null,0.000,0.0,null,0.000,null,0.000,0.000,null,,null,null,null,,,,null,null,null,null,null,null,null,null,null,null,null,null,null,null,null,,,,
000000007079871090,null,FERT,null,null,FG02,C,CDA 33 GLAZING 3.78L,EN,EA,,,70798710900,IC,04,null,140074200410,,null,,,,null,null,3.78 L,null,,,,,,NORM,null,null,null,null,null,,,19.210,18.400,LBR,16.000,8.000,8.250,INH,0.310,FTQ,,,null,null,1,null,null,null,null,null,0001,null,null,null,null,null,,,,null,,null,,0.000,null,0.0,0.000,null,null,0.0,null,01,null,null,null,null,null,0.000,null,365,1,null,0,null,null,null,null,null,null,null,null,0,null,null,null,0.000,0.0,null,0.000,null,0.000,0.000,null,,null,null,null,,,,null,null,null,null,null,null,null,null,null,null,null,null,null,null,null,,,,
000000007079871105,null,FERT,null,null,FG02,C,CDA WOOD ROT REPAIR KIT 6 PK,EN,EA,,,70798711051,IC,04,null,140274360444,,null,,,,null,null,1 KIT,null,,,,,,NORM,null,null,null,null,null,,,2.670,2.550,LBR,14.200,9.880,11.000,INH,0.150,FTQ,,,null,null,1,null,null,null,null,null,0001,null,null,null,null,null,,,,null,,null,,0.000,null,0.0,0.000,null,null,0.0,null,01,null,null,null,null,null,0.000,null,365,1,B,0,null,null,null,null,null,null,null,null,0,null,null,null,0.000,0.0,null,0.000,null,0.000,0.000,null,,null,null,null,,,,null,null,null,null,null,null,null,null,null,null,null,null,null,null,null,,,,
000000007079871112,null,FERT,null,null,FG02,C,CDA 33 GLAZING 946 ML,EN,EA,,,70798711129,IC,04,null,140074200410,,null,,,,null,null,946 ML,null,,,,,,NORM,null,null,null,null,null,,,4.850,4.600,LBR,15.000,10.000,5.250,INH,0.080,FTQ,,,null,null,1,null,null,null,null,null,0001,null,null,null,null,null,,,,null,,null,,0.000,null,0.0,0.000,null,null,0.0,null,01,null,null,null,null,null,0.000,null,365,1,B,0,null,null,null,null,null,null,null,null,0,null,null,null,0.000,0.0,null,0.000,null,0.000,0.000,null,,null,null,null,,,,null,null,null,null,null,null,null,null,null,null,null,null,null,null,null,,,,
000000007079871151,null,FERT,null,null,FG02,C,CDA 33 GLAZING 237ML,EN,EA,,,70798711518,IC,04,null,140074200410,,null,,,,null,null,237 ML,null,,,,,,NORM,null,null,null,null,null,,,1.250,1.150,LBR,13.500,10.000,3.750,INH,0.020,FTQ,,,null,null,1,null,null,null,null,null,0001,null,null,null,null,null,,,,null,,null,,0.000,null,0.0,0.000,null,null,0.0,null,01,null,null,null,null,null,0.000,null,365,1,B,0,null,null,null,null,null,null,null,null,0,null,null,null,0.000,0.0,null,0.000,null,0.000,0.000,null,,null,null,null,,,,null,null,null,null,null,null,null,null,null,null,null,null,null,null,null,,,,
000000007079871162,null,FERT,null,null,FG02,C,CDA DRYDEX SPACKLING 237ML 6PK,EN,EA,,,70798711600,UC,04,null,140174030405,,null,,,,null,null,237 ML,null,,,,,,NORM,null,null,null,null,null,,,1.090,0.980,LBR,10.250,6.880,3.750,INH,0.030,FTQ,,,null,null,1,null,null,null,null,null,0001,null,null,null,null,null,,,,null,,null,,0.000,null,0.0,0.000,null,null,0.0,null,01,null,null,null,null,null,0.000,null,365,1,null,0,null,null,null,null,null,null,null,null,0,null,null,null,0.000,0.0,null,0.000,null,0.000,0.000,null,,null,null,null,,,,null,null,null,null,null,null,null,null,null,null,null,null,null,null,null,,,,
000000007079871164,null,FERT,null,null,FG02,C,CDA DRYDEX SPACKLING 946ML 6PK,EN,EA,,,70798711648,IC,04,null,140174030405,,null,,,,null,null,946 ML,null,,,,,,NORM,null,null,null,null,null,,,4.160,3.910,LBR,15.000,10.000,5.250,INH,0.080,FTQ,,,null,null,1,null,null,null,null,null,0001,null,null,null,null,null,,,,null,,null,,0.000,null,0.0,0.000,null,null,0.0,null,01,null,null,null,null,null,0.000,null,365,1,null,0,null,null,null,null,null,null,null,null,0,null,null,null,0.000,0.0,null,0.000,null,0.000,0.000,null,,null,null,null,,,,null,null,null,null,null,null,null,null,null,null,null,null,null,null,null,,,,
000000007079871354,null,FERT,null,null,FG02,C,CDA FAST'N FINAL 946 ML 6PK,EN,EA,,,70798713543,IC,04,null,140174040402,,null,,,,null,null,946 ML,null,,,,,,NORM,null,null,null,null,null,,,1.380,1.050,LBR,15.000,10.000,5.250,INH,0.080,FTQ,,,null,null,1,null,null,null,null,null,0001,null,null,null,null,null,,,,null,,null,,0.000,null,0.0,0.000,null,null,0.0,null,01,null,null,null,null,null,0.000,null,365,1,null,0,null,null,null,null,null,null,null,null,0,null,null,null,0.000,0.0,null,0.000,null,0.000,0.000,null,,null,null,null,,,,null,null,null,null,null,null,null,null,null,null,null,null,null,null,null,,,,
000000007079871587,null,FERT,null,null,FG02,C,CDA WOODPRO LATEX 170G BLACK 6PK,EN,EA,,,70798715875,IC,04,null,140274320413,,null,,,,null,null,170 G,null,,,,,,NORM,null,null,null,null,null,,,0.530,0.380,LBR,13.690,3.130,7.380,INH,0.030,FTQ,,,null,null,1,null,null,null,null,null,0001,null,null,null,null,null,,,,null,,null,,0.000,null,0.0,0.000,null,null,0.0,null,01,null,null,null,null,null,0.000,null,365,1,B,0,null,null,null,null,null,null,null,null,0,null,null,null,0.000,0.0,null,0.000,null,0.000,0.000,null,,null,null,null,,,,null,null,null,null,null,null,null,null,null,null,null,null,null,null,null,,,,
000000007079872337,null,FERT,null,null,FG02,C,CDA DRYDEX 162ML TUBE 12PK,EN,EA,,,70798723375,IC,04,null,140174030405,,null,,,,null,null,162 ML,null,,,,,,NORM,null,null,null,null,null,,,0.730,0.670,LBR,10.500,4.500,10.500,INH,0.020,FTQ,,,null,null,1,null,null,null,null,null,0001,null,null,null,null,null,,,,null,,null,,0.000,null,0.0,0.000,null,null,0.0,null,01,null,null,null,null,null,0.000,null,365,1,null,0,null,null,null,null,null,null,null,null,0,null,null,null,0.000,0.0,null,0.000,null,0.000,0.000,null,,null,null,null,,,,null,null,null,null,null,null,null,null,null,null,null,null,null,null,null,,,,
000000007079872345,null,FERT,null,null,FG02,C,CDA DRYDEX RPR PATCH KIT HP,EN,EA,,,70798723450,IC,04,null,140174030405,,null,,,,null,null,237 ML,null,,,,,,NORM,null,null,null,null,null,,,1.130,0.970,LBR,21.380,7.250,8.250,INH,0.120,FTQ,,,null,null,1,null,null,null,null,null,0001,null,null,null,null,null,,,,null,,null,,0.000,null,0.0,0.000,null,null,0.0,null,01,null,null,null,null,null,0.000,null,365,1,null,0,null,null,null,null,null,null,null,null,0,null,null,null,0.000,0.0,null,0.000,null,0.000,0.000,null,,null,null,null,,,,null,null,null,null,null,null,null,null,null,null,null,null,null,null,null,,,,
000000007079872347,null,FERT,null,null,FG02,C,CDA DRYDEX SPACKLING 3.78L,EN,EA,,,70798723474,IC,04,null,140174030405,,null,,,,null,null,3.78 L,null,,,,,,NORM,null,null,null,null,null,,,16.430,15.620,LBR,16.000,8.000,8.250,INH,0.310,FTQ,,,null,null,1,null,null,null,null,null,0001,null,null,null,null,null,,,,null,,null,,0.000,null,0.0,0.000,null,null,0.0,null,01,null,null,null,null,null,0.000,null,365,1,null,0,null,null,null,null,null,null,null,null,0,null,null,null,0.000,0.0,null,0.000,null,0.000,0.000,null,,null,null,null,,,,null,null,null,null,null,null,null,null,null,null,null,null,null,null,null,,,,
000000007079872810,null,FERT,null,null,FG02,C,CDA STRONG ANCHOR ADHES 300ML 6PK,EN,EA,,,70798728103,IC,04,null,140074520437,,null,,,,null,null,300 ML,null,,,,,,NORM,null,null,null,null,null,,,1.380,1.130,LBR,6.250,6.000,10.750,INH,0.040,FTQ,,,null,null,1,null,null,null,null,null,0001,null,null,null,null,null,,,,null,,null,,0.000,null,0.0,0.000,null,null,0.0,null,01,null,null,null,null,null,0.000,null,365,1,B,0,null,null,null,null,null,null,null,null,0,null,null,null,0.000,0.0,null,0.000,null,0.000,0.000,null,,null,null,null,,,,null,null,null,null,null,null,null,null,null,null,null,null,null,null,null,,,,
000000007079873350,null,FERT,null,null,FG02,C,CDA SILICONE PLUS WD&S WHITE 319ML 12PK,EN,EA,,,70798733503,IC,02,null,120172010202,,null,,,,null,null,319 ML,null,,,,,,NORM,null,null,null,null,null,,,1.080,0.940,LBR,8.000,6.000,12.000,INH,0.030,FTQ,,,null,null,1,null,null,null,null,null,0001,null,null,null,null,null,,,,null,,null,,0.000,null,0.0,0.000,null,null,0.0,null,01,null,null,null,null,null,0.000,null,730,1,null,0,null,null,null,null,null,null,null,null,0,null,null,null,0.000,0.0,null,0.000,null,0.000,0.000,null,,null,null,null,,,,null,null,null,null,null,null,null,null,null,null,null,null,null,null,null,,,,
000000007079873352,null,FERT,null,null,FG02,C,CDA SILICONE PLUS WD&S CLEAR 319ML 12PK,EN,EA,,,70798733527,IC,02,null,120172010202,,null,,,,null,null,319 ML,null,,,,,,NORM,null,null,null,null,null,,,1.050,0.910,LBR,8.000,6.000,12.000,INH,0.030,FTQ,,,null,null,1,null,null,null,null,null,0001,null,null,null,null,null,,,,null,,null,,0.000,null,0.0,0.000,null,null,0.0,null,01,null,null,null,null,null,0.000,null,730,1,null,0,null,null,null,null,null,null,null,null,0,null,null,null,0.000,0.0,null,0.000,null,0.000,0.000,null,,null,null,null,,,,null,null,null,null,null,null,null,null,null,null,null,null,null,null,null,,,,
000000007079873354,null,FERT,null,null,FG02,C,CDA SILICONE PLUS WD&S BROWN 319ML 12PK,EN,EA,,,70798733541,IC,02,null,120172010202,,null,,,,null,null,319 ML,null,,,,,,NORM,null,null,null,null,null,,,1.080,0.940,LBR,8.000,6.000,12.000,INH,0.030,FTQ,,,null,null,1,null,null,null,null,null,0001,null,null,null,null,null,,,,null,,null,,0.000,null,0.0,0.000,null,null,0.0,null,01,null,null,null,null,null,0.000,null,730,1,null,0,null,null,null,null,null,null,null,null,0,null,null,null,0.000,0.0,null,0.000,null,0.000,0.000,null,,null,null,null,,,,null,null,null,null,null,null,null,null,null,null,null,null,null,null,null,,,,
000000007079873356,null,FERT,null,null,FG02,C,CDA SILICONE PLUS WD&S BLACK 319ML 12PK,EN,EA,,,70798733565,IC,02,null,120172010202,,null,,,,null,null,319 ML,null,,,,,,NORM,null,null,null,null,null,,,1.080,0.940,LBR,8.000,6.000,12.000,INH,0.030,FTQ,,,null,null,1,null,null,null,null,null,0001,null,null,null,null,null,,,,null,,null,,0.000,null,0.0,0.000,null,null,0.0,null,01,null,null,null,null,null,0.000,null,730,1,null,0,null,null,null,null,null,null,null,null,0,null,null,null,0.000,0.0,null,0.000,null,0.000,0.000,null,,null,null,null,,,,null,null,null,null,null,null,null,null,null,null,null,null,null,null,null,,,,
000000007079873358,null,FERT,null,null,FG02,C,CDA SILICONE PLUS WD&S CLEAR 83ML 12PK,EN,EA,,,70798733589,IC,02,null,120172010202,,null,,,,null,null,83 ML,null,,,,,,NORM,null,null,null,null,null,,,0.330,0.250,LBR,7.560,5.680,8.250,INH,0.020,FTQ,,,null,null,1,null,null,null,null,null,0001,null,null,null,null,null,,,,null,,null,,0.000,null,0.0,0.000,null,null,0.0,null,01,null,null,null,null,null,0.000,null,730,1,null,0,null,null,null,null,null,null,null,null,0,null,null,null,0.000,0.0,null,0.000,null,0.000,0.000,null,,null,null,null,,,,null,null,null,null,null,null,null,null,null,null,null,null,null,null,null,,,,
000000007079873374,null,FERT,null,null,FG02,C,CDA SILICONE PLUS KB&P CLEAR 12PK,EN,EA,,,70798733749,IC,02,null,120372010211,,null,,,,null,null,319 ML,null,,,,,,NORM,null,null,null,null,null,,,0.850,0.740,LBR,8.000,6.000,12.000,INH,0.030,FTQ,,,null,null,1,null,null,null,null,null,0001,null,null,null,null,null,,,,null,,null,,0.000,null,0.0,0.000,null,null,0.0,null,01,null,null,null,null,null,0.000,null,730,1,null,0,null,null,null,null,null,null,null,null,0,null,null,null,0.000,0.0,null,0.000,null,0.000,0.000,null,,null,null,null,,,,null,null,null,null,null,null,null,null,null,null,null,null,null,null,null,,,,
000000007079873376,null,FERT,null,null,FG02,C,CDA SILICONE PLUS KB&P WHITE 12PK,EN,EA,,,70798733763,IC,02,null,120372010211,,null,,,,null,null,319 ML,null,,,,,,NORM,null,null,null,null,null,,,1.050,0.910,LBR,8.000,6.000,12.000,INH,0.030,FTQ,,,null,null,1,null,null,null,null,null,0001,null,null,null,null,null,,,,null,,null,,0.000,null,0.0,0.000,null,null,0.0,null,01,null,null,null,null,null,0.000,null,730,1,null,0,null,null,null,null,null,null,null,null,0,null,null,null,0.000,0.0,null,0.000,null,0.000,0.000,null,,null,null,null,,,,null,null,null,null,null,null,null,null,null,null,null,null,null,null,null,,,,
000000007079873380,null,FERT,null,null,FG02,C,CDA SILICONE PLUS KB&P ALMOND 12PK,EN,EA,,,70798733800,IC,02,null,120372010211,,null,,,,null,null,319 ML,null,,,,,,NORM,null,null,null,null,null,,,1.050,0.910,LBR,8.000,6.000,12.000,INH,0.030,FTQ,,,null,null,1,null,null,null,null,null,0001,null,null,null,null,null,,,,null,,null,,0.000,null,0.0,0.000,null,null,0.0,null,01,null,null,null,null,null,0.000,null,730,1,null,0,null,null,null,null,null,null,null,null,0,null,null,null,0.000,0.0,null,0.000,null,0.000,0.000,null,,null,null,null,,,,null,null,null,null,null,null,null,null,null,null,null,null,null,null,null,,,,
000000007079873382,null,FERT,null,null,FG02,C,CDA SILICONE PLUS KB&P WHITE 83ML 12PK,EN,EA,,,70798733824,IC,02,null,120372010211,,null,,,,null,null,83 ML,null,,,,,,NORM,null,null,null,null,null,,,0.330,0.250,LBR,7.560,5.680,8.250,INH,0.020,FTQ,,,null,null,1,null,null,null,null,null,0001,null,null,null,null,null,,,,null,,null,,0.000,null,0.0,0.000,null,null,0.0,null,01,null,null,null,null,null,0.000,null,730,1,null,0,null,null,null,null,null,null,null,null,0,null,null,null,0.000,0.0,null,0.000,null,0.000,0.000,null,,null,null,null,,,,null,null,null,null,null,null,null,null,null,null,null,null,null,null,null,,,,
000000007079873383,null,FERT,null,null,FG02,C,CDA SILICONE PLUS K&B CLR 83ML 12PK,EN,EA,,,70798733831,IC,02,null,120372010211,,null,,,,null,null,83 ML,null,,,,,,NORM,null,null,null,null,null,,,0.330,0.250,LBR,7.560,5.680,8.250,INH,0.020,FTQ,,,null,null,1,null,null,null,null,null,0001,null,null,null,null,null,,,,null,,null,,0.000,null,0.0,0.000,null,null,0.0,null,01,null,null,null,null,null,0.000,null,730,1,B,0,null,null,null,null,null,null,null,null,0,null,null,null,0.000,0.0,null,0.000,null,0.000,0.000,null,,null,null,null,,,,null,null,null,null,null,null,null,null,null,null,null,null,null,null,null,,,,
000000007079873385,null,FERT,null,null,FG02,C,CDA SILICONE PLUS WD&S GREY 319ML 12PK,EN,EA,,,70798733855,IC,02,null,120172010202,,null,,,,null,null,319 ML,null,,,,,,NORM,null,null,null,null,null,,,1.080,0.940,LBR,8.000,6.000,12.000,INH,0.030,FTQ,,,null,null,1,null,null,null,null,null,0001,null,null,null,null,null,,,,null,,null,,0.000,null,0.0,0.000,null,null,0.0,null,01,null,null,null,null,null,0.000,null,730,1,B,0,null,null,null,null,null,null,null,null,0,null,null,null,0.000,0.0,null,0.000,null,0.000,0.000,null,,null,null,null,,,,null,null,null,null,null,null,null,null,null,null,null,null,null,null,null,,,,
000000007079873387,null,FERT,null,null,FG02,C,CDA SILICONE PLUS ALUM&METAL 319ML 12PK,EN,EA,,,70798733879,IC,02,null,120172010202,,null,,,,null,null,319 ML,null,,,,,,NORM,null,null,null,null,null,,,1.050,0.910,LBR,8.000,6.000,12.000,INH,0.030,FTQ,,,null,null,1,null,null,null,null,null,0001,null,null,null,null,null,,,,null,,null,,0.000,null,0.0,0.000,null,null,0.0,null,01,null,null,null,null,null,0.000,null,730,1,B,0,null,null,null,null,null,null,null,null,0,null,null,null,0.000,0.0,null,0.000,null,0.000,0.000,null,,null,null,null,,,,null,null,null,null,null,null,null,null,null,null,null,null,null,null,null,,,,
000000007079873389,null,FERT,null,null,FG02,C,CDA SILICONE ULTRA K&B WHITE 300ML 12PK,EN,EA,,,70798733893,IC,02,null,120372100221,,null,,,,null,null,300 ML,null,,,,,,NORM,null,null,null,null,null,,,0.770,0.640,LBR,8.000,6.000,12.000,INH,0.030,FTQ,,,null,null,1,null,null,null,null,null,0001,null,null,null,null,null,,,,null,,null,,0.000,null,0.0,0.000,null,null,0.0,null,01,null,null,null,null,null,0.000,null,730,1,B,0,null,null,null,null,null,null,null,null,0,null,null,null,0.000,0.0,null,0.000,null,0.000,0.000,null,,null,null,null,,,,null,null,null,null,null,null,null,null,null,null,null,null,null,null,null,,,,
000000007079873390,null,FERT,null,null,FG02,C,CDA SILICONE ULTRA K&B CLEAR 300ML 12PK,EN,EA,,,70798733909,IC,02,null,120372100221,,null,,,,null,null,300 ML,null,,,,,,NORM,null,null,null,null,null,,,0.770,0.640,LBR,8.000,6.000,12.000,INH,0.030,FTQ,,,null,null,1,null,null,null,null,null,0001,null,null,null,null,null,,,,null,,null,,0.000,null,0.0,0.000,null,null,0.0,null,01,null,null,null,null,null,0.000,null,730,1,B,0,null,null,null,null,null,null,null,null,0,null,null,null,0.000,0.0,null,0.000,null,0.000,0.000,null,,null,null,null,,,,null,null,null,null,null,null,null,null,null,null,null,null,null,null,null,,,,
000000007079873391,null,FERT,null,null,FG02,C,CDA SILICONE ULTRA W&D WHITE,EN,EA,,,70798733916,IC,02,null,120172100220,,null,,,,null,null,300 ML,null,,,,,,NORM,null,null,null,null,null,,,0.830,0.700,LBR,8.000,6.000,12.000,INH,0.030,FTQ,,,null,null,1,null,null,null,null,null,0001,null,null,null,null,null,,,,null,,null,,0.000,null,0.0,0.000,null,null,0.0,null,01,null,null,null,null,null,0.000,null,730,1,B,0,null,null,null,null,null,null,null,null,0,null,null,null,0.000,0.0,null,0.000,null,0.000,0.000,null,,null,null,null,,,,null,null,null,null,null,null,null,null,null,null,null,null,null,null,null,,,,
000000007079873392,null,FERT,null,null,FG02,C,CDA SILICONE ULTRA W&D CLEAR,EN,EA,,,70798733923,IC,02,null,120172100220,,null,,,,null,null,300 ML,null,,,,,,NORM,null,null,null,null,null,,,0.810,0.690,LBR,8.000,6.000,12.000,INH,0.030,FTQ,,,null,null,1,null,null,null,null,null,0001,null,null,null,null,null,,,,null,,null,,0.000,null,0.0,0.000,null,null,0.0,null,01,null,null,null,null,null,0.000,null,730,1,B,0,null,null,null,null,null,null,null,null,0,null,null,null,0.000,0.0,null,0.000,null,0.000,0.000,null,,null,null,null,,,,null,null,null,null,null,null,null,null,null,null,null,null,null,null,null,,,,
000000007079873393,null,FERT,null,null,FG02,C,CDA SILICONE ULTRA K&B TRANS WH 300ML,EN,EA,,,70798733930,IC,02,null,120372100221,,null,,,,null,null,300 ML,null,,,,,,NORM,null,null,null,null,null,,,0.770,0.640,LBR,8.000,6.000,12.000,INH,0.030,FTQ,,,null,null,1,null,null,null,null,null,0001,null,null,null,null,null,,,,null,,null,,0.000,null,0.0,0.000,null,null,0.0,null,01,null,null,null,null,null,0.000,null,730,1,B,0,null,null,null,null,null,null,null,null,0,null,null,null,0.000,0.0,null,0.000,null,0.000,0.000,null,,null,null,null,,,,null,null,null,null,null,null,null,null,null,null,null,null,null,null,null,,,,
000000007079873444,null,FERT,null,null,FG02,C,CDA 100% SILICONE KB&P CLEAR,EN,EA,,,70798734449,IC,02,null,120372000210,,null,,,,null,null,290 ML,null,,,,,,NORM,null,null,null,null,null,,,0.760,0.630,LBR,8.000,6.000,12.000,INH,0.030,FTQ,,,null,null,1,null,null,null,null,null,0001,null,null,null,null,null,,,,null,,null,,0.000,null,0.0,0.000,null,null,0.0,null,01,null,null,null,null,null,0.000,null,730,1,null,0,null,null,null,null,null,null,null,null,0,null,null,null,0.000,0.0,null,0.000,null,0.000,0.000,null,,null,null,null,,,,null,null,null,null,null,null,null,null,null,null,null,null,null,null,null,,,,
000000007079873446,null,FERT,null,null,FG02,C,CDA 100% SILICONE KB&P WHITE,EN,EA,,,70798734463,IC,02,null,120372000210,,null,,,,null,null,290 ML,null,,,,,,NORM,null,null,null,null,null,,,0.760,0.630,LBR,8.000,6.000,12.000,INH,0.030,FTQ,,,null,null,1,null,null,null,null,null,0001,null,null,null,null,null,,,,null,,null,,0.000,null,0.0,0.000,null,null,0.0,null,01,null,null,null,null,null,0.000,null,730,1,null,0,null,null,null,null,null,null,null,null,0,null,null,null,0.000,0.0,null,0.000,null,0.000,0.000,null,,null,null,null,,,,null,null,null,null,null,null,null,null,null,null,null,null,null,null,null,,,,
000000007079873448,null,FERT,null,null,FG02,C,CDA 100% SILICONE KB&P ALMOND,EN,EA,,,70798734487,IC,02,null,120372000210,,null,,,,null,null,290 ML,null,,,,,,NORM,null,null,null,null,null,,,0.760,0.630,LBR,8.000,6.000,12.000,INH,0.030,FTQ,,,null,null,1,null,null,null,null,null,0001,null,null,null,null,null,,,,null,,null,,0.000,null,0.0,0.000,null,null,0.0,null,01,null,null,null,null,null,0.000,null,730,1,null,0,null,null,null,null,null,null,null,null,0,null,null,null,0.000,0.0,null,0.000,null,0.000,0.000,null,,null,null,null,,,,null,null,null,null,null,null,null,null,null,null,null,null,null,null,null,,,,
000000007079873450,null,FERT,null,null,FG02,C,CDA 100% SILICONE KB&P GRAY,EN,EA,,,70798734500,IC,02,null,120372000210,,null,,,,null,null,290 ML,null,,,,,,NORM,null,null,null,null,null,,,0.780,0.650,LBR,8.000,6.000,12.000,INH,0.030,FTQ,,,null,null,1,null,null,null,null,null,0001,null,null,null,null,null,,,,null,,null,,0.000,null,0.0,0.000,null,null,0.0,null,01,null,null,null,null,null,0.000,null,730,1,null,0,null,null,null,null,null,null,null,null,0,null,null,null,0.000,0.0,null,0.000,null,0.000,0.000,null,,null,null,null,,,,null,null,null,null,null,null,null,null,null,null,null,null,null,null,null,,,,
000000007079873461,null,FERT,null,null,FG02,C,CDA 100% SILICONE WD&S WHITE,EN,EA,,,70798734616,IC,02,null,120172000200,,null,,,,null,null,290 ML,null,,,,,,NORM,null,null,null,null,null,,,0.760,0.630,LBR,8.000,6.000,12.000,INH,0.030,FTQ,,,null,null,1,null,null,null,null,null,0001,null,null,null,null,null,,,,null,,null,,0.000,null,0.0,0.000,null,null,0.0,null,01,null,null,null,null,null,0.000,null,730,1,null,0,null,null,null,null,null,null,null,null,0,null,null,null,0.000,0.0,null,0.000,null,0.000,0.000,null,,null,null,null,,,,null,null,null,null,null,null,null,null,null,null,null,null,null,null,null,,,,
000000007079873473,null,FERT,null,null,FG02,C,CDA 100% SILICONE WD&S CLEAR,EN,EA,,,70798734739,IC,02,null,120172000200,,null,,,,null,null,290 ML,null,,,,,,NORM,null,null,null,null,null,,,0.760,0.630,LBR,8.000,6.000,12.000,INH,0.030,FTQ,,,null,null,1,null,null,null,null,null,0001,null,null,null,null,null,,,,null,,null,,0.000,null,0.0,0.000,null,null,0.0,null,01,null,null,null,null,null,0.000,null,730,1,null,0,null,null,null,null,null,null,null,null,0,null,null,null,0.000,0.0,null,0.000,null,0.000,0.000,null,,null,null,null,,,,null,null,null,null,null,null,null,null,null,null,null,null,null,null,null,,,,
000000007079873485,null,FERT,null,null,FG02,C,CDA 100% SILICONE WD&S ALUMINU,EN,EA,,,70798734852,IC,02,null,120172000200,,null,,,,null,null,290 ML,null,,,,,,NORM,null,null,null,null,null,,,0.760,0.630,LBR,8.000,6.000,12.000,INH,0.030,FTQ,,,null,null,1,null,null,null,null,null,0001,null,null,null,null,null,,,,null,,null,,0.000,null,0.0,0.000,null,null,0.0,null,01,null,null,null,null,null,0.000,null,730,1,null,0,null,null,null,null,null,null,null,null,0,null,null,null,0.000,0.0,null,0.000,null,0.000,0.000,null,,null,null,null,,,,null,null,null,null,null,null,null,null,null,null,null,null,null,null,null,,,,
000000007079873497,null,FERT,null,null,FG02,C,CDA 100% SILICONE WD&S BROWN,EN,EA,,,70798734975,IC,02,null,120172000200,,null,,,,null,null,290 ML,null,,,,,,NORM,null,null,null,null,null,,,0.780,0.650,LBR,8.000,6.000,12.000,INH,0.030,FTQ,,,null,null,1,null,null,null,null,null,0001,null,null,null,null,null,,,,null,,null,,0.000,null,0.0,0.000,null,null,0.0,null,01,null,null,null,null,null,0.000,null,730,1,null,0,null,null,null,null,null,null,null,null,0,null,null,null,0.000,0.0,null,0.000,null,0.000,0.000,null,,null,null,null,,,,null,null,null,null,null,null,null,null,null,null,null,null,null,null,null,,,,
000000007079873630,null,FERT,null,null,FG02,C,CDA ALEX PAINTER'S 300 ML 12PK,EN,EA,,,70798736351,UC,01,null,110271000100,,null,,,,null,null,300 ML,null,,,,,,NORM,null,null,null,null,null,,,1.200,1.070,LBR,8.000,6.000,12.000,INH,0.030,FTQ,,,null,null,1,null,null,null,null,null,0001,null,null,null,null,null,,,,null,,null,,0.000,null,0.0,0.000,null,null,0.0,null,01,null,null,null,null,null,0.000,null,365,1,null,0,null,null,null,null,null,null,null,null,0,null,null,null,0.000,0.0,null,0.000,null,0.000,0.000,null,,null,null,null,,,,null,null,null,null,null,null,null,null,null,null,null,null,null,null,null,,,,
000000007079873631,null,FERT,null,null,FG02,C,CDA ALEX PAINTER'S CONTR PK 300ML,EN,EA,,,70798736351,IC,01,null,110271000100,,null,,,,null,null,300 ML,null,,,,,,NORM,null,null,null,null,null,,,14.530,12.780,LBR,8.000,6.000,12.000,INH,0.330,FTQ,,,null,null,1,null,null,null,null,null,0001,null,null,null,null,null,,,,null,,null,,0.000,null,0.0,0.000,null,null,0.0,null,01,null,null,null,null,null,0.000,null,365,1,null,0,null,null,null,null,null,null,null,null,0,null,null,null,0.000,0.0,null,0.000,null,0.000,0.000,null,,null,null,null,,,,null,null,null,null,null,null,null,null,null,null,null,null,null,null,null,,,,
000000007079874040,null,FERT,null,null,FG02,C,CDA BONDING LIQUID & FLR LEVELER 946ML,EN,EA,,,70798152007,IC,04,null,140074520433,,null,,,,null,null,946 ML,null,,,,,,NORM,null,null,null,null,null,,,2.330,2.100,LBR,14.000,10.500,9.500,INH,0.070,FTQ,,,null,null,1,null,null,null,null,null,0001,null,null,null,null,null,,,,null,,null,,0.000,null,0.0,0.000,null,null,0.0,null,01,null,null,null,null,null,0.000,null,365,1,B,0,null,null,null,null,null,null,null,null,0,null,null,null,0.000,0.0,null,0.000,null,0.000,0.000,null,,null,null,null,,,,null,null,null,null,null,null,null,null,null,null,null,null,null,null,null,,,,
000000007079874058,null,FERT,null,null,FG02,C,CDA BLOCKADE SEALANT RED 300 ML 12PK,EN,EA,,,70798740587,IC,01,null,110471650127,,null,,,,null,null,300 ML,null,,,,,,NORM,null,null,null,null,null,,,0.960,0.880,LBR,8.000,6.000,12.000,INH,0.030,FTQ,,,null,null,1,null,null,null,null,null,0001,null,null,null,null,null,,,,null,,null,,0.000,null,0.0,0.000,null,null,0.0,null,01,null,null,null,null,null,0.000,null,365,1,B,0,null,null,null,null,null,null,null,null,0,null,null,null,0.000,0.0,null,0.000,null,0.000,0.000,null,,null,null,null,,,,null,null,null,null,null,null,null,null,null,null,null,null,null,null,null,,,,
000000007079874084,null,FERT,null,null,FG02,C,CDA DYNAFLEX 230 WHITE 74082 300ML,EN,EA,,,70798740822,UC,01,null,110171010102,,null,,,,null,null,300 ML,null,,,,,,NORM,null,null,null,null,null,,,1.090,0.960,LBR,8.000,6.000,12.000,INH,0.030,FTQ,,,null,null,1,null,null,null,null,null,0001,null,null,null,null,null,,,,null,,null,,0.000,null,0.0,0.000,null,null,0.0,null,01,null,null,null,null,null,0.000,null,365,1,null,0,null,null,null,null,null,null,null,null,0,null,null,null,0.000,0.0,null,0.000,null,0.000,0.000,null,,null,null,null,,,,null,null,null,null,null,null,null,null,null,null,null,null,null,null,null,,,,
000000007079874086,null,FERT,null,null,FG02,C,CDA DYNAFLEX 230 ALMOND 300ML,EN,EA,,,70798740860,IC,01,null,110171010102,,null,,,,null,null,300 ML,null,,,,,,NORM,null,null,null,null,null,,,1.130,0.980,LBR,8.000,6.000,12.000,INH,0.030,FTQ,,,null,null,1,null,null,null,null,null,0001,null,null,null,null,null,,,,null,,null,,0.000,null,0.0,0.000,null,null,0.0,null,01,null,null,null,null,null,0.000,null,365,1,null,0,null,null,null,null,null,null,null,null,0,null,null,null,0.000,0.0,null,0.000,null,0.000,0.000,null,,null,null,null,,,,null,null,null,null,null,null,null,null,null,null,null,null,null,null,null,,,,
000000007079874096,null,FERT,null,null,FG02,C,CDA DYNAFLEX 230 BROWN 74094,EN,EA,,,70798740945,UC,01,null,110171010102,,null,,,,null,null,300 ML,null,,,,,,NORM,null,null,null,null,null,,,1.130,0.980,LBR,8.000,6.000,12.000,INH,0.030,FTQ,,,null,null,1,null,null,null,null,null,0001,null,null,null,null,null,,,,null,,null,,0.000,null,0.0,0.000,null,null,0.0,null,01,null,null,null,null,null,0.000,null,365,1,null,0,null,null,null,null,null,null,null,null,0,null,null,null,0.000,0.0,null,0.000,null,0.000,0.000,null,,null,null,null,,,,null,null,null,null,null,null,null,null,null,null,null,null,null,null,null,,,,
000000007079874102,null,FERT,null,null,FG02,C,CDA DYNAFLEX 230 BLACK 300ML,EN,EA,,,70798741027,IC,01,null,110171010102,,null,,,,null,null,300 ML,null,,,,,,NORM,null,null,null,null,null,,,1.130,1.000,LBR,8.000,6.000,12.000,INH,0.030,FTQ,,,null,null,1,null,null,null,null,null,0001,null,null,null,null,null,,,,null,,null,,0.000,null,0.0,0.000,null,null,0.0,null,01,null,null,null,null,null,0.000,null,365,1,null,0,null,null,null,null,null,null,null,null,0,null,null,null,0.000,0.0,null,0.000,null,0.000,0.000,null,,null,null,null,,,,null,null,null,null,null,null,null,null,null,null,null,null,null,null,null,,,,
000000007079874108,null,FERT,null,null,FG02,C,CDA DYNAFLEX 230 GRAY 74106,EN,EA,,,70798741065,UC,01,null,110171010102,,null,,,,null,null,300 ML,null,,,,,,NORM,null,null,null,null,null,,,1.130,0.980,LBR,8.000,6.000,12.000,INH,0.030,FTQ,,,null,null,1,null,null,null,null,null,0001,null,null,null,null,null,,,,null,,null,,0.000,null,0.0,0.000,null,null,0.0,null,01,null,null,null,null,null,0.000,null,365,1,null,0,null,null,null,null,null,null,null,null,0,null,null,null,0.000,0.0,null,0.000,null,0.000,0.000,null,,null,null,null,,,,null,null,null,null,null,null,null,null,null,null,null,null,null,null,null,,,,
000000007079874110,null,FERT,null,null,FG02,C,CDA DYNAFLEX 230 W&D WHT 162 ML 15PK,EN,EA,,,70798741102,IC,01,null,110171010102,,null,,,,null,null,162 ML,null,,,,,,NORM,null,null,null,null,null,,,0.570,0.520,LBR,7.750,7.378,10.000,INH,0.020,FTQ,,,null,null,1,null,null,null,null,null,0001,null,null,null,null,null,,,,null,,null,,0.000,null,0.0,0.000,null,null,0.0,null,01,null,null,null,null,null,0.000,null,365,1,B,0,null,null,null,null,null,null,null,null,0,null,null,null,0.000,0.0,null,0.000,null,0.000,0.000,null,,null,null,null,,,,null,null,null,null,null,null,null,null,null,null,null,null,null,null,null,,,,
000000007079874111,null,FERT,null,null,FG02,C,CDA DYNAFLEX 230 W&D CLEAR 162 ML 15PK,EN,EA,,,70798741119,IC,01,null,110171010102,,null,,,,null,null,162 ML,null,,,,,,NORM,null,null,null,null,null,,,0.420,0.360,LBR,7.750,7.378,10.000,INH,0.020,FTQ,,,null,null,1,null,null,null,null,null,0001,null,null,null,null,null,,,,null,,null,,0.000,null,0.0,0.000,null,null,0.0,null,01,null,null,null,null,null,0.000,null,365,1,B,0,null,null,null,null,null,null,null,null,0,null,null,null,0.000,0.0,null,0.000,null,0.000,0.000,null,,null,null,null,,,,null,null,null,null,null,null,null,null,null,null,null,null,null,null,null,,,,
000000007079874120,null,FERT,null,null,FG02,C,CDA DYNAFLEX 230 CLEAR 300ML,EN,EA,,,70798741188,UC,01,null,110171010102,,null,,,,null,null,300 ML,null,,,,,,NORM,null,null,null,null,null,,,0.830,0.700,LBR,8.000,6.000,12.000,INH,0.030,FTQ,,,null,null,1,null,null,null,null,null,0001,null,null,null,null,null,,,,null,,null,,0.000,null,0.0,0.000,null,null,0.0,null,01,null,null,null,null,null,0.000,null,365,1,null,0,null,null,null,null,null,null,null,null,0,null,null,null,0.000,0.0,null,0.000,null,0.000,0.000,null,,null,null,null,,,,null,null,null,null,null,null,null,null,null,null,null,null,null,null,null,,,,
000000007079874130,null,FERT,null,null,FG02,C,CDA DYNAFLEX GUTTER & NARROW SEAM 300ML,EN,EA,,,70798741300,IC,01,null,110471010121,,null,,,,null,null,300 ML,null,,,,,,NORM,null,null,null,null,null,,,1.160,1.000,LBR,8.130,6.250,13.000,INH,0.030,FTQ,,,null,null,1,null,null,null,null,null,0001,null,null,null,null,null,,,,null,,null,,0.000,null,0.0,0.000,null,null,0.0,null,01,null,null,null,null,null,0.000,null,365,1,B,0,null,null,null,null,null,null,null,null,0,null,null,null,0.000,0.0,null,0.000,null,0.000,0.000,null,,null,null,null,,,,null,null,null,null,null,null,null,null,null,null,null,null,null,null,null,,,,
000000007079874150,null,FERT,null,null,FG02,C,CDA DYNAFLEX ULTRA 300 ML WHITE,EN,EA,,,70798741508,IC,01,null,110171010112,,null,,,,null,null,300 ML,null,,,,,,NORM,null,null,null,null,null,,,1.000,0.860,LBR,8.000,6.000,12.000,INH,0.030,FTQ,,,null,null,1,null,null,null,null,null,0001,null,null,null,null,null,,,,null,,null,,0.000,null,0.0,0.000,null,null,0.0,null,01,null,null,null,null,null,0.000,null,365,1,B,0,null,null,null,null,null,null,null,null,0,null,null,null,0.000,0.0,null,0.000,null,0.000,0.000,null,,null,null,null,,,,null,null,null,null,null,null,null,null,null,null,null,null,null,null,null,,,,
000000007079874151,null,FERT,null,null,FG02,C,CDA DYNAFLEX ULTRA 300 ML CLEAR,EN,EA,,,70798741515,IC,01,null,110171010112,,null,,,,null,null,300 ML,null,,,,,,NORM,null,null,null,null,null,,,0.860,0.720,LBR,8.000,6.000,12.000,INH,0.030,FTQ,,,null,null,1,null,null,null,null,null,0001,null,null,null,null,null,,,,null,,null,,0.000,null,0.0,0.000,null,null,0.0,null,01,null,null,null,null,null,0.000,null,365,1,B,0,null,null,null,null,null,null,null,null,0,null,null,null,0.000,0.0,null,0.000,null,0.000,0.000,null,,null,null,null,,,,null,null,null,null,null,null,null,null,null,null,null,null,null,null,null,,,,
000000007079874152,null,FERT,null,null,FG02,C,CDA DYNAFLEX ULTRA 300 ML BEIGE,EN,EA,,,70798741522,IC,01,null,110171010112,,null,,,,null,null,300 ML,null,,,,,,NORM,null,null,null,null,null,,,1.070,0.940,LBR,8.000,6.000,12.000,INH,0.030,FTQ,,,null,null,1,null,null,null,null,null,0001,null,null,null,null,null,,,,null,,null,,0.000,null,0.0,0.000,null,null,0.0,null,01,null,null,null,null,null,0.000,null,365,1,B,0,null,null,null,null,null,null,null,null,0,null,null,null,0.000,0.0,null,0.000,null,0.000,0.000,null,,null,null,null,,,,null,null,null,null,null,null,null,null,null,null,null,null,null,null,null,,,,
000000007079874153,null,FERT,null,null,FG02,C,CDA DYNAFLEX ULTRA 300 ML CLAY,EN,EA,,,70798741539,IC,01,null,110171010112,,null,,,,null,null,300 ML,null,,,,,,NORM,null,null,null,null,null,,,1.080,0.950,LBR,8.000,6.000,12.000,INH,0.030,FTQ,,,null,null,1,null,null,null,null,null,0001,null,null,null,null,null,,,,null,,null,,0.000,null,0.0,0.000,null,null,0.0,null,01,null,null,null,null,null,0.000,null,365,1,B,0,null,null,null,null,null,null,null,null,0,null,null,null,0.000,0.0,null,0.000,null,0.000,0.000,null,,null,null,null,,,,null,null,null,null,null,null,null,null,null,null,null,null,null,null,null,,,,
000000007079874154,null,FERT,null,null,FG02,C,CDA DYNAFLEX ULTRA 300 ML IRON GREY,EN,EA,,,70798741546,IC,01,null,110171010112,,null,,,,null,null,300 ML,null,,,,,,NORM,null,null,null,null,null,,,1.080,0.950,LBR,8.000,6.000,12.000,INH,0.030,FTQ,,,null,null,1,null,null,null,null,null,0001,null,null,null,null,null,,,,null,,null,,0.000,null,0.0,0.000,null,null,0.0,null,01,null,null,null,null,null,0.000,null,365,1,B,0,null,null,null,null,null,null,null,null,0,null,null,null,0.000,0.0,null,0.000,null,0.000,0.000,null,,null,null,null,,,,null,null,null,null,null,null,null,null,null,null,null,null,null,null,null,,,,
000000007079874155,null,FERT,null,null,FG02,C,CDA DYNAFLEX ULTRA 300 ML DRK BRONZE,EN,EA,,,70798741553,IC,01,null,110171010112,,null,,,,null,null,300 ML,null,,,,,,NORM,null,null,null,null,null,,,1.080,0.950,LBR,8.000,6.000,12.000,INH,0.030,FTQ,,,null,null,1,null,null,null,null,null,0001,null,null,null,null,null,,,,null,,null,,0.000,null,0.0,0.000,null,null,0.0,null,01,null,null,null,null,null,0.000,null,365,1,B,0,null,null,null,null,null,null,null,null,0,null,null,null,0.000,0.0,null,0.000,null,0.000,0.000,null,,null,null,null,,,,null,null,null,null,null,null,null,null,null,null,null,null,null,null,null,,,,
000000007079874156,null,FERT,null,null,FG02,C,CDA DYNAFLEX ULTRA 300 ML BROWN,EN,EA,,,70798741560,IC,01,null,110171010112,,null,,,,null,null,300 ML,null,,,,,,NORM,null,null,null,null,null,,,1.080,0.950,LBR,8.000,6.000,12.000,INH,0.030,FTQ,,,null,null,1,null,null,null,null,null,0001,null,null,null,null,null,,,,null,,null,,0.000,null,0.0,0.000,null,null,0.0,null,01,null,null,null,null,null,0.000,null,365,1,B,0,null,null,null,null,null,null,null,null,0,null,null,null,0.000,0.0,null,0.000,null,0.000,0.000,null,,null,null,null,,,,null,null,null,null,null,null,null,null,null,null,null,null,null,null,null,,,,
000000007079874157,null,FERT,null,null,FG02,C,CDA DYNAFLEX ULTRA 300 ML LT GREY,EN,EA,,,70798741577,IC,01,null,110171010112,,null,,,,null,null,300 ML,null,,,,,,NORM,null,null,null,null,null,,,1.080,0.950,LBR,8.000,6.000,12.000,INH,0.030,FTQ,,,null,null,1,null,null,null,null,null,0001,null,null,null,null,null,,,,null,,null,,0.000,null,0.0,0.000,null,null,0.0,null,01,null,null,null,null,null,0.000,null,365,1,B,0,null,null,null,null,null,null,null,null,0,null,null,null,0.000,0.0,null,0.000,null,0.000,0.000,null,,null,null,null,,,,null,null,null,null,null,null,null,null,null,null,null,null,null,null,null,,,,
000000007079874158,null,FERT,null,null,FG02,C,CDA DYNAFLEX ULTRA 300 ML BLACK,EN,EA,,,70798741584,IC,01,null,110171010112,,null,,,,null,null,300 ML,null,,,,,,NORM,null,null,null,null,null,,,1.080,0.950,LBR,8.000,6.000,12.000,INH,0.030,FTQ,,,null,null,1,null,null,null,null,null,0001,null,null,null,null,null,,,,null,,null,,0.000,null,0.0,0.000,null,null,0.0,null,01,null,null,null,null,null,0.000,null,365,1,B,0,null,null,null,null,null,null,null,null,0,null,null,null,0.000,0.0,null,0.000,null,0.000,0.000,null,,null,null,null,,,,null,null,null,null,null,null,null,null,null,null,null,null,null,null,null,,,,
000000007079874159,null,FERT,null,null,FG02,C,CDA DYNAFLEX ULTRA 300 ML CEDAR TAN,EN,EA,,,70798741591,IC,01,null,110171010112,,null,,,,null,null,300 ML,null,,,,,,NORM,null,null,null,null,null,,,1.080,0.950,LBR,8.000,6.000,12.000,INH,0.030,FTQ,,,null,null,1,null,null,null,null,null,0001,null,null,null,null,null,,,,null,,null,,0.000,null,0.0,0.000,null,null,0.0,null,01,null,null,null,null,null,0.000,null,365,1,B,0,null,null,null,null,null,null,null,null,0,null,null,null,0.000,0.0,null,0.000,null,0.000,0.000,null,,null,null,null,,,,null,null,null,null,null,null,null,null,null,null,null,null,null,null,null,,,,
000000007079874160,null,FERT,null,null,FG02,C,CDA DYNAFLEX ULTRA WHITE 162 ML 15PK,EN,EA,,,70798741607,IC,01,null,110171010112,,null,,,,null,null,162 ML,null,,,,,,NORM,null,null,null,null,null,,,0.540,0.470,LBR,10.000,5.000,10.000,INH,0.020,FTQ,,,null,null,1,null,null,null,null,null,0001,null,null,null,null,null,,,,null,,null,,0.000,null,0.0,0.000,null,null,0.0,null,01,null,null,null,null,null,0.000,null,365,1,B,0,null,null,null,null,null,null,null,null,0,null,null,null,0.000,0.0,null,0.000,null,0.000,0.000,null,,null,null,null,,,,null,null,null,null,null,null,null,null,null,null,null,null,null,null,null,,,,
000000007079874170,null,FERT,null,null,FG02,C,CDA DAP DYNAFLEX 230 WH 83ML 6PK CRD,EN,EA,,,70798741706,IC,01,null,110171010102,,null,,,,null,null,83 ML,null,,,,,,NORM,null,null,null,null,null,,,0.260,0.160,LBR,9.875,5.625,3.500,INH,0.020,FTQ,,,null,null,1,null,null,null,null,null,0001,null,null,null,null,null,,,,null,,null,,0.000,null,0.0,0.000,null,null,0.0,null,01,null,null,null,null,null,0.000,null,546,1,B,0,null,null,null,null,null,null,null,null,0,null,null,null,0.000,0.0,null,0.000,null,0.000,0.000,null,,null,null,null,,,,null,null,null,null,null,null,null,null,null,null,null,null,null,null,null,,,,
000000007079874250,null,FERT,null,null,FG02,C,CDA ALEX PLUS WHITE 74233,EN,EA,,,70798742338,UC,01,null,110271000101,,null,,,,null,null,300 ML,null,,,,,,NORM,null,null,null,null,null,,,1.210,1.070,LBR,8.000,6.000,12.000,INH,0.030,FTQ,,,null,null,1,null,null,null,null,null,0001,null,null,null,null,null,,,,null,,null,,0.000,null,0.0,0.000,null,null,0.0,null,01,null,null,null,null,null,0.000,null,365,1,null,0,null,null,null,null,null,null,null,null,0,null,null,null,0.000,0.0,null,0.000,null,0.000,0.000,null,,null,null,null,,,,null,null,null,null,null,null,null,null,null,null,null,null,null,null,null,,,,
000000007079874252,null,FERT,null,null,FG02,C,CDA ALEX PLUS CLEAR 300 ML 12PK,EN,EA,,,70798742352,UC,01,null,110271000101,,null,,,,null,null,300 ML,null,,,,,,NORM,null,null,null,null,null,,,0.810,0.680,LBR,8.000,6.000,12.000,INH,0.030,FTQ,,,null,null,1,null,null,null,null,null,0001,null,null,null,null,null,,,,null,,null,,0.000,null,0.0,0.000,null,null,0.0,null,01,null,null,null,null,null,0.000,null,365,1,null,0,null,null,null,null,null,null,null,null,0,null,null,null,0.000,0.0,null,0.000,null,0.000,0.000,null,,null,null,null,,,,null,null,null,null,null,null,null,null,null,null,null,null,null,null,null,,,,
000000007079874270,null,FERT,null,null,FG02,C,CDA ALEX PLUS WHITE 30PK,EN,EA,,,70798742338,UC,01,null,110271000101,,null,,,,null,null,300 ML,null,,,,,,NORM,null,null,null,null,null,,,1.210,1.080,LBR,12.000,10.000,12.000,INH,0.030,FTQ,,,null,null,1,null,null,null,null,null,0001,null,null,null,null,null,,,,null,,null,,0.000,null,0.0,0.000,null,null,0.0,null,01,null,null,null,null,null,0.000,null,365,1,null,0,null,null,null,null,null,null,null,null,0,null,null,null,0.000,0.0,null,0.000,null,0.000,0.000,null,,null,null,null,,,,null,null,null,null,null,null,null,null,null,null,null,null,null,null,null,,,,
000000007079874275,null,FERT,null,null,FG02,C,CDA ALEX PLUS WHITE CONTR PK 300ML,EN,EA,,,70798742758,UC,01,null,110271000101,,null,,,,null,null,300 ML,null,,,,,,NORM,null,null,null,null,null,,,14.500,12.880,LBR,8.000,6.000,12.000,INH,0.330,FTQ,,,null,null,1,null,null,null,null,null,0001,null,null,null,null,null,,,,null,,null,,0.000,null,0.0,0.000,null,null,0.0,null,01,null,null,null,null,null,0.000,null,365,1,null,0,null,null,null,null,null,null,null,null,0,null,null,null,0.000,0.0,null,0.000,null,0.000,0.000,null,,null,null,null,,,,null,null,null,null,null,null,null,null,null,null,null,null,null,null,null,,,,
000000007079874283,null,FERT,null,null,FG02,C,CDA WOODPRO LATEX 453G NATURAL 12PK,EN,EA,,,70798742833,IC,04,null,140274320413,,null,,,,null,null,453 G,null,,,,,,NORM,null,null,null,null,null,,,1.140,1.000,LBR,17.500,12.000,3.750,INH,0.040,FTQ,,,null,null,1,null,null,null,null,null,0001,null,null,null,null,null,,,,null,,null,,0.000,null,0.0,0.000,null,null,0.0,null,01,null,null,null,null,null,0.000,null,365,1,B,0,null,null,null,null,null,null,null,null,0,null,null,null,0.000,0.0,null,0.000,null,0.000,0.000,null,,null,null,null,,,,null,null,null,null,null,null,null,null,null,null,null,null,null,null,null,,,,
000000007079874284,null,FERT,null,null,FG02,C,CDA WOODPRO LATEX 907G NATURAL 6PK,EN,EA,,,70798742840,IC,04,null,140274320413,,null,,,,null,null,907 G,null,,,,,,NORM,null,null,null,null,null,,,3.630,2.720,LBR,17.630,11.880,3.810,INH,0.080,FTQ,,,null,null,1,null,null,null,null,null,0001,null,null,null,null,null,,,,null,,null,,0.000,null,0.0,0.000,null,null,0.0,null,01,null,null,null,null,null,0.000,null,365,1,B,0,null,null,null,null,null,null,null,null,0,null,null,null,0.000,0.0,null,0.000,null,0.000,0.000,null,,null,null,null,,,,null,null,null,null,null,null,null,null,null,null,null,null,null,null,null,,,,
000000007079874285,null,FERT,null,null,FG02,C,CDA WOODPRO-X W/ DRYDEX 156G NAT 8PK,EN,EA,,,70798742857,IC,04,null,140274320414,,null,,,,null,null,156 G,null,,,,,,null,null,null,null,null,null,,,0.430,0.350,LBR,6.000,6.000,6.000,INH,0.020,FTQ,,,null,null,1,null,null,null,null,null,0001,null,null,null,null,null,,,,null,,null,,0.000,null,0.0,0.000,null,null,0.0,null,01,null,null,null,null,null,0.000,null,365,1,B,0,null,null,null,null,null,null,null,null,0,null,null,null,0.000,0.0,null,0.000,null,0.000,0.000,null,,null,null,null,,,,null,null,null,null,null,null,null,null,null,null,null,null,null,null,null,,,,
000000007079874287,null,FERT,null,null,FG02,C,CDA WOODPRO-X W/ DRYDEX 453G NAT 12PK,EN,EA,,,70798742871,IC,04,null,140274320414,,null,,,,null,null,453 G,null,,,,,,null,null,null,null,null,null,,,1.140,1.000,LBR,17.500,12.000,3.750,INH,0.040,FTQ,,,null,null,1,null,null,null,null,null,0001,null,null,null,null,null,,,,null,,null,,0.000,null,0.0,0.000,null,null,0.0,null,01,null,null,null,null,null,0.000,null,365,1,B,0,null,null,null,null,null,null,null,null,0,null,null,null,0.000,0.0,null,0.000,null,0.000,0.000,null,,null,null,null,,,,null,null,null,null,null,null,null,null,null,null,null,null,null,null,null,,,,
000000007079874288,null,FERT,null,null,FG02,C,CDA WOODPRO LATEX 170G NATURAL 6PK,EN,EA,,,70798742888,IC,04,null,140274320413,,null,,,,null,null,170 G,null,,,,,,null,null,null,null,null,null,,,0.530,0.380,LBR,16.800,3.700,7.500,INH,0.050,FTQ,,,null,null,1,null,null,null,null,null,0001,null,null,null,null,null,,,,null,,null,,0.000,null,0.0,0.000,null,null,0.0,null,01,null,null,null,null,null,0.000,null,365,1,B,0,null,null,null,null,null,null,null,null,0,null,null,null,0.000,0.0,null,0.000,null,0.000,0.000,null,,null,null,null,,,,null,null,null,null,null,null,null,null,null,null,null,null,null,null,null,,,,
000000007079874289,null,FERT,null,null,FG02,C,CDA WOODPRO LATEX 170G WALNUT 6PK,EN,EA,,,70798742895,IC,04,null,140274320413,,null,,,,null,null,170 G,null,,,,,,null,null,null,null,null,null,,,0.530,0.380,LBR,16.800,3.700,7.500,INH,0.050,FTQ,,,null,null,1,null,null,null,null,null,0001,null,null,null,null,null,,,,null,,null,,0.000,null,0.0,0.000,null,null,0.0,null,01,null,null,null,null,null,0.000,null,365,1,B,0,null,null,null,null,null,null,null,null,0,null,null,null,0.000,0.0,null,0.000,null,0.000,0.000,null,,null,null,null,,,,null,null,null,null,null,null,null,null,null,null,null,null,null,null,null,,,,
000000007079874290,null,FERT,null,null,FG02,C,CDA WOODPRO LATEX 170G RED OAK 6PK,EN,EA,,,70798742901,IC,04,null,140274320413,,null,,,,null,null,170 G,null,,,,,,null,null,null,null,null,null,,,0.500,0.380,LBR,16.600,3.700,7.700,INH,0.050,FTQ,,,null,null,1,null,null,null,null,null,0001,null,null,null,null,null,,,,null,,null,,0.000,null,0.0,0.000,null,null,0.0,null,01,null,null,null,null,null,0.000,null,365,1,B,0,null,null,null,null,null,null,null,null,0,null,null,null,0.000,0.0,null,0.000,null,0.000,0.000,null,,null,null,null,,,,null,null,null,null,null,null,null,null,null,null,null,null,null,null,null,,,,
000000007079874291,null,FERT,null,null,FG02,C,CDA WOODPRO LATEX 170G GOLDEN OAK 6PK,EN,EA,,,70798742918,IC,04,null,140274320413,,null,,,,null,null,170 G,null,,,,,,null,null,null,null,null,null,,,0.500,0.380,LBR,16.800,3.600,7.400,INH,0.040,FTQ,,,null,null,1,null,null,null,null,null,0001,null,null,null,null,null,,,,null,,null,,0.000,null,0.0,0.000,null,null,0.0,null,01,null,null,null,null,null,0.000,null,365,1,B,0,null,null,null,null,null,null,null,null,0,null,null,null,0.000,0.0,null,0.000,null,0.000,0.000,null,,null,null,null,,,,null,null,null,null,null,null,null,null,null,null,null,null,null,null,null,,,,
000000007079874293,null,FERT,null,null,FG02,C,CDA WOODPRO LATEX 170G WHITE 6PK,EN,EA,,,70798742932,IC,04,null,140274320413,,null,,,,null,null,170 G,null,,,,,,null,null,null,null,null,null,,,0.500,0.380,LBR,16.600,3.700,7.600,INH,0.050,FTQ,,,null,null,1,null,null,null,null,null,0001,null,null,null,null,null,,,,null,,null,,0.000,null,0.0,0.000,null,null,0.0,null,01,null,null,null,null,null,0.000,null,365,1,B,0,null,null,null,null,null,null,null,null,0,null,null,null,0.000,0.0,null,0.000,null,0.000,0.000,null,,null,null,null,,,,null,null,null,null,null,null,null,null,null,null,null,null,null,null,null,,,,
000000007079874294,null,FERT,null,null,FG02,C,CDA WOODPRO LATEX 85G NATURAL 6PK,EN,EA,,,70798742949,IC,04,null,140274320413,,null,,,,null,null,85 G,null,,,,,,NORM,null,null,null,null,null,,,0.330,0.190,LBR,14.600,3.700,7.600,INH,0.040,FTQ,,,null,null,1,null,null,null,null,null,0001,null,null,null,null,null,,,,null,,null,,0.000,null,0.0,0.000,null,null,0.0,null,01,null,null,null,null,null,0.000,null,365,1,B,0,null,null,null,null,null,null,null,null,0,null,null,null,0.000,0.0,null,0.000,null,0.000,0.000,null,,null,null,null,,,,null,null,null,null,null,null,null,null,null,null,null,null,null,null,null,,,,
000000007079874320,null,FERT,null,null,FG02,C,CDA MONO SILICONE MAX K&B GRY 290ML 12PK,EN,EA,,,70798743205,IC,02,null,120376000663,,null,,,,null,null,290 ML,null,,,,,,NORM,null,null,null,null,null,,,0.760,0.630,LBR,8.000,6.000,12.000,INH,0.030,FTQ,,,null,null,1,null,null,null,null,null,0001,null,null,null,null,null,,,,null,,null,,0.000,null,0.0,0.000,null,null,0.0,null,01,null,null,null,null,null,0.000,null,546,1,B,0,null,null,null,null,null,null,null,null,0,null,null,null,0.000,0.0,null,0.000,null,0.000,0.000,null,,null,null,null,,,,null,null,null,null,null,null,null,null,null,null,null,null,null,null,null,,,,
000000007079874321,null,FERT,null,null,FG02,C,CDA MONO SILICONE MAX K&B CLR 83ML 12PK,EN,EA,,,70798743212,IC,02,null,120376000663,,null,,,,null,null,83 ML,null,,,,,,NORM,null,null,null,null,null,,,0.230,0.180,LBR,7.560,5.680,8.250,INH,0.020,FTQ,,,null,null,1,null,null,null,null,null,0001,null,null,null,null,null,,,,null,,null,,0.000,null,0.0,0.000,null,null,0.0,null,01,null,null,null,null,null,0.000,null,730,1,B,0,null,null,null,null,null,null,null,null,0,null,null,null,0.000,0.0,null,0.000,null,0.000,0.000,null,,null,null,null,,,,null,null,null,null,null,null,null,null,null,null,null,null,null,null,null,,,,
000000007079874322,null,FERT,null,null,FG02,C,CDA MONO SILICONE MAX K&B WHT 83ML 12PK,EN,EA,,,70798743229,IC,02,null,120376000663,,null,,,,null,null,83 ML,null,,,,,,NORM,null,null,null,null,null,,,0.230,0.180,LBR,7.560,5.680,8.250,INH,0.020,FTQ,,,null,null,1,null,null,null,null,null,0001,null,null,null,null,null,,,,null,,null,,0.000,null,0.0,0.000,null,null,0.0,null,01,null,null,null,null,null,0.000,null,730,1,B,0,null,null,null,null,null,null,null,null,0,null,null,null,0.000,0.0,null,0.000,null,0.000,0.000,null,,null,null,null,,,,null,null,null,null,null,null,null,null,null,null,null,null,null,null,null,,,,
000000007079874323,null,FERT,null,null,FG02,C,CDA MONO SILICONE MAX W&D CLR 83ML 12PK,EN,EA,,,70798743236,IC,02,null,120176000662,,null,,,,null,null,83 ML,null,,,,,,NORM,null,null,null,null,null,,,0.230,0.180,LBR,7.560,5.680,8.250,INH,0.020,FTQ,,,null,null,1,null,null,null,null,null,0001,null,null,null,null,null,,,,null,,null,,0.000,null,0.0,0.000,null,null,0.0,null,01,null,null,null,null,null,0.000,null,730,1,B,0,null,null,null,null,null,null,null,null,0,null,null,null,0.000,0.0,null,0.000,null,0.000,0.000,null,,null,null,null,,,,null,null,null,null,null,null,null,null,null,null,null,null,null,null,null,,,,
000000007079874324,null,FERT,null,null,FG02,C,CDA MONO SILICONE MAX W&D WHT 83ML 12PK,EN,EA,,,70798743243,IC,02,null,120176000662,,null,,,,null,null,83 ML,null,,,,,,NORM,null,null,null,null,null,,,0.230,0.180,LBR,7.560,5.680,8.250,INH,0.020,FTQ,,,null,null,1,null,null,null,null,null,0001,null,null,null,null,null,,,,null,,null,,0.000,null,0.0,0.000,null,null,0.0,null,01,null,null,null,null,null,0.000,null,730,1,B,0,null,null,null,null,null,null,null,null,0,null,null,null,0.000,0.0,null,0.000,null,0.000,0.000,null,,null,null,null,,,,null,null,null,null,null,null,null,null,null,null,null,null,null,null,null,,,,
000000007079874325,null,FERT,null,null,FG02,C,CDA SILICONE ULTRA AQUARIUM 83ML 12PK,EN,EA,,,70798743250,IC,02,null,120372100221,,null,,,,null,null,83 ML,null,,,,,,NORM,null,null,null,null,null,,,0.200,0.160,LBR,7.560,5.680,8.250,INH,0.020,FTQ,,,null,null,1,null,null,null,null,null,0001,null,null,null,null,null,,,,null,,null,,0.000,null,0.0,0.000,null,null,0.0,null,01,null,null,null,null,null,0.000,null,546,1,B,0,null,null,null,null,null,null,null,null,0,null,null,null,0.000,0.0,null,0.000,null,0.000,0.000,null,,null,null,null,,,,null,null,null,null,null,null,null,null,null,null,null,null,null,null,null,,,,
000000007079874326,null,FERT,null,null,FG02,C,CDA DAP HVAC SILICONE ALUM 300ML 12PK,EN,EA,,,70798743267,IC,02,null,120472200207,,null,,,,null,null,300 ML,null,,,,,,NORM,null,null,null,null,null,,,0.760,0.630,LBR,8.000,6.000,12.000,INH,0.030,FTQ,,,null,null,1,null,null,null,null,null,0001,null,null,null,null,null,,,,null,,null,,0.000,null,0.0,0.000,null,null,0.0,null,01,null,null,null,null,null,0.000,null,730,1,B,0,null,null,null,null,null,null,null,null,0,null,null,null,0.000,0.0,null,0.000,null,0.000,0.000,null,,null,null,null,,,,null,null,null,null,null,null,null,null,null,null,null,null,null,null,null,,,,
000000007079874327,null,FERT,null,null,FG02,C,CDA DAP HVAC SILICONE CLEAR 300ML 12PK,EN,EA,,,70798743274,IC,02,null,120472200207,,null,,,,null,null,300 ML,null,,,,,,NORM,null,null,null,null,null,,,0.760,0.630,LBR,8.000,6.000,12.000,INH,0.030,FTQ,,,null,null,1,null,null,null,null,null,0001,null,null,null,null,null,,,,null,,null,,0.000,null,0.0,0.000,null,null,0.0,null,01,null,null,null,null,null,0.000,null,730,1,B,0,null,null,null,null,null,null,null,null,0,null,null,null,0.000,0.0,null,0.000,null,0.000,0.000,null,,null,null,null,,,,null,null,null,null,null,null,null,null,null,null,null,null,null,null,null,,,,
000000007079874328,null,FERT,null,null,FG02,C,CDA DAP HVAC SILICONE WHITE 300ML 12PK,EN,EA,,,70798743281,IC,02,null,120472200207,,null,,,,null,null,300 ML,null,,,,,,NORM,null,null,null,null,null,,,0.760,0.630,LBR,8.000,6.000,12.000,INH,0.030,FTQ,,,null,null,1,null,null,null,null,null,0001,null,null,null,null,null,,,,null,,null,,0.000,null,0.0,0.000,null,null,0.0,null,01,null,null,null,null,null,0.000,null,730,1,B,0,null,null,null,null,null,null,null,null,0,null,null,null,0.000,0.0,null,0.000,null,0.000,0.000,null,,null,null,null,,,,null,null,null,null,null,null,null,null,null,null,null,null,null,null,null,,,,
000000007079874329,null,FERT,null,null,FG02,C,CDA ULTRA CLEAR ALL PURPOSE 147 ML 15PK,EN,EA,,,70798743298,IC,01,null,110471640126,,null,,,,null,null,147 ML,null,,,,,,NORM,null,null,null,null,null,,,0.360,0.290,LBR,7.750,7.378,10.000,INH,0.020,FTQ,,,null,null,1,null,null,null,null,null,0001,null,null,null,null,null,,,,null,,null,,0.000,null,0.0,0.000,null,null,0.0,null,01,null,null,null,null,null,0.000,null,365,1,B,0,null,null,null,null,null,null,null,null,0,null,null,null,0.000,0.0,null,0.000,null,0.000,0.000,null,,null,null,null,,,,null,null,null,null,null,null,null,null,null,null,null,null,null,null,null,,,,
000000007079874330,null,FERT,null,null,FG02,C,CDA ULTRA CLEAR ALL PURPOSE 300ML 12PK,EN,EA,,,70798743304,IC,01,null,110471640126,,null,,,,null,null,300 ML,null,,,,,,NORM,null,null,null,null,null,,,0.730,0.590,LBR,8.000,6.000,12.000,INH,0.030,FTQ,,,null,null,1,null,null,null,null,null,0001,null,null,null,null,null,,,,null,,null,,0.000,null,0.0,0.000,null,null,0.0,null,01,null,null,null,null,null,0.000,null,365,1,B,0,null,null,null,null,null,null,null,null,0,null,null,null,0.000,0.0,null,0.000,null,0.000,0.000,null,,null,null,null,,,,null,null,null,null,null,null,null,null,null,null,null,null,null,null,null,,,,
000000007079874331,null,FERT,null,null,FG02,C,CDA DAP HI-TEMP SILICONE RED 300ML 12PK,EN,EA,,,70798743311,IC,02,null,120472200208,,null,,,,null,null,300 ML,null,,,,,,NORM,null,null,null,null,null,,,0.760,0.630,LBR,8.000,6.000,12.000,INH,0.030,FTQ,,,null,null,1,null,null,null,null,null,0001,null,null,null,null,null,,,,null,,null,,0.000,null,0.0,0.000,null,null,0.0,null,01,null,null,null,null,null,0.000,null,730,1,B,0,null,null,null,null,null,null,null,null,0,null,null,null,0.000,0.0,null,0.000,null,0.000,0.000,null,,null,null,null,,,,null,null,null,null,null,null,null,null,null,null,null,null,null,null,null,,,,
000000007079874332,null,FERT,null,null,FG02,C,CDA PREM TEXTURED CONCRETE 300 ML 12PK,EN,EA,,,70798743328,IC,01,null,110471630125,,null,,,,null,null,300 ML,null,,,,,,NORM,null,null,null,null,null,,,1.070,0.930,LBR,8.000,6.000,12.000,INH,0.030,FTQ,,,null,null,1,null,null,null,null,null,0001,null,null,null,null,null,,,,null,,null,,0.000,null,0.0,0.000,null,null,0.0,null,01,null,null,null,null,null,0.000,null,365,1,B,0,null,null,null,null,null,null,null,null,0,null,null,null,0.000,0.0,null,0.000,null,0.000,0.000,null,,null,null,null,,,,null,null,null,null,null,null,null,null,null,null,null,null,null,null,null,,,,
000000007079874340,null,FERT,null,null,FG02,C,CDA AMP ALL WEATHER WDS WHT 266 ML 12PK,EN,EA,,,70798743403,IC,01,null,110172120250,,null,,,,null,null,266 ML,null,,,,,,NORM,null,null,null,null,null,,,1.010,0.830,LBR,8.000,6.000,12.000,INH,0.030,FTQ,,,null,null,1,null,null,null,null,null,0001,null,null,null,null,null,,,,null,,null,,0.000,null,0.0,0.000,null,null,0.0,null,01,null,null,null,null,null,0.000,null,365,1,B,0,null,null,null,null,null,null,null,null,0,null,null,null,0.000,0.0,null,0.000,null,0.000,0.000,null,,null,null,null,,,,null,null,null,null,null,null,null,null,null,null,null,null,null,null,null,,,,
000000007079874341,null,FERT,null,null,FG02,C,CDA AMP ALL WEATHER WDS CLR 266 ML 12PK,EN,EA,,,70798743410,IC,01,null,110172120250,,null,,,,null,null,266 ML,null,,,,,,NORM,null,null,null,null,null,,,0.830,0.640,LBR,8.000,6.000,12.000,INH,0.030,FTQ,,,null,null,1,null,null,null,null,null,0001,null,null,null,null,null,,,,null,,null,,0.000,null,0.0,0.000,null,null,0.0,null,01,null,null,null,null,null,0.000,null,365,1,B,0,null,null,null,null,null,null,null,null,0,null,null,null,0.000,0.0,null,0.000,null,0.000,0.000,null,,null,null,null,,,,null,null,null,null,null,null,null,null,null,null,null,null,null,null,null,,,,
000000007079874342,null,FERT,null,null,FG02,C,CDA AMP KITCHEN & BATH WHT 266 ML 12PK,EN,EA,,,70798743427,IC,01,null,110372120251,,null,,,,null,null,266 ML,null,,,,,,NORM,null,null,null,null,null,,,1.070,0.880,LBR,8.000,6.000,12.000,INH,0.030,FTQ,,,null,null,1,null,null,null,null,null,0001,null,null,null,null,null,,,,null,,null,,0.000,null,0.0,0.000,null,null,0.0,null,01,null,null,null,null,null,0.000,null,365,1,B,0,null,null,null,null,null,null,null,null,0,null,null,null,0.000,0.0,null,0.000,null,0.000,0.000,null,,null,null,null,,,,null,null,null,null,null,null,null,null,null,null,null,null,null,null,null,,,,
000000007079874343,null,FERT,null,null,FG02,C,CDA AMP KITCHEN & BATH CLR 266 ML,EN,EA,,,70798743434,IC,01,null,110372120251,,null,,,,null,null,266 ML,null,,,,,,NORM,null,null,null,null,null,,,0.830,0.610,LBR,8.000,6.000,12.000,INH,0.030,FTQ,,,null,null,1,null,null,null,null,null,0001,null,null,null,null,null,,,,null,,null,,0.000,null,0.0,0.000,null,null,0.0,null,01,null,null,null,null,null,0.000,null,365,1,B,0,null,null,null,null,null,null,null,null,0,null,null,null,0.000,0.0,null,0.000,null,0.000,0.000,null,,null,null,null,,,,null,null,null,null,null,null,null,null,null,null,null,null,null,null,null,,,,
000000007079874344,null,FERT,null,null,FG02,C,CDA AMP CONCRETE SELF LEVEL 266 ML 12PK,EN,EA,,,70798743441,IC,01,null,110472120253,,null,,,,null,null,266 ML,null,,,,,,NORM,null,null,null,null,null,,,1.090,0.980,LBR,8.000,6.000,12.000,INH,0.030,FTQ,,,null,null,1,null,null,null,null,null,0001,null,null,null,null,null,,,,null,,null,,0.000,null,0.0,0.000,null,null,0.0,null,01,null,null,null,null,null,0.000,null,365,1,B,0,null,null,null,null,null,null,null,null,0,null,null,null,0.000,0.0,null,0.000,null,0.000,0.000,null,,null,null,null,,,,null,null,null,null,null,null,null,null,null,null,null,null,null,null,null,,,,
000000007079874810,null,FERT,null,null,FG02,C,CDA POLYURETHANE ADH WHITE,EN,EA,,,70798748101,IC,01,null,110471680131,,null,,,,null,null,300 ML,null,,,,,,NORM,null,null,null,null,null,,,1.330,1.160,LBR,8.000,6.000,12.000,INH,0.030,FTQ,,,null,null,1,null,null,null,null,null,0001,null,null,null,null,null,,,,null,,null,,0.000,null,0.0,0.000,null,null,0.0,null,01,null,null,null,null,null,0.000,null,365,1,null,0,null,null,null,null,null,null,null,null,0,null,null,null,0.000,0.0,null,0.000,null,0.000,0.000,null,,null,null,null,,,,null,null,null,null,null,null,null,null,null,null,null,null,null,null,null,,,,
000000007079874814,null,FERT,null,null,FG02,C,CDA POLYURETHANE ADH BLACK,EN,EA,,,70798748149,IC,01,null,110471680131,,null,,,,null,null,300 ML,null,,,,,,NORM,null,null,null,null,null,,,1.330,1.160,LBR,8.000,6.000,12.000,INH,0.030,FTQ,,,null,null,1,null,null,null,null,null,0001,null,null,null,null,null,,,,null,,null,,0.000,null,0.0,0.000,null,null,0.0,null,01,null,null,null,null,null,0.000,null,365,1,null,0,null,null,null,null,null,null,null,null,0,null,null,null,0.000,0.0,null,0.000,null,0.000,0.000,null,,null,null,null,,,,null,null,null,null,null,null,null,null,null,null,null,null,null,null,null,,,,
000000007079874816,null,FERT,null,null,FG02,C,CDA POLYURETHANE ADH GREY,EN,EA,,,70798748163,IC,01,null,110471680131,,null,,,,null,null,300 ML,null,,,,,,NORM,null,null,null,null,null,,,1.330,1.160,LBR,8.000,6.000,12.000,INH,0.030,FTQ,,,null,null,1,null,null,null,null,null,0001,null,null,null,null,null,,,,null,,null,,0.000,null,0.0,0.000,null,null,0.0,null,01,null,null,null,null,null,0.000,null,365,1,null,0,null,null,null,null,null,null,null,null,0,null,null,null,0.000,0.0,null,0.000,null,0.000,0.000,null,,null,null,null,,,,null,null,null,null,null,null,null,null,null,null,null,null,null,null,null,,,,
000000007079874820,null,FERT,null,null,FG02,C,CDA KWIK SEAL ULTRA WHITE 300ML 12PK,EN,EA,,,70798748200,IC,01,null,110371500118,,null,,,,null,null,300 ML,null,,,,,,null,null,null,null,null,null,,,0.820,0.690,LBR,8.000,6.000,12.000,INH,0.030,FTQ,,,null,null,1,null,null,null,null,null,0001,null,null,null,null,null,,,,null,,null,,0.000,null,0.0,0.000,null,null,0.0,null,01,null,null,null,null,null,0.000,null,365,1,B,0,null,null,null,null,null,null,null,null,0,null,null,null,0.000,0.0,null,0.000,null,0.000,0.000,null,,null,null,null,,,,null,null,null,null,null,null,null,null,null,null,null,null,null,null,null,,,,
000000007079874821,null,FERT,null,null,FG02,C,CDA KWIK SEAL ULTRA CLEAR 300ML 12PK,EN,EA,,,70798748217,IC,01,null,110371500118,,null,,,,null,null,300 ML,null,,,,,,null,null,null,null,null,null,,,0.820,0.680,LBR,8.000,6.000,12.000,INH,0.030,FTQ,,,null,null,1,null,null,null,null,null,0001,null,null,null,null,null,,,,null,,null,,0.000,null,0.0,0.000,null,null,0.0,null,01,null,null,null,null,null,0.000,null,365,1,B,0,null,null,null,null,null,null,null,null,0,null,null,null,0.000,0.0,null,0.000,null,0.000,0.000,null,,null,null,null,,,,null,null,null,null,null,null,null,null,null,null,null,null,null,null,null,,,,
000000007079874822,null,FERT,null,null,FG02,C,CDA KWIK SEAL ULTRA BSCT 162ML 15PK,EN,EA,,,70798748224,IC,01,null,110371500118,,null,,,,null,null,162 ML,null,,,,,,NORM,null,null,null,null,null,,,0.430,0.370,LBR,7.750,7.378,10.000,INH,0.020,FTQ,,,null,null,1,null,null,null,null,null,0001,null,null,null,null,null,,,,null,,null,,0.000,null,0.0,0.000,null,null,0.0,null,01,null,null,null,null,null,0.000,null,365,1,B,0,null,null,null,null,null,null,null,null,0,null,null,null,0.000,0.0,null,0.000,null,0.000,0.000,null,,null,null,null,,,,null,null,null,null,null,null,null,null,null,null,null,null,null,null,null,,,,
000000007079874823,null,FERT,null,null,FG02,C,CDA KWIK SEAL ULTRA WHT 162ML 15PK,EN,EA,,,70798748231,IC,01,null,110371500118,,null,,,,null,null,162 ML,null,,,,,,NORM,null,null,null,null,null,,,0.430,0.370,LBR,7.750,7.378,10.000,INH,0.020,FTQ,,,null,null,1,null,null,null,null,null,0001,null,null,null,null,null,,,,null,,null,,0.000,null,0.0,0.000,null,null,0.0,null,01,null,null,null,null,null,0.000,null,365,1,B,0,null,null,null,null,null,null,null,null,0,null,null,null,0.000,0.0,null,0.000,null,0.000,0.000,null,,null,null,null,,,,null,null,null,null,null,null,null,null,null,null,null,null,null,null,null,,,,
000000007079874824,null,FERT,null,null,FG02,C,CDA KWIK SEAL ULTRA CLR 162ML 15PK,EN,EA,,,70798748248,IC,01,null,110371500118,,null,,,,null,null,162 ML,null,,,,,,NORM,null,null,null,null,null,,,0.420,0.370,LBR,7.750,7.378,10.000,INH,0.020,FTQ,,,null,null,1,null,null,null,null,null,0001,null,null,null,null,null,,,,null,,null,,0.000,null,0.0,0.000,null,null,0.0,null,01,null,null,null,null,null,0.000,null,365,1,B,0,null,null,null,null,null,null,null,null,0,null,null,null,0.000,0.0,null,0.000,null,0.000,0.000,null,,null,null,null,,,,null,null,null,null,null,null,null,null,null,null,null,null,null,null,null,,,,
000000007079874825,null,FERT,null,null,FG02,C,CDA MONO 100% SILICONE K&B 290ML WHT,EN,EA,,,70798748255,IC,02,null,120376000661,,null,,,,null,null,290 ML,null,,,,,,NORM,null,null,null,null,null,,,0.760,0.630,LBR,8.000,6.000,12.000,INH,0.030,FTQ,,,null,null,1,null,null,null,null,null,0001,null,null,null,null,null,,,,null,,null,,0.000,null,0.0,0.000,null,null,0.0,null,01,null,null,null,null,null,0.000,null,730,1,B,0,null,null,null,null,null,null,null,null,0,null,null,null,0.000,0.0,null,0.000,null,0.000,0.000,null,,null,null,null,,,,null,null,null,null,null,null,null,null,null,null,null,null,null,null,null,,,,
000000007079874826,null,FERT,null,null,FG02,C,CDA MONO 100% SILICONE K&B CLR 290ML,EN,EA,,,70798748262,IC,02,null,120376000661,,null,,,,null,null,290 ML,null,,,,,,NORM,null,null,null,null,null,,,0.760,0.630,LBR,8.000,6.000,12.000,INH,0.030,FTQ,,,null,null,1,null,null,null,null,null,0001,null,null,null,null,null,,,,null,,null,,0.000,null,0.0,0.000,null,null,0.0,null,01,null,null,null,null,null,0.000,null,730,1,B,0,null,null,null,null,null,null,null,null,0,null,null,null,0.000,0.0,null,0.000,null,0.000,0.000,null,,null,null,null,,,,null,null,null,null,null,null,null,null,null,null,null,null,null,null,null,,,,
000000007079874829,null,FERT,null,null,FG02,C,CDA MONO 100% SILICONE W&D WHT 290ML,EN,EA,,,70798748293,IC,02,null,120176000660,,null,,,,null,null,290 ML,null,,,,,,NORM,null,null,null,null,null,,,0.760,0.630,LBR,8.000,6.000,12.000,INH,0.030,FTQ,,,null,null,1,null,null,null,null,null,0001,null,null,null,null,null,,,,null,,null,,0.000,null,0.0,0.000,null,null,0.0,null,01,null,null,null,null,null,0.000,null,730,1,B,0,null,null,null,null,null,null,null,null,0,null,null,null,0.000,0.0,null,0.000,null,0.000,0.000,null,,null,null,null,,,,null,null,null,null,null,null,null,null,null,null,null,null,null,null,null,,,,
000000007079874830,null,FERT,null,null,FG02,C,CDA MONO 100% SILICONE W&D CLR 290ML,EN,EA,,,70798748309,IC,02,null,120176000660,,null,,,,null,null,290 ML,null,,,,,,NORM,null,null,null,null,null,,,0.760,0.630,LBR,8.000,6.000,12.000,INH,0.030,FTQ,,,null,null,1,null,null,null,null,null,0001,null,null,null,null,null,,,,null,,null,,0.000,null,0.0,0.000,null,null,0.0,null,01,null,null,null,null,null,0.000,null,730,1,B,0,null,null,null,null,null,null,null,null,0,null,null,null,0.000,0.0,null,0.000,null,0.000,0.000,null,,null,null,null,,,,null,null,null,null,null,null,null,null,null,null,null,null,null,null,null,,,,
000000007079874832,null,FERT,null,null,FG02,C,CDA MONO SILICONE MAX K&B WHT 290ML 12PK,EN,EA,,,70798748323,IC,02,null,120376000663,,null,,,,null,null,290 ML,null,,,,,,NORM,null,null,null,null,null,,,0.770,0.640,LBR,7.875,5.875,11.625,INH,0.030,FTQ,,,null,null,1,null,null,null,null,null,0001,null,null,null,null,null,,,,null,,null,,0.000,null,0.0,0.000,null,null,0.0,null,01,null,null,null,null,null,0.000,null,730,1,B,0,null,null,null,null,null,null,null,null,0,null,null,null,0.000,0.0,null,0.000,null,0.000,0.000,null,,null,null,null,,,,null,null,null,null,null,null,null,null,null,null,null,null,null,null,null,,,,
000000007079874833,null,FERT,null,null,FG02,C,CDA MONO SILICONE MAX K&B CLR 290ML 12PK,EN,EA,,,70798748330,IC,02,null,120376000663,,null,,,,null,null,290 ML,null,,,,,,NORM,null,null,null,null,null,,,0.770,0.640,LBR,7.875,5.875,11.625,INH,0.030,FTQ,,,null,null,1,null,null,null,null,null,0001,null,null,null,null,null,,,,null,,null,,0.000,null,0.0,0.000,null,null,0.0,null,01,null,null,null,null,null,0.000,null,730,1,B,0,null,null,null,null,null,null,null,null,0,null,null,null,0.000,0.0,null,0.000,null,0.000,0.000,null,,null,null,null,,,,null,null,null,null,null,null,null,null,null,null,null,null,null,null,null,,,,
000000007079874834,null,FERT,null,null,FG02,C,CDA MONO SILICONE MAX W&D WHT 290ML 12PK,EN,EA,,,70798748347,IC,02,null,120176000662,,null,,,,null,null,290 ML,null,,,,,,NORM,null,null,null,null,null,,,0.790,0.670,LBR,7.875,5.875,11.625,INH,0.030,FTQ,,,null,null,1,null,null,null,null,null,0001,null,null,null,null,null,,,,null,,null,,0.000,null,0.0,0.000,null,null,0.0,null,01,null,null,null,null,null,0.000,null,730,1,B,0,null,null,null,null,null,null,null,null,0,null,null,null,0.000,0.0,null,0.000,null,0.000,0.000,null,,null,null,null,,,,null,null,null,null,null,null,null,null,null,null,null,null,null,null,null,,,,
000000007079874835,null,FERT,null,null,FG02,C,CDA MONO SILICONE MAX W&D CLR 290ML 12PK,EN,EA,,,70798748354,IC,02,null,120176000662,,null,,,,null,null,290 ML,null,,,,,,NORM,null,null,null,null,null,,,0.790,0.670,LBR,7.875,5.875,11.625,INH,0.030,FTQ,,,null,null,1,null,null,null,null,null,0001,null,null,null,null,null,,,,null,,null,,0.000,null,0.0,0.000,null,null,0.0,null,01,null,null,null,null,null,0.000,null,730,1,B,0,null,null,null,null,null,null,null,null,0,null,null,null,0.000,0.0,null,0.000,null,0.000,0.000,null,,null,null,null,,,,null,null,null,null,null,null,null,null,null,null,null,null,null,null,null,,,,
000000007079874836,null,FERT,null,null,FG02,C,CDA MONO SILICONE PRO ALUM & METAL 12PK,EN,EA,,,70798748361,IC,02,null,120476000666,,null,,,,null,null,290 ML,null,,,,,,null,null,null,null,null,null,,,0.790,0.670,LBR,7.875,5.875,11.625,INH,0.030,FTQ,,,null,null,1,null,null,null,null,null,0001,null,null,null,null,null,,,,null,,null,,0.000,null,0.0,0.000,null,null,0.0,null,01,null,null,null,null,null,0.000,null,730,1,B,0,null,null,null,null,null,null,null,null,0,null,null,null,0.000,0.0,null,0.000,null,0.000,0.000,null,,null,null,null,,,,null,null,null,null,null,null,null,null,null,null,null,null,null,null,null,,,,
000000007079874839,null,FERT,null,null,FG02,C,CDA MONO SILICONE PRO K&B WHT 290ML 12PK,EN,EA,,,70798748392,IC,02,null,120376000665,,null,,,,null,null,290 ML,null,,,,,,NORM,null,null,null,null,null,,,0.790,0.670,LBR,7.875,5.875,11.625,INH,0.030,FTQ,,,null,null,1,null,null,null,null,null,0001,null,null,null,null,null,,,,null,,null,,0.000,null,0.0,0.000,null,null,0.0,null,01,null,null,null,null,null,0.000,null,730,1,B,0,null,null,null,null,null,null,null,null,0,null,null,null,0.000,0.0,null,0.000,null,0.000,0.000,null,,null,null,null,,,,null,null,null,null,null,null,null,null,null,null,null,null,null,null,null,,,,
000000007079874840,null,FERT,null,null,FG02,C,CDA MONO SILICONE PRO K&B CLR 290ML 12PK,EN,EA,,,70798748408,IC,02,null,120376000665,,null,,,,null,null,290 ML,null,,,,,,NORM,null,null,null,null,null,,,0.790,0.670,LBR,7.875,5.875,11.625,INH,0.030,FTQ,,,null,null,1,null,null,null,null,null,0001,null,null,null,null,null,,,,null,,null,,0.000,null,0.0,0.000,null,null,0.0,null,01,null,null,null,null,null,0.000,null,730,1,B,0,null,null,null,null,null,null,null,null,0,null,null,null,0.000,0.0,null,0.000,null,0.000,0.000,null,,null,null,null,,,,null,null,null,null,null,null,null,null,null,null,null,null,null,null,null,,,,
000000007079874841,null,FERT,null,null,FG02,C,CDA MONO SILICONE PRO K&B ALMD 290ML 12P,EN,EA,,,70798748415,IC,02,null,120376000665,,null,,,,null,null,290 ML,null,,,,,,NORM,null,null,null,null,null,,,0.790,0.670,LBR,7.875,5.875,11.625,INH,0.030,FTQ,,,null,null,1,null,null,null,null,null,0001,null,null,null,null,null,,,,null,,null,,0.000,null,0.0,0.000,null,null,0.0,null,01,null,null,null,null,null,0.000,null,730,1,B,0,null,null,null,null,null,null,null,null,0,null,null,null,0.000,0.0,null,0.000,null,0.000,0.000,null,,null,null,null,,,,null,null,null,null,null,null,null,null,null,null,null,null,null,null,null,,,,
000000007079874842,null,FERT,null,null,FG02,C,CDA MONO SILICONE PRO W&D WHT 12PK,EN,EA,,,70798748422,IC,02,null,120176000665,,null,,,,null,null,290 ML,null,,,,,,NORM,null,null,null,null,null,,,0.790,0.670,LBR,7.875,5.875,11.625,INH,0.030,FTQ,,,null,null,1,null,null,null,null,null,0001,null,null,null,null,null,,,,null,,null,,0.000,null,0.0,0.000,null,null,0.0,null,01,null,null,null,null,null,0.000,null,730,1,B,0,null,null,null,null,null,null,null,null,0,null,null,null,0.000,0.0,null,0.000,null,0.000,0.000,null,,null,null,null,,,,null,null,null,null,null,null,null,null,null,null,null,null,null,null,null,,,,
000000007079874843,null,FERT,null,null,FG02,C,CDA MONO SILICONE PRO W&D CLR 12PK,EN,EA,,,70798748439,IC,02,null,120176000665,,null,,,,null,null,290 ML,null,,,,,,NORM,null,null,null,null,null,,,0.790,0.670,LBR,7.875,5.875,11.625,INH,0.030,FTQ,,,null,null,1,null,null,null,null,null,0001,null,null,null,null,null,,,,null,,null,,0.000,null,0.0,0.000,null,null,0.0,null,01,null,null,null,null,null,0.000,null,730,1,B,0,null,null,null,null,null,null,null,null,0,null,null,null,0.000,0.0,null,0.000,null,0.000,0.000,null,,null,null,null,,,,null,null,null,null,null,null,null,null,null,null,null,null,null,null,null,,,,
000000007079874844,null,FERT,null,null,FG02,C,CDA MONO SILICONE PRO W&D BRN 12PK,EN,EA,,,70798748446,IC,02,null,120176000665,,null,,,,null,null,290 ML,null,,,,,,NORM,null,null,null,null,null,,,0.790,0.670,LBR,7.875,5.875,11.625,INH,0.030,FTQ,,,null,null,1,null,null,null,null,null,0001,null,null,null,null,null,,,,null,,null,,0.000,null,0.0,0.000,null,null,0.0,null,01,null,null,null,null,null,0.000,null,730,1,B,0,null,null,null,null,null,null,null,null,0,null,null,null,0.000,0.0,null,0.000,null,0.000,0.000,null,,null,null,null,,,,null,null,null,null,null,null,null,null,null,null,null,null,null,null,null,,,,
000000007079874845,null,FERT,null,null,FG02,C,CDA MONO SILICONE PRO W&D BLK 12PK,EN,EA,,,70798748453,IC,02,null,120176000665,,null,,,,null,null,290 ML,null,,,,,,NORM,null,null,null,null,null,,,0.790,0.670,LBR,7.875,5.875,11.625,INH,0.030,FTQ,,,null,null,1,null,null,null,null,null,0001,null,null,null,null,null,,,,null,,null,,0.000,null,0.0,0.000,null,null,0.0,null,01,null,null,null,null,null,0.000,null,730,1,B,0,null,null,null,null,null,null,null,null,0,null,null,null,0.000,0.0,null,0.000,null,0.000,0.000,null,,null,null,null,,,,null,null,null,null,null,null,null,null,null,null,null,null,null,null,null,,,,
000000007079874846,null,FERT,null,null,FG02,C,CDA MONO SILICONE PRO W&D ALMD 12PK,EN,EA,,,70798748460,IC,02,null,120176000665,,null,,,,null,null,290 ML,null,,,,,,NORM,null,null,null,null,null,,,0.790,0.670,LBR,7.875,5.875,11.625,INH,0.030,FTQ,,,null,null,1,null,null,null,null,null,0001,null,null,null,null,null,,,,null,,null,,0.000,null,0.0,0.000,null,null,0.0,null,01,null,null,null,null,null,0.000,null,730,1,B,0,null,null,null,null,null,null,null,null,0,null,null,null,0.000,0.0,null,0.000,null,0.000,0.000,null,,null,null,null,,,,null,null,null,null,null,null,null,null,null,null,null,null,null,null,null,,,,
000000007079874849,null,FERT,null,null,FG02,C,CDA DYNAFLEX 230 CEDAR TAN 300ML 12PK,EN,EA,,,70798748491,IC,01,null,110171010102,,null,,,,null,null,300 ML,null,,,,,,NORM,null,null,null,null,null,,,1.130,0.980,LBR,8.000,6.000,12.000,INH,0.030,FTQ,,,null,null,1,null,null,null,null,null,0001,null,null,null,null,null,,,,null,,null,,0.000,null,0.0,0.000,null,null,0.0,null,01,null,null,null,null,null,0.000,null,365,1,B,0,null,null,null,null,null,null,null,null,0,null,null,null,0.000,0.0,null,0.000,null,0.000,0.000,null,,null,null,null,,,,null,null,null,null,null,null,null,null,null,null,null,null,null,null,null,,,,
000000007079874851,null,FERT,null,null,FG02,C,CDA ALEX FAST DRY WHITE CONTR PK 300ML,EN,EA,,,170798748511,IC,01,null,110271000116,,null,,,,null,null,300 ML,null,,,,,,NORM,null,null,null,null,null,,,14.000,12.500,LBR,8.000,6.000,12.000,INH,0.330,FTQ,,,null,null,1,null,null,null,null,null,0001,null,null,null,null,null,,,,null,,null,,0.000,null,0.0,0.000,null,null,0.0,null,01,null,null,null,null,null,0.000,null,365,1,B,0,null,null,null,null,null,null,null,null,0,null,null,null,0.000,0.0,null,0.000,null,0.000,0.000,null,,null,null,null,,,,null,null,null,null,null,null,null,null,null,null,null,null,null,null,null,,,,
000000007079874852,null,FERT,null,null,FG02,C,CDA ALEX PLUS WHITE 162ML 15PK,EN,EA,,,70798742253,IC,01,null,110271000101,,null,,,,null,null,162 ML,null,,,,,,NORM,null,null,null,null,null,,,0.650,0.590,LBR,7.750,7.378,10.000,INH,0.020,FTQ,,,null,null,1,null,null,null,null,null,0001,null,null,null,null,null,,,,null,,null,,0.000,null,0.0,0.000,null,null,0.0,null,01,null,null,null,null,null,0.000,null,365,1,B,0,null,null,null,null,null,null,null,null,0,null,null,null,0.000,0.0,null,0.000,null,0.000,0.000,null,,null,null,null,,,,null,null,null,null,null,null,null,null,null,null,null,null,null,null,null,,,,
000000007079874853,null,FERT,null,null,FG02,C,CDA KWIK SEAL WHITE 162ML 15PK,EN,EA,,,70798710238,IC,01,null,110371500110,,null,,,,null,null,162 ML,null,,,,,,NORM,null,null,null,null,null,,,0.650,0.600,LBR,7.750,7.378,10.000,INH,0.020,FTQ,,,null,null,1,null,null,null,null,null,0001,null,null,null,null,null,,,,null,,null,,0.000,null,0.0,0.000,null,null,0.0,null,01,null,null,null,null,null,0.000,null,365,1,B,0,null,null,null,null,null,null,null,null,0,null,null,null,0.000,0.0,null,0.000,null,0.000,0.000,null,,null,null,null,,,,null,null,null,null,null,null,null,null,null,null,null,null,null,null,null,,,,
000000007079874855,null,FERT,null,null,FG02,C,CDA KWIK SEAL CLEAR 162ML 15PK,EN,EA,,,70798710559,IC,01,null,110371500110,,null,,,,null,null,162 ML,null,,,,,,NORM,null,null,null,null,null,,,0.420,0.370,LBR,7.750,7.378,10.000,INH,0.020,FTQ,,,null,null,1,null,null,null,null,null,0001,null,null,null,null,null,,,,null,,null,,0.000,null,0.0,0.000,null,null,0.0,null,01,null,null,null,null,null,0.000,null,365,1,B,0,null,null,null,null,null,null,null,null,0,null,null,null,0.000,0.0,null,0.000,null,0.000,0.000,null,,null,null,null,,,,null,null,null,null,null,null,null,null,null,null,null,null,null,null,null,,,,
000000007079874856,null,FERT,null,null,FG02,C,CDA ALEX FAST DRY WHT 162ML 15PK,EN,EA,,,70798748569,IC,01,null,110271000116,,null,,,,null,null,162 ML,null,,,,,,NORM,null,null,null,null,null,,,0.620,0.570,LBR,7.750,7.378,10.000,INH,0.020,FTQ,,,null,null,1,null,null,null,null,null,0001,null,null,null,null,null,,,,null,,null,,0.000,null,0.0,0.000,null,null,0.0,null,01,null,null,null,null,null,0.000,null,365,1,B,0,null,null,null,null,null,null,null,null,0,null,null,null,0.000,0.0,null,0.000,null,0.000,0.000,null,,null,null,null,,,,null,null,null,null,null,null,null,null,null,null,null,null,null,null,null,,,,
000000007079874861,null,FERT,null,null,FG02,C,CDA MONO SILICONE MAX KB TRANS WHT 290ML,EN,EA,,,70798748613,IC,02,null,120376000663,,null,,,,null,null,290 ML,null,,,,,,NORM,null,null,null,null,null,,,0.770,0.640,LBR,7.875,5.875,11.625,INH,0.030,FTQ,,,null,null,1,null,null,null,null,null,0001,null,null,null,null,null,,,,null,,null,,0.000,null,0.0,0.000,null,null,0.0,null,01,null,null,null,null,null,0.000,null,730,1,B,0,null,null,null,null,null,null,null,null,0,null,null,null,0.000,0.0,null,0.000,null,0.000,0.000,null,,null,null,null,,,,null,null,null,null,null,null,null,null,null,null,null,null,null,null,null,,,,
000000007079874865,null,FERT,null,null,FG02,C,CDA EXTREME STRETCH WHT 300 ML 12PK,EN,EA,,,70798748651,IC,01,null,110171090106,,null,,,,null,null,300 ML,null,,,,,,NORM,null,null,null,null,null,,,0.990,0.860,LBR,8.000,6.000,12.000,INH,0.030,FTQ,,,null,null,1,null,null,null,null,null,0001,null,null,null,null,null,,,,null,,null,,0.000,null,0.0,0.000,null,null,0.0,null,01,null,null,null,null,null,0.000,null,546,1,B,0,null,null,null,null,null,null,null,null,0,null,null,null,0.000,0.0,null,0.000,null,0.000,0.000,null,,null,null,null,,,,null,null,null,null,null,null,null,null,null,null,null,null,null,null,null,,,,
000000007079874866,null,FERT,null,null,FG02,C,CDA ALEX PLUS SPACKLING 237 ML 12PK,EN,EA,,,70798748668,IC,04,null,140174030541,,null,,,,null,null,237 ML,null,,,,,,NORM,null,null,null,null,null,,,1.040,0.980,LBR,13.500,10.000,3.750,INH,0.020,FTQ,,,null,null,1,null,null,null,null,null,0001,null,null,null,null,null,,,,null,,null,,0.000,null,0.0,0.000,null,null,0.0,null,01,null,null,null,null,null,0.000,null,365,1,B,0,null,null,null,null,null,null,null,null,0,null,null,null,0.000,0.0,null,0.000,null,0.000,0.000,null,,null,null,null,,,,null,null,null,null,null,null,null,null,null,null,null,null,null,null,null,,,,
000000007079874867,null,FERT,null,null,FG02,C,CDA ALEX PLUS SPACKLING 473 ML 12PK,EN,EA,,,70798748675,IC,04,null,140174030541,,null,,,,null,null,473.00 ML,null,,,,,,NORM,null,ZP,null,null,null,,,2.110,1.950,LBR,12.000,8.250,8.250,INH,0.040,FTQ,,,null,null,1,null,null,null,null,null,0001,null,null,null,null,null,,,,null,,null,,0.000,null,0.0,0.000,null,null,0.0,null,01,null,null,null,null,null,0.000,null,365,1,B,0,null,null,null,null,null,null,null,null,0,null,null,null,0.000,0.0,null,0.000,null,0.000,0.000,null,,null,null,null,,,,null,null,null,null,null,null,null,null,null,null,null,null,null,null,null,,,,
000000007079874868,null,FERT,null,null,FG02,C,CDA ALEX PLUS SPACKLING 946 ML 6PK,EN,EA,,,70798748682,IC,04,null,140174030541,,null,,,,null,null,946 ML,null,,,,,,NORM,null,null,null,null,null,,,4.190,3.910,LBR,15.000,10.000,5.250,INH,0.080,FTQ,,,null,null,1,null,null,null,null,null,0001,null,null,null,null,null,,,,null,,null,,0.000,null,0.0,0.000,null,null,0.0,null,01,null,null,null,null,null,0.000,null,365,1,B,0,null,null,null,null,null,null,null,null,0,null,null,null,0.000,0.0,null,0.000,null,0.000,0.000,null,,null,null,null,,,,null,null,null,null,null,null,null,null,null,null,null,null,null,null,null,,,,
000000007079874869,null,FERT,null,null,FG02,C,CDA ALEX PLUS SPACKLING 3.78 L 2PK,EN,EA,,,70798748699,IC,04,null,140174030541,,null,,,,null,null,3.78 LITERS,null,,,,,,NORM,null,ZP,null,null,null,,,16.480,15.620,LBR,16.000,8.000,8.250,INH,0.310,FTQ,,,null,null,1,null,null,null,null,null,0001,null,null,null,null,null,,,,null,,null,,0.000,null,0.0,0.000,null,null,0.0,null,01,null,null,null,null,null,0.000,null,365,1,B,0,null,null,null,null,null,null,null,null,0,null,null,null,0.000,0.0,null,0.000,null,0.000,0.000,null,,null,null,null,,,,null,null,null,null,null,null,null,null,null,null,null,null,null,null,null,,,,
000000007079874871,null,FERT,null,null,FG02,C,CDA ALEX FLEX SPACKLING 946 ML 8PK,EN,EA,,,70798748712,IC,04,null,140174050542,,null,,,,null,null,946 ML,null,,,,,,NORM,null,null,null,null,null,,,3.520,3.310,LBR,10.500,10.500,10.000,INH,0.070,FTQ,,,null,null,1,null,null,null,null,null,0001,null,null,null,null,null,,,,null,,null,,0.000,null,0.0,0.000,null,null,0.0,null,01,null,null,null,null,null,0.000,null,365,1,B,0,null,null,null,null,null,null,null,null,0,null,null,null,0.000,0.0,null,0.000,null,0.000,0.000,null,,null,null,null,,,,null,null,null,null,null,null,null,null,null,null,null,null,null,null,null,,,,
000000007079874875,null,FERT,null,null,FG02,C,CDA PROCAULK 8 PIECE TOOL KIT,EN,EA,,,70798748750,IC,01,null,110571930187,,null,,,,null,null,1 EA,null,,,,,,NORM,null,null,null,null,null,,,0.300,0.200,LBR,5.500,4.750,11.000,INH,0.040,FTQ,,,null,null,1,null,null,null,null,null,0001,null,null,null,null,null,,,,null,,null,,0.000,null,0.0,0.000,null,null,0.0,null,01,null,null,null,null,null,0.000,null,9999,1,B,0,null,null,null,null,null,null,null,null,0,null,null,null,0.000,0.0,null,0.000,null,0.000,0.000,null,,null,null,null,,,,null,null,null,null,null,null,null,null,null,null,null,null,null,null,null,,,,
000000007079874877,null,FERT,null,null,FG02,C,CDA FAST N FINAL KNIFE CAP 88.7ML 6PK,EN,EA,,,70798748774,IC,04,null,140174040402,,null,,,,null,null,88.7 ML,null,,,,,,NORM,null,null,null,null,null,,,0.160,0.090,LBR,6.060,5.130,8.380,INH,0.030,FTQ,,,null,null,1,null,null,null,null,null,0001,null,null,null,null,null,,,,null,,null,,0.000,null,0.0,0.000,null,null,0.0,null,01,null,null,null,null,null,0.000,null,365,1,B,0,null,null,null,null,null,null,null,null,0,null,null,null,0.000,0.0,null,0.000,null,0.000,0.000,null,,null,null,null,,,,null,null,null,null,null,null,null,null,null,null,null,null,null,null,null,,,,
000000007079874880,null,FERT,null,null,FG02,C,CDA CONSTRCT ADH MAX STRENGTH 266ML 12PK,EN,EA,,,70798748804,IC,03,null,130173310862,,null,,,,null,null,266 ML,null,,,,,,NORM,null,null,null,null,null,,,1.130,1.000,LBR,8.000,6.000,12.000,INH,0.030,FTQ,,,null,null,1,null,null,null,null,null,0001,null,null,null,null,null,,,,null,,null,,0.000,null,0.0,0.000,null,null,0.0,null,01,null,null,null,null,null,0.000,null,365,1,B,0,null,null,null,null,null,null,null,null,0,null,null,null,0.000,0.0,null,0.000,null,0.000,0.000,null,,null,null,null,,,,null,null,null,null,null,null,null,null,null,null,null,null,null,null,null,,,,
000000007079874882,null,FERT,null,null,FG02,C,CDA CONSTRUCTION ADH SUBFLOOR 828 ML,EN,EA,,,70798748828,IC,03,null,130173320863,,null,,,,null,null,828 ML,null,,,,,,NORM,null,null,null,null,null,,,2.300,2.030,LBR,10.630,8.000,17.130,INH,0.070,FTQ,,,null,null,1,null,null,null,null,null,0001,null,null,null,null,null,,,,null,,null,,0.000,null,0.0,0.000,null,null,0.0,null,01,null,null,null,null,null,0.000,null,546,1,B,0,null,null,null,null,null,null,null,null,0,null,null,null,0.000,0.0,null,0.000,null,0.000,0.000,null,,null,null,null,,,,null,null,null,null,null,null,null,null,null,null,null,null,null,null,null,,,,
000000007079874883,null,FERT,null,null,FG02,C,CDA CONST ADH MULTI PURPOSE 266 ML,EN,EA,,,70798748835,IC,03,null,130173300860,,null,,,,null,null,266 ML,null,,,,,,NORM,null,null,null,null,null,,,1.040,0.910,LBR,8.000,6.000,12.000,INH,0.030,FTQ,,,null,null,1,null,null,null,null,null,0001,null,null,null,null,null,,,,null,,null,,0.000,null,0.0,0.000,null,null,0.0,null,01,null,null,null,null,null,0.000,null,546,1,B,0,null,null,null,null,null,null,null,null,0,null,null,null,0.000,0.0,null,0.000,null,0.000,0.000,null,,null,null,null,,,,null,null,null,null,null,null,null,null,null,null,null,null,null,null,null,,,,
000000007079874884,null,FERT,null,null,FG02,C,CDA CONST ADH DRYWALL & PANELLING 828 ML,EN,EA,,,70798748842,IC,03,null,130173350866,,null,,,,null,null,828 ML,null,,,,,,NORM,null,null,null,null,null,,,2.690,2.420,LBR,10.690,8.060,16.690,INH,0.070,FTQ,,,null,null,1,null,null,null,null,null,0001,null,null,null,null,null,,,,null,,null,,0.000,null,0.0,0.000,null,null,0.0,null,01,null,null,null,null,null,0.000,null,365,1,B,0,null,null,null,null,null,null,null,null,0,null,null,null,0.000,0.0,null,0.000,null,0.000,0.000,null,,null,null,null,,,,null,null,null,null,null,null,null,null,null,null,null,null,null,null,null,,,,
000000007079874886,null,FERT,null,null,FG02,C,CDA CONSTRUCTION ADH MAX STR 266ML 4PK,EN,EA,,,70798748804,IC,03,null,130173310235,,null,,,,null,null,266 ML,null,,,,,,NORM,null,null,null,null,null,,,1.400,1.000,LBR,7.750,2.000,11.340,INH,0.030,FTQ,,,null,null,1,null,null,null,null,null,0001,null,null,null,null,null,,,,null,,null,,0.000,null,0.0,0.000,null,null,0.0,null,01,null,null,null,null,null,0.000,null,365,1,B,0,null,null,null,null,null,null,null,null,0,null,null,null,0.000,0.0,null,0.000,null,0.000,0.000,null,,null,null,null,,,,null,null,null,null,null,null,null,null,null,null,null,null,null,null,null,,,,
000000007079874887,null,FERT,null,null,FG02,C,CDA PLATINUM PATCH ADVANCED 207ML 6PK,EN,EA,,,70798748873,IC,04,null,140174050543,,null,,,,null,null,207 ML,null,,,,,,NORM,null,null,null,null,null,,,0.750,0.670,LBR,6.630,6.250,9.380,INH,0.040,FTQ,,,null,null,1,null,null,null,null,null,0001,null,null,null,null,null,,,,null,,null,,0.000,null,0.0,0.000,null,null,0.0,null,01,null,null,null,null,null,0.000,null,365,1,B,0,null,null,null,null,null,null,null,null,0,null,null,null,0.000,0.0,null,0.000,null,0.000,0.000,null,,null,null,null,,,,null,null,null,null,null,null,null,null,null,null,null,null,null,null,null,,,,
000000007079874888,null,FERT,null,null,FG02,C,CDA PLATINUM PATCH ADVANCED 946ML 8PK,EN,EA,,,70798748880,IC,04,null,140174050543,,null,,,,null,null,946 ML,null,,,,,,NORM,null,null,null,null,null,,,3.290,3.070,LBR,10.500,10.500,10.000,INH,0.080,FTQ,,,null,null,1,null,null,null,null,null,0001,null,null,null,null,null,,,,null,,null,,0.000,null,0.0,0.000,null,null,0.0,null,01,null,null,null,null,null,0.000,null,365,1,B,0,null,null,null,null,null,null,null,null,0,null,null,null,0.000,0.0,null,0.000,null,0.000,0.000,null,,null,null,null,,,,null,null,null,null,null,null,null,null,null,null,null,null,null,null,null,,,,
000000007079874889,null,FERT,null,null,FG02,C,CDA PREMIUM WOOD FILLER 473ML 4PK,EN,EA,,,70798748897,IC,04,null,140274320416,,null,,,,null,null,473 ML,null,,,,,,NORM,null,null,null,null,null,,,2.230,2.060,LBR,8.000,8.000,4.750,INH,0.040,FTQ,,,null,null,1,null,null,null,null,null,0001,null,null,null,null,null,,,,null,,null,,0.000,null,0.0,0.000,null,null,0.0,null,01,null,null,null,null,null,0.000,null,365,1,B,0,null,null,null,null,null,null,null,null,0,null,null,null,0.000,0.0,null,0.000,null,0.000,0.000,null,,null,null,null,,,,null,null,null,null,null,null,null,null,null,null,null,null,null,null,null,,,,
000000007079874890,null,FERT,null,null,FG02,C,CDA FAST DRY PREMIUM SPACKLING 946ML 6PK,EN,EA,,,70798748903,IC,04,null,140174040544,,null,,,,null,null,946 ML,null,,,,,,NORM,null,null,null,null,null,,,1.870,1.630,LBR,15.440,10.250,5.250,INH,0.080,FTQ,,,null,null,1,null,null,null,null,null,0001,null,null,null,null,null,,,,null,,null,,0.000,null,0.0,0.000,null,null,0.0,null,01,null,null,null,null,null,0.000,null,365,1,B,0,null,null,null,null,null,null,null,null,0,null,null,null,0.000,0.0,null,0.000,null,0.000,0.000,null,,null,null,null,,,,null,null,null,null,null,null,null,null,null,null,null,null,null,null,null,,,,
000000007079874902,null,FERT,null,null,FG02,C,CDA ECLIPSE WALL REPAIR PATCH 2 IN 12PK,EN,EA,,,70798749023,IC,04,null,140074900460,,null,,,,null,null,2 INCH,null,,,,,,NORM,null,null,null,null,null,,,0.070,0.000,LBR,7.310,3.750,7.810,INH,0.010,FTQ,,,null,null,1,null,null,null,null,null,0001,null,null,null,null,null,,,,null,,null,,0.000,null,0.0,0.000,null,null,0.0,null,01,null,null,null,null,null,0.000,null,730,1,B,0,null,null,null,null,null,null,null,null,0,null,null,null,0.000,0.0,null,0.000,null,0.000,0.000,null,,null,null,null,,,,null,null,null,null,null,null,null,null,null,null,null,null,null,null,null,,,,
000000007079874904,null,FERT,null,null,FG02,C,CDA ECLIPSE WALL REPAIR PATCH 4 IN 12PK,EN,EA,,,70798749047,IC,04,null,140074900460,,null,,,,null,null,4 INCH,null,,,,,,NORM,null,null,null,null,null,,,0.070,0.010,LBR,7.310,3.750,7.810,INH,0.010,FTQ,,,null,null,1,null,null,null,null,null,0001,null,null,null,null,null,,,,null,,null,,0.000,null,0.0,0.000,null,null,0.0,null,01,null,null,null,null,null,0.000,null,730,1,B,0,null,null,null,null,null,null,null,null,0,null,null,null,0.000,0.0,null,0.000,null,0.000,0.000,null,,null,null,null,,,,null,null,null,null,null,null,null,null,null,null,null,null,null,null,null,,,,
000000007079874906,null,FERT,null,null,FG02,C,CDA ECLIPSE WALL REPAIR PATCH 6 IN 12PK,EN,EA,,,70798749061,IC,04,null,140074900460,,null,,,,null,null,6 INCH,null,,,,,,NORM,null,null,null,null,null,,,0.090,0.020,LBR,7.310,3.750,7.810,INH,0.010,FTQ,,,null,null,1,null,null,null,null,null,0001,null,null,null,null,null,,,,null,,null,,0.000,null,0.0,0.000,null,null,0.0,null,01,null,null,null,null,null,0.000,null,730,1,B,0,null,null,null,null,null,null,null,null,0,null,null,null,0.000,0.0,null,0.000,null,0.000,0.000,null,,null,null,null,,,,null,null,null,null,null,null,null,null,null,null,null,null,null,null,null,,,,
000000007079874981,null,FERT,null,null,FG02,C,CDA CONSTR ADH SUBFL LVOC 305ML,EN,EA,,,70798749818,IC,03,null,130173320864,,null,,,,null,null,305 ML,null,,,,,,NORM,null,null,null,null,null,,,0.920,0.800,LBR,11.380,5.440,7.880,INH,0.020,FTQ,,,null,null,1,null,null,null,null,null,0001,null,null,null,null,null,,,,null,,null,,0.000,null,0.0,0.000,null,null,0.0,null,01,null,null,null,null,null,0.000,null,546,1,B,0,null,null,null,null,null,null,null,null,0,null,null,null,0.000,0.0,null,0.000,null,0.000,0.000,null,,null,null,null,,,,null,null,null,null,null,null,null,null,null,null,null,null,null,null,null,,,,
000000007079875312,null,FERT,null,null,FG02,C,CDA GEL ORIG CONT CEM 946ML 6PK,EN,EA,,,70798753129,IC,06,null,160073000300,,null,,,,null,null,32 FL OZ,null,,,,,,NORM,null,null,null,null,null,,,2.170,1.870,LBR,13.500,8.750,5.130,INH,0.060,FTQ,,,null,null,1,null,null,null,null,null,0001,null,null,null,null,null,,,,null,,null,,0.000,null,0.0,0.000,null,null,0.0,null,01,null,null,null,null,null,0.000,null,365,1,B,0,null,null,null,null,null,null,null,null,0,null,null,null,0.000,0.0,null,0.000,null,0.000,0.000,null,,null,null,null,,,,null,null,null,null,null,null,null,null,null,null,null,null,null,null,null,,,,
000000007079875332,null,FERT,null,null,FG02,C,CDA NONFLAM CONT CEMENT 946ML 6PK,EN,EA,,,70798753327,IC,06,null,160073000302,,null,,,,null,null,946 ML,null,,,,,,NORM,null,null,null,null,null,,,2.630,2.300,LBR,13.500,8.750,5.250,INH,0.060,FTQ,,,null,null,1,null,null,null,null,null,0001,null,null,null,null,null,,,,null,,null,,0.000,null,0.0,0.000,null,null,0.0,null,01,null,null,null,null,null,0.000,null,365,1,B,0,null,null,null,null,null,null,null,null,0,null,null,null,0.000,0.0,null,0.000,null,0.000,0.000,null,,null,null,null,,,,null,null,null,null,null,null,null,null,null,null,null,null,null,null,null,,,,
000000007079875336,null,FERT,null,null,FG02,C,CDA NONFLAM CONT CEMENT 3.8L 4PK,EN,EA,,,70798753365,IC,06,null,160073000302,,null,,,,null,null,3.8 L,null,,,,,,NORM,null,null,null,null,null,,,9.810,9.200,LBR,13.500,13.500,8.000,INH,0.210,FTQ,,,null,null,1,null,null,null,null,null,0001,null,null,null,null,null,,,,null,,null,,0.000,null,0.0,0.000,null,null,0.0,null,01,null,null,null,null,null,0.000,null,365,1,B,0,null,null,null,null,null,null,null,null,0,null,null,null,0.000,0.0,null,0.000,null,0.000,0.000,null,,null,null,null,,,,null,null,null,null,null,null,null,null,null,null,null,null,null,null,null,,,,
000000007079875400,null,FERT,null,null,FG02,C,MONO ACOUSTICAL SEALANT 295ML 30PK,EN,EA,,,70798754003,IC,01,null,110472110175,,null,,,,null,null,295 ML,null,,,,,,NORM,null,null,null,null,null,,,1.310,1.080,LBR,12.000,10.000,13.000,INH,0.030,FTQ,,,null,null,1,null,null,null,null,null,0001,null,null,null,null,null,,,,null,,null,,0.000,null,0.0,0.000,null,null,0.0,null,01,null,null,null,null,null,0.000,null,365,1,B,0,null,null,null,null,null,null,null,null,0,null,null,null,0.000,0.0,null,0.000,null,0.000,0.000,null,,null,null,null,,,,null,null,null,null,null,null,null,null,null,null,null,null,null,null,null,,,,
000000007079875401,null,FERT,null,null,FG02,C,MONO ACOUSTICAL SEALANT 825ML 12PK,EN,EA,,,70798754010,IC,01,null,110472110175,,null,,,,null,null,825 ML,null,,,,,,NORM,null,null,null,null,null,,,3.240,2.670,LBR,11.000,8.800,16.500,INH,0.080,FTQ,,,null,null,1,null,null,null,null,null,0001,null,null,null,null,null,,,,null,,null,,0.000,null,0.0,0.000,null,null,0.0,null,01,null,null,null,null,null,0.000,null,365,1,B,0,null,null,null,null,null,null,null,null,0,null,null,null,0.000,0.0,null,0.000,null,0.000,0.000,null,,null,null,null,,,,null,null,null,null,null,null,null,null,null,null,null,null,null,null,null,,,,
000000007079876200,null,FERT,null,null,FG02,C,CDA DYNAFLEX ULTIM WH 300 ML 12PK,EN,EA,,,70798762008,IC,01,null,110171010113,,null,,,,null,null,300 ML,null,,,,,,NORM,null,null,null,null,null,,,1.000,0.860,LBR,8.000,6.000,12.000,INH,0.030,FTQ,,,null,null,1,null,null,null,null,null,0001,null,null,null,null,null,,,,null,,null,,0.000,null,0.0,0.000,null,null,0.0,null,01,null,null,null,null,null,0.000,null,365,1,B,0,null,null,null,null,null,null,null,null,0,null,null,null,0.000,0.0,null,0.000,null,0.000,0.000,null,,null,null,null,,,,null,null,null,null,null,null,null,null,null,null,null,null,null,null,null,,,,
000000007079876201,null,FERT,null,null,FG02,C,CDA DYNAFLEX ULTIM CL 300 ML 12PK,EN,EA,,,70798762015,IC,01,null,110171010113,,null,,,,null,null,300 ML,null,,,,,,NORM,null,null,null,null,null,,,0.860,0.720,LBR,8.000,6.000,12.000,INH,0.030,FTQ,,,null,null,1,null,null,null,null,null,0001,null,null,null,null,null,,,,null,,null,,0.000,null,0.0,0.000,null,null,0.0,null,01,null,null,null,null,null,0.000,null,365,1,B,0,null,null,null,null,null,null,null,null,0,null,null,null,0.000,0.0,null,0.000,null,0.000,0.000,null,,null,null,null,,,,null,null,null,null,null,null,null,null,null,null,null,null,null,null,null,,,,
000000007079877065,null,FERT,null,null,FG02,C,CDA BLACKTOP ASPH LVOC 300ML 12PK,EN,EA,,,70798770652,IC,01,null,110471600122,,null,,,,null,null,10.1 FL OZ,null,,,,,,NORM,null,null,null,null,null,,,1.250,1.060,LBR,8.000,6.000,12.000,INH,0.030,FTQ,,,null,null,1,null,null,null,null,null,0001,null,null,null,null,null,,,,null,,null,,0.000,null,0.0,0.000,null,null,0.0,null,01,null,null,null,null,null,0.000,null,365,1,B,0,null,null,null,null,null,null,null,null,0,null,null,null,0.000,0.0,null,0.000,null,0.000,0.000,null,,null,null,null,,,,null,null,null,null,null,null,null,null,null,null,null,null,null,null,null,,,,
000000007079877512,null,FERT,null,null,FG02,C,CDA CONSTRUCT ADH MAX 828ML 12PK,EN,EA,,,70798775121,IC,03,null,130173310847,,null,,,,null,null,828 ML,null,,,,,,NORM,null,null,null,null,null,,,3.500,3.140,LBR,10.500,8.000,17.000,INH,0.070,FTQ,,,null,null,1,null,null,null,null,null,0001,null,null,null,null,null,,,,null,,null,,0.000,null,0.0,0.000,null,null,0.0,null,01,null,null,null,null,null,0.000,null,365,1,B,0,null,null,null,null,null,null,null,null,0,null,null,null,0.000,0.0,null,0.000,null,0.000,0.000,null,,null,null,null,,,,null,null,null,null,null,null,null,null,null,null,null,null,null,null,null,,,,
000000007079877802,null,FERT,null,null,FG02,C,CDA DYNAFLEX 920 WHITE 600ML 15PK,EN,EA,,,70798778023,IC,01,null,110171010740,,null,,,,null,null,600 ML,null,,,,,,NORM,null,null,null,null,null,,,1.300,0.810,LBR,13.750,10.380,6.000,INH,0.030,FTQ,,,null,null,null,null,null,null,null,null,0001,null,null,null,null,null,,,,null,,null,,0.000,null,0.0,0.000,null,null,0.0,null,01,null,null,null,null,null,0.000,null,0,0,B,0,null,null,null,null,null,null,null,null,0,null,null,null,0.000,0.0,null,0.000,null,0.000,0.000,null,,null,null,null,,,,null,null,null,null,null,null,null,null,null,null,null,null,null,null,null,,,,
000000007079877803,null,FERT,null,null,FG02,C,CDA DYNAFLEX 920 CLEAR 600ML 15PK,EN,EA,,,70798778030,IC,01,null,110171010740,,null,,,,null,null,600 ML,null,,,,,,NORM,null,null,null,null,null,,,1.300,0.670,LBR,13.750,10.310,6.060,INH,0.030,FTQ,,,null,null,null,null,null,null,null,null,0001,null,null,null,null,null,,,,null,,null,,0.000,null,0.0,0.000,null,null,0.0,null,01,null,null,null,null,null,0.000,null,0,0,B,0,null,null,null,null,null,null,null,null,0,null,null,null,0.000,0.0,null,0.000,null,0.000,0.000,null,,null,null,null,,,,null,null,null,null,null,null,null,null,null,null,null,null,null,null,null,,,,
000000007079878000,null,FERT,null,null,FG02,C,CDA ALL PURPOSE ADH&FILL 254ML 6PK,EN,EA,,,70798780002,IC,04,null,140074520436,,null,,,,null,null,254 ML,null,,,,,,NORM,null,null,null,null,null,,,1.380,1.130,LBR,6.500,4.500,10.750,INH,0.030,FTQ,,,null,null,1,null,null,null,null,null,0001,null,null,null,null,null,,,,null,,null,,0.000,null,0.0,0.000,null,null,0.0,null,01,null,null,null,null,null,0.000,null,730,1,B,0,null,null,null,null,null,null,null,null,0,null,null,null,0.000,0.0,null,0.000,null,0.000,0.000,null,,null,null,null,,,,null,null,null,null,null,null,null,null,null,null,null,null,null,null,null,,,,
000000007079878050,null,FERT,null,null,FG02,C,CDA WOODPRO EPOXY FILLER 254ML 6PK,EN,EA,,,70798780507,IC,04,null,140274360441,,null,,,,null,null,254 ML,null,,,,,,NORM,null,null,null,null,null,,,1.380,1.130,LBR,6.250,4.250,10.500,INH,0.030,FTQ,,,null,null,1,null,null,null,null,null,0001,null,null,null,null,null,,,,null,,null,,0.000,null,0.0,0.000,null,null,0.0,null,01,null,null,null,null,null,0.000,null,365,1,B,0,null,null,null,null,null,null,null,null,0,null,null,null,0.000,0.0,null,0.000,null,0.000,0.000,null,,null,null,null,,,,null,null,null,null,null,null,null,null,null,null,null,null,null,null,null,,,,
000000007079878200,null,FERT,null,null,FG02,C,CDA ALEX ULTRA WHT 300 ML 12PK,EN,EA,,,70798782006,IC,01,null,110271000171,,null,,,,null,null,300 ML,null,,,,,,NORM,null,null,null,null,null,,,0.820,0.680,LBR,8.000,6.000,12.000,INH,0.030,FTQ,,,null,null,1,null,null,null,null,null,0001,null,null,null,null,null,,,,null,,null,,0.000,null,0.0,0.000,null,null,0.0,null,01,null,null,null,null,null,0.000,null,365,1,B,0,null,null,null,null,null,null,null,null,0,null,null,null,0.000,0.0,null,0.000,null,0.000,0.000,null,,null,null,null,,,,null,null,null,null,null,null,null,null,null,null,null,null,null,null,null,,,,
000000007079878207,null,FERT,null,null,FG02,C,CDA DYNAFLEX ULTRA CLEAR 162 ML 15PK,EN,EA,,,70798782075,IC,01,null,110171010112,,null,,,,null,null,162 ML,null,,,,,,NORM,null,null,null,null,null,,,0.460,0.390,LBR,10.000,5.000,10.000,INH,0.020,FTQ,,,null,null,1,null,null,null,null,null,0001,null,null,null,null,null,,,,null,,null,,0.000,null,0.0,0.000,null,null,0.0,null,01,null,null,null,null,null,0.000,null,365,1,B,0,null,null,null,null,null,null,null,null,0,null,null,null,0.000,0.0,null,0.000,null,0.000,0.000,null,,null,null,null,,,,null,null,null,null,null,null,null,null,null,null,null,null,null,null,null,,,,
000000007079878351,null,FERT,null,null,FG02,C,CDA DRAFT ATTACK REMV CLK 12PK,EN,EA,,,70798705258,IC,01,null,110471670130,,null,,,,null,null,300 ML,null,,,,,,NORM,null,null,null,null,null,,,1.110,1.000,LBR,8.000,6.000,12.000,INH,0.030,FTQ,,,null,null,1,null,null,null,null,null,0001,null,null,null,null,null,,,,null,,null,,0.000,null,0.0,0.000,null,null,0.0,null,01,null,null,null,null,null,0.000,null,546,1,null,0,null,null,null,null,null,null,null,null,0,null,null,null,0.000,0.0,null,0.000,null,0.000,0.000,null,,null,null,null,,,,null,null,null,null,null,null,null,null,null,null,null,null,null,null,null,,,,
000000007079878425,null,FERT,null,null,FG02,C,CDA ALEX FAST DRY 300ML 12PK,EN,EA,,,70798784253,IC,01,null,110271000116,,null,,,,null,null,300 ML,null,,,,,,NORM,null,null,null,null,null,,,1.170,1.040,LBR,8.000,6.000,12.000,INH,0.030,FTQ,,,null,null,1,null,null,null,null,null,0001,null,null,null,null,null,,,,null,,null,,0.000,null,0.0,0.000,null,null,0.0,null,01,null,null,null,null,null,0.000,null,365,1,null,0,null,null,null,null,null,null,null,null,0,null,null,null,0.000,0.0,null,0.000,null,0.000,0.000,null,,null,null,null,,,,null,null,null,null,null,null,null,null,null,null,null,null,null,null,null,,,,
000000007079878542,null,FERT,null,null,FG02,C,CDA ALEX FLEX WHITE 300ML 12PK,EN,EA,,,70798785427,IC,01,null,110271000119,,null,,,,null,null,300 ML,null,,,,,,NORM,null,null,null,null,null,,,1.140,1.000,LBR,8.000,6.000,12.000,INH,0.030,FTQ,,,null,null,1,null,null,null,null,null,0001,null,null,null,null,null,,,,null,,null,,0.000,null,0.0,0.000,null,null,0.0,null,01,null,null,null,null,null,0.000,null,365,1,null,0,null,null,null,null,null,null,null,null,0,null,null,null,0.000,0.0,null,0.000,null,0.000,0.000,null,,null,null,null,,,,null,null,null,null,null,null,null,null,null,null,null,null,null,null,null,,,,
000000007079878636,null,FERT,null,null,FG02,C,CDA KWIK SEAL COLOR CHANGE 300ML 12PK,EN,EA,,,70798786363,IC,01,null,110371500120,,null,,,,null,null,300 ML,null,,,,,,null,null,null,null,null,null,,,0.830,0.690,LBR,8.000,6.000,12.000,INH,0.030,FTQ,,,null,null,null,null,null,null,null,null,0001,null,null,null,null,null,,,,null,,null,,0.000,null,0.0,0.000,null,null,0.0,null,01,null,null,null,null,null,0.000,null,365,1,B,0,null,null,null,null,null,null,null,null,0,null,null,null,0.000,0.0,null,0.000,null,0.000,0.000,null,,null,null,null,,,,null,null,null,null,null,null,null,null,null,null,null,null,null,null,null,,,,
000000007079878639,null,FERT,null,null,FG02,C,CDA KWIK SEAL COLOR CHANGE 162ML 15PK,EN,EA,,,70798786394,IC,01,null,110371500120,,null,,,,null,null,5.5 FL OZ,null,,,,,,NORM,null,null,null,null,null,,,0.430,0.380,LBR,7.750,7.378,10.000,INH,0.020,FTQ,,,null,null,1,null,null,null,null,null,0001,null,null,null,null,null,,,,null,,null,,0.000,null,0.0,0.000,null,null,0.0,null,01,null,null,null,null,null,0.000,null,365,1,B,0,null,null,null,null,null,null,null,null,0,null,null,null,0.000,0.0,null,0.000,null,0.000,0.000,null,,null,null,null,,,,null,null,null,null,null,null,null,null,null,null,null,null,null,null,null,,,,
000000007079878656,null,FERT,null,null,FG02,C,CDA COMMERC KITCHEN SIL WH 290ML 12PK,EN,EA,,,70798786561,IC,02,null,120372000210,,null,,,,null,null,9.8 FL OZ,null,,,,,,NORM,null,null,null,null,null,,,0.790,0.650,LBR,8.000,6.000,12.000,INH,0.030,FTQ,,,null,null,1,null,null,null,null,null,0001,null,null,null,null,null,,,,null,,null,,0.000,null,0.0,0.000,null,null,0.0,null,01,null,null,null,null,null,0.000,null,730,1,B,0,null,null,null,null,null,null,null,null,0,null,null,null,0.000,0.0,null,0.000,null,0.000,0.000,null,,null,null,null,,,,null,null,null,null,null,null,null,null,null,null,null,null,null,null,null,,,,
000000007079878658,null,FERT,null,null,FG02,C,CDA COMMERC KITCHEN SIL CLR 290ML 12PK,EN,EA,,,70798786585,IC,02,null,120372000210,,null,,,,null,null,9.8 FL OZ,null,,,,,,NORM,null,null,null,null,null,,,0.790,0.650,LBR,8.000,6.000,12.000,INH,0.030,FTQ,,,null,null,1,null,null,null,null,null,0001,null,null,null,null,null,,,,null,,null,,0.000,null,0.0,0.000,null,null,0.0,null,01,null,null,null,null,null,0.000,null,730,1,B,0,null,null,null,null,null,null,null,null,0,null,null,null,0.000,0.0,null,0.000,null,0.000,0.000,null,,null,null,null,,,,null,null,null,null,null,null,null,null,null,null,null,null,null,null,null,,,,
000000007079878660,null,FERT,null,null,FG02,C,CDA COMM KITCHEN SIL ST STL 290ML 12PK,EN,EA,,,70798786608,IC,02,null,120372000210,,null,,,,null,null,9.8 FL OZ,null,,,,,,NORM,null,null,null,null,null,,,0.790,0.650,LBR,8.000,6.000,12.000,INH,0.030,FTQ,,,null,null,1,null,null,null,null,null,0001,null,null,null,null,null,,,,null,,null,,0.000,null,0.0,0.000,null,null,0.0,null,01,null,null,null,null,null,0.000,null,730,1,B,0,null,null,null,null,null,null,null,null,0,null,null,null,0.000,0.0,null,0.000,null,0.000,0.000,null,,null,null,null,,,,null,null,null,null,null,null,null,null,null,null,null,null,null,null,null,,,,
000000007079878790,null,FERT,null,null,FG02,C,CDA ALLPRO SILVERPRO 40 330ML 12PK,EN,EA,,,70798787902,IC,01,null,110277000103,,null,,,,null,null,330 ML,null,,,,,,NORM,null,null,null,null,null,,,1.170,1.030,LBR,8.000,6.000,12.000,INH,0.030,FTQ,,,null,null,1,null,null,null,null,null,0001,null,null,null,null,null,,,,null,,null,,0.000,null,0.0,0.000,null,null,0.0,null,01,null,null,null,null,null,0.000,null,365,1,B,0,null,null,null,null,null,null,null,null,0,null,null,null,0.000,0.0,null,0.000,null,0.000,0.000,null,,null,null,null,,,,null,null,null,null,null,null,null,null,null,null,null,null,null,null,null,,,,
000000007079880100,null,FERT,null,null,FG02,C,CDA FLOOR LEVELER 10KG,EN,EA,,,70798801004,UC,04,null,140074520430,,null,,,,null,null,10 KG,null,,,,,,NORM,null,null,null,null,null,,,22.180,22.000,LBR,15.750,9.000,3.000,INH,0.250,FTQ,,,null,null,1,null,null,null,null,null,0001,null,null,null,null,null,,,,null,,null,,0.000,null,0.0,0.000,null,null,0.0,null,01,null,null,null,null,null,0.000,null,365,1,null,0,null,null,null,null,null,null,null,null,0,null,null,null,0.000,0.0,null,0.000,null,0.000,0.000,null,,null,null,null,,,,null,null,null,null,null,null,null,null,null,null,null,null,null,null,null,,,,
000000007079880251,null,FERT,null,null,FG02,C,CDA FLOOR LEVELER RM 3.8L,EN,EA,,,70798802513,IC,04,null,140074520431,,null,,,,null,null,3.78 L,null,,,,,,NORM,null,null,null,null,null,,,14.000,12.620,LBR,16.000,8.000,8.250,INH,0.310,FTQ,,,null,null,1,null,null,null,null,null,0001,null,null,null,null,null,,,,null,,null,,0.000,null,0.0,0.000,null,null,0.0,null,01,null,null,null,null,null,0.000,null,365,1,null,0,null,null,null,null,null,null,null,null,0,null,null,null,0.000,0.0,null,0.000,null,0.000,0.000,null,,null,null,null,,,,null,null,null,null,null,null,null,null,null,null,null,null,null,null,null,,,,
000000007079880300,null,FERT,null,null,FG02,C,CDA PRESTO PATCH 10KG,EN,EA,,,70798803008,UC,04,null,140074520430,,null,,,,null,null,10 KG,null,,,,,,NORM,null,null,null,null,null,,,22.240,22.000,LBR,15.750,9.000,3.000,INH,0.250,FTQ,,,null,null,1,null,null,null,null,null,0001,null,null,null,null,null,,,,null,,null,,0.000,null,0.0,0.000,null,null,0.0,null,01,null,null,null,null,null,0.000,null,365,1,null,0,null,null,null,null,null,null,null,null,0,null,null,null,0.000,0.0,null,0.000,null,0.000,0.000,null,,null,null,null,,,,null,null,null,null,null,null,null,null,null,null,null,null,null,null,null,,,,
000000007565000071,null,FERT,null,null,FG02,C,CDA TNFP 10 LB CYLINDER LOW GWP,EN,EA,,,75650000717,IC,07,null,170180011004,,null,,,,null,null,10 LB,null,,,,,,null,null,null,null,null,null,,,16.560,10.120,LBR,7.750,7.750,14.750,INH,0.510,FTQ,,,null,null,1,null,null,null,null,null,0001,null,null,null,null,null,,,,null,,null,,0.000,null,0.0,0.000,null,null,0.0,null,01,null,null,null,null,null,0.000,null,546,1,B,0,null,null,null,null,null,null,null,null,0,null,null,null,0.000,0.0,null,0.000,null,0.000,0.000,null,,null,null,null,,,,null,null,null,null,null,null,null,null,null,null,null,null,null,null,null,,,,
000000007565000126,null,FERT,null,null,FG02,C,CDA MAX FILL STRAW FOAM 340G 6PK,EN,EA,,,75650001271,IC,07,null,170380011003,,null,,,,null,null,340 G,null,,,,,,null,null,null,null,null,null,,,1.070,1.070,LBR,8.750,6.000,8.130,INH,0.040,FTQ,,,null,null,1,null,null,null,null,null,0001,null,null,null,null,null,,,,null,,null,,0.000,null,0.0,0.000,null,null,0.0,null,01,null,null,null,null,null,0.000,null,546,1,B,0,null,null,null,null,null,null,null,null,0,null,null,null,0.000,0.0,null,0.000,null,0.000,0.000,null,,null,null,null,,,,null,null,null,null,null,null,null,null,null,null,null,null,null,null,null,,,,
000000007565000127,null,FERT,null,null,FG02,C,CDA MAX FILL STRAW FOAM 340G 12PK,EN,EA,,,75650001271,IC,07,4001112012,170380011003,,null,,,,null,null,340 G,null,,,,,,null,null,null,null,null,null,,,1.070,1.070,LBR,11.500,8.750,9.250,INH,0.040,FTQ,,,null,null,1,null,null,null,null,null,0001,null,null,null,null,null,,,,null,,null,,0.000,null,0.0,0.000,null,null,0.0,null,01,null,null,null,null,null,0.000,null,546,1,B,0,null,null,null,null,null,null,null,null,0,null,null,null,0.000,0.0,null,0.000,null,0.000,0.000,null,,null,null,null,,,,null,null,null,null,null,null,null,null,null,null,null,null,null,null,null,,,,
000000007565000128,null,FERT,null,null,FG02,C,CDA TNF MAX FILL STRAW FOAM 566G 12PK,EN,EA,,,75650001288,IC,07,4001130107,170380011003,,null,,,,null,null,566 G,null,,,,,,null,null,null,null,null,null,,,1.680,1.680,LBR,11.500,8.500,12.500,INH,0.060,FTQ,,,null,null,1,null,null,null,null,null,0001,null,null,null,null,null,,,,null,,null,,0.000,null,0.0,0.000,null,null,0.0,null,01,null,null,null,null,null,0.000,null,546,1,B,0,null,null,null,null,null,null,null,null,0,null,null,null,0.000,0.0,null,0.000,null,0.000,0.000,null,,null,null,null,,,,null,null,null,null,null,null,null,null,null,null,null,null,null,null,null,,,,
000000007565000129,null,FERT,null,null,FG02,C,CDA HOMESEAL STRAW FOAM 340G 12PK,EN,EA,,,75650001295,IC,07,4001142412,170380011002,,null,,,,null,null,340 G,null,,,,,,null,null,null,null,null,null,,,1.070,1.070,LBR,11.500,8.750,9.250,INH,0.040,FTQ,,,null,null,1,null,null,null,null,null,0001,null,null,null,null,null,,,,null,,null,,0.000,null,0.0,0.000,null,null,0.0,null,01,null,null,null,null,null,0.000,null,546,1,B,0,null,null,null,null,null,null,null,null,0,null,null,null,0.000,0.0,null,0.000,null,0.000,0.000,null,,null,null,null,,,,null,null,null,null,null,null,null,null,null,null,null,null,null,null,null,,,,
000000007565000130,null,FERT,null,null,FG02,C,CDA HOMESEAL STRAW FOAM 340G 6PK,EN,EA,,,75650001295,IC,07,null,170380011002,,null,,,,null,null,340 G,null,,,,,,null,null,null,null,null,null,,,1.070,1.070,LBR,8.750,6.000,8.130,INH,0.040,FTQ,,,null,null,1,null,null,null,null,null,0001,null,null,null,null,null,,,,null,,null,,0.000,null,0.0,0.000,null,null,0.0,null,01,null,null,null,null,null,0.000,null,546,1,B,0,null,null,null,null,null,null,null,null,0,null,null,null,0.000,0.0,null,0.000,null,0.000,0.000,null,,null,null,null,,,,null,null,null,null,null,null,null,null,null,null,null,null,null,null,null,,,,
000000007565000137,null,FERT,null,null,FG02,C,CDA HOMESEAL STRAW FOAM 566G 12PK,EN,EA,,,75650001370,IC,07,4001140412,170380011002,,null,,,,null,null,566 G,null,,,,,,null,null,null,null,null,null,,,1.690,1.690,LBR,11.500,8.500,12.500,INH,0.060,FTQ,,,null,null,1,null,null,null,null,null,0001,null,null,null,null,null,,,,null,,null,,0.000,null,0.0,0.000,null,null,0.0,null,01,null,null,null,null,null,0.000,null,546,1,B,0,null,null,null,null,null,null,null,null,0,null,null,null,0.000,0.0,null,0.000,null,0.000,0.000,null,,null,null,null,,,,null,null,null,null,null,null,null,null,null,null,null,null,null,null,null,,,,
000000007565002440,null,FERT,null,null,FG02,C,CDA TNFP LOW TEMP GF 680G E/F,EN,EA,,,75650024409,IC,07,4006002440,170280011026,,null,,,,null,null,24 OZ,null,,,,,,null,null,null,null,null,null,,,1.950,1.950,LBR,11.250,8.500,11.500,INH,0.050,FTQ,,,null,null,1,null,null,null,null,null,0001,null,null,null,null,null,,,,null,,null,,0.000,null,0.0,0.000,null,null,0.0,null,01,null,null,null,null,null,0.000,null,546,1,B,0,null,null,null,null,null,null,null,null,0,null,null,null,0.000,0.0,null,0.000,null,0.000,0.000,null,,null,null,null,,,,null,null,null,null,null,null,null,null,null,null,null,null,null,null,null,,,,
000000007565010075,null,FERT,null,null,FG02,C,ORMADUS MULTIPURP FOAM 12 OZ 12PK,EN,EA,,,662956903967,IC,07,null,170380101003,,null,,,,null,null,12 OZ,null,,,,,,NORM,null,null,null,null,null,,,1.070,0.780,LBR,11.500,8.500,9.000,INH,0.040,FTQ,,,null,null,null,null,null,null,null,null,0001,null,null,null,null,null,,,,null,,null,,0.000,null,0.0,0.000,null,null,0.0,null,01,null,null,null,null,null,0.000,null,546,1,B,0,null,null,null,null,null,null,null,null,0,null,null,null,0.000,0.0,null,0.000,null,0.000,0.000,null,,null,null,null,,,,null,null,null,null,null,null,null,null,null,null,null,null,null,null,null,,,,
000000007565010200,null,FERT,null,null,FG02,C,ECOFOAM GUN SEALANT 24 OZ 12PK,EN,EA,,,793573179371,ZC,07,9001020012,170280101040,,null,,,,null,null,24 OZ,null,,,,,,null,null,null,null,null,null,,,1.880,1.880,LBR,11.250,8.200,11.500,INH,0.050,FTQ,,,null,null,1,null,null,null,null,null,0001,null,null,null,null,null,,,,null,,null,,0.000,null,0.0,0.000,null,null,0.0,null,01,null,null,null,null,null,0.000,null,546,1,B,0,null,null,null,null,null,null,null,null,0,null,null,null,0.000,0.0,null,0.000,null,0.000,0.000,null,,null,null,null,,,,null,null,null,null,null,null,null,null,null,null,null,null,null,null,null,,,,
000000007565012507,null,FERT,null,null,FG02,C,CDA MOUSE SHIELD 340G 6PK,EN,EA,,,75650125076,IC,07,null,170380011009,,null,,,,null,null,340 G,null,,,,,,null,null,null,null,null,null,,,1.010,0.780,LBR,8.750,6.000,8.130,INH,0.040,FTQ,,,null,null,1,null,null,null,null,null,0001,null,null,null,null,null,,,,null,,null,,0.000,null,0.0,0.000,null,null,0.0,null,01,null,null,null,null,null,0.000,null,546,1,B,0,null,null,null,null,null,null,null,null,0,null,null,null,0.000,0.0,null,0.000,null,0.000,0.000,null,,null,null,null,,,,null,null,null,null,null,null,null,null,null,null,null,null,null,null,null,,,,
000000007565021200,null,FERT,null,null,FG02,C,CDA TNFP MINE FOAM 200 LOW GWP,EN,EA,,,75650212004,IC,07,null,170580021019,,null,,,,null,null,200 KIT,null,,,,,,null,null,null,null,null,null,,,39.600,28.300,LBR,15.250,10.000,15.250,INH,1.350,FTQ,,,null,null,1,null,null,null,null,null,0001,null,null,null,null,null,,,,null,,null,,0.000,null,0.0,0.000,null,null,0.0,null,01,null,null,null,null,null,0.000,null,455,1,B,0,null,null,null,null,null,null,null,null,0,null,null,null,0.000,0.0,null,0.000,null,0.000,0.000,null,,null,null,null,,,,null,null,null,null,null,null,null,null,null,null,null,null,null,null,null,,,,
000000007565022005,null,FERT,null,null,FG02,C,TNFP CONICAL NOZZLES 5PK (6PK/CS),EN,EA,,,75650220054,IC,07,4004522005,170580011014,,null,,,,null,null,1 EA,null,,,,,,null,null,null,null,null,null,,,0.130,0.130,LBR,6.690,3.690,6.190,INH,0.010,FTQ,,,null,null,1,null,null,null,null,null,0001,null,null,null,null,null,,,,null,,null,,0.000,null,0.0,0.000,null,null,0.0,null,01,null,null,null,null,null,0.000,null,2190,1,B,0,null,null,null,null,null,null,null,null,0,null,null,null,0.000,0.0,null,0.000,null,0.000,0.000,null,,null,null,null,,,,null,null,null,null,null,null,null,null,null,null,null,null,null,null,null,,,,
000000007565022025,null,FERT,null,null,FG02,C,TNFP FAN NOZZLES 5PK (6PK/CS),EN,EA,,,75650220252,IC,07,4004522025,170580011014,,null,,,,null,null,1 EA,null,,,,,,null,null,null,null,null,null,,,0.130,0.130,LBR,6.690,3.690,6.190,INH,0.010,FTQ,,,null,null,1,null,null,null,null,null,0001,null,null,null,null,null,,,,null,,null,,0.000,null,0.0,0.000,null,null,0.0,null,01,null,null,null,null,null,0.000,null,2190,1,B,0,null,null,null,null,null,null,null,null,0,null,null,null,0.000,0.0,null,0.000,null,0.000,0.000,null,,null,null,null,,,,null,null,null,null,null,null,null,null,null,null,null,null,null,null,null,,,,
000000007565028700,null,FERT,null,null,FG02,C,CDA TNFP FOAM CLEANER 340G 12PK,EN,EA,,,75650287002,IC,07,null,170280011017,,null,,,,null,null,12 OZ,null,,,,,,null,null,null,null,null,null,,,1.080,0.750,LBR,11.500,8.500,9.000,INH,0.040,FTQ,,,null,null,1,null,null,null,null,null,0001,null,null,null,null,null,,,,null,,null,,0.000,null,0.0,0.000,null,null,0.0,null,01,null,null,null,null,null,0.000,null,546,1,B,0,null,null,null,null,null,null,null,null,0,null,null,null,0.000,0.0,null,0.000,null,0.000,0.000,null,,null,null,null,,,,null,null,null,null,null,null,null,null,null,null,null,null,null,null,null,,,,
000000007565028730,null,FERT,null,null,FG02,C,CDA TNFP ALL PURP GF 680G 12PK,EN,EA,,,75650287309,IC,07,4004528730,170280011026,,null,,,,null,null,24 OZ,null,,,,,,null,null,null,null,null,null,,,2.000,2.000,LBR,11.250,8.500,11.500,INH,0.050,FTQ,,,null,null,1,null,null,null,null,null,0001,null,null,null,null,null,,,,null,,null,,0.000,null,0.0,0.000,null,null,0.0,null,01,null,null,null,null,null,0.000,null,546,1,B,0,null,null,null,null,null,null,null,null,0,null,null,null,0.000,0.0,null,0.000,null,0.000,0.000,null,,null,null,null,,,,null,null,null,null,null,null,null,null,null,null,null,null,null,null,null,,,,
000000007565029200,null,FERT,null,null,FG02,C,CDA TNFP SYSTEM 200 2K LOW GWP,EN,EA,,,75650292006,IC,07,null,170580011021,,null,,,,null,null,200 KIT,null,,,,,,NORM,null,null,null,null,null,,,41.560,29.340,LBR,15.250,10.000,15.250,INH,1.350,FTQ,,,null,null,1,null,null,null,null,null,0001,null,null,null,null,null,,,,null,,null,,0.000,null,0.0,0.000,null,null,0.0,null,01,null,null,null,null,null,0.000,null,546,1,B,0,null,null,null,null,null,null,null,null,0,null,null,null,0.000,0.0,null,0.000,null,0.000,0.000,null,,null,null,null,,,,null,null,null,null,null,null,null,null,null,null,null,null,null,null,null,,,,
000000007565029598,null,FERT,null,null,FG02,C,CDA TNFP LGWP SYS600 B-SIDE 2K,EN,EA,,,75650295984,IC,07,null,170580011021,,null,,,,null,null,1 EA,null,,,,,,null,null,null,null,null,null,,,55.250,42.990,LBR,12.500,12.500,18.750,INH,1.700,FTQ,,,null,null,1,null,null,null,null,null,0001,null,null,null,null,null,,,,null,,null,,0.000,null,0.0,0.000,null,null,0.0,null,01,null,null,null,null,null,0.000,null,546,1,B,0,null,null,null,null,null,null,null,null,0,null,null,null,0.000,0.0,null,0.000,null,0.000,0.000,null,,null,null,null,,,,null,null,null,null,null,null,null,null,null,null,null,null,null,null,null,,,,
000000007565029599,null,FERT,null,null,FG02,C,CDA TNFP LGWP SYS600 A-SIDE 2K,EN,EA,,,75650295991,IC,07,null,170580011021,,null,,,,null,null,1 EA,null,,,,,,null,null,null,null,null,null,,,55.250,45.040,LBR,12.500,12.500,18.750,INH,1.700,FTQ,,,null,null,1,null,null,null,null,null,0001,null,null,null,null,null,,,,null,,null,,0.000,null,0.0,0.000,null,null,0.0,null,01,null,null,null,null,null,0.000,null,546,1,B,0,null,null,null,null,null,null,null,null,0,null,null,null,0.000,0.0,null,0.000,null,0.000,0.000,null,,null,null,null,,,,null,null,null,null,null,null,null,null,null,null,null,null,null,null,null,,,,
000000007565029600,null,FERT,null,null,FG02,C,CDA TNFP LGWP SYS600 (SET W/ A&B CTNS),EN,EA,,,75650295991,IC,07,null,170580011021,,null,,,,null,null,44.16 LB,null,,,,,,NORM,null,null,null,null,null,,,115.000,90.650,LBR,12.500,26.000,18.750,INH,3.530,FTQ,,,null,null,1,null,null,null,null,null,0001,null,null,null,null,null,,,,null,,null,,0.000,null,0.0,0.000,null,null,0.0,null,01,null,null,null,null,null,0.000,null,546,1,B,0,null,null,null,null,null,null,null,null,0,null,null,null,0.000,0.0,null,0.000,null,0.000,0.000,null,,null,null,null,,,,null,null,null,null,null,null,null,null,null,null,null,null,null,null,null,,,,
000000007565029700,null,FERT,null,null,FG02,C,CDA TNFP W&D GF 567G 12PK,EN,EA,,,75650297001,IC,07,4004529700,170280011001,,null,,,,null,null,20 OZ,null,,,,,,null,null,null,null,null,null,,,1.740,1.740,LBR,11.250,8.500,11.500,INH,0.050,FTQ,,,null,null,1,null,null,null,null,null,0001,null,null,null,null,null,,,,null,,null,,0.000,null,0.0,0.000,null,null,0.0,null,01,null,null,null,null,null,0.000,null,546,1,B,0,null,null,null,null,null,null,null,null,0,null,null,null,0.000,0.0,null,0.000,null,0.000,0.000,null,,null,null,null,,,,null,null,null,null,null,null,null,null,null,null,null,null,null,null,null,,,,
000000007565029930,null,FERT,null,null,FG02,C,NOZZLE KIT CLEAR-CONICAL 25PK,EN,EA,,,75650299302,IC,07,4004529930,170580021014,,null,,,,null,null,1 EA,null,,,,,,null,null,null,null,null,null,,,0.960,0.960,LBR,11.750,8.880,4.000,INH,0.240,FTQ,,,null,null,null,null,null,null,null,null,0001,null,null,null,null,null,,,,null,,null,,0.000,null,0.0,0.000,null,null,0.0,null,01,null,null,null,null,null,0.000,null,9999,1,B,0,null,null,null,null,null,null,null,null,0,null,null,null,0.000,0.0,null,0.000,null,0.000,0.000,null,,null,null,null,,,,null,null,null,null,null,null,null,null,null,null,null,null,null,null,null,,,,
000000007565029940,null,FERT,null,null,FG02,C,NOZZLE KIT YELLOW-FAN 25PK,EN,EA,,,75650299401,IC,07,4004529940,170580021014,,null,,,,null,null,1 EA,null,,,,,,null,null,null,null,null,null,,,0.960,0.960,LBR,11.750,8.880,4.000,INH,0.240,FTQ,,,null,null,null,null,null,null,null,null,0001,null,null,null,null,null,,,,null,,null,,0.000,null,0.0,0.000,null,null,0.0,null,01,null,null,null,null,null,0.000,null,9999,1,B,0,null,null,null,null,null,null,null,null,0,null,null,null,0.000,0.0,null,0.000,null,0.000,0.000,null,,null,null,null,,,,null,null,null,null,null,null,null,null,null,null,null,null,null,null,null,,,,
000000007565040016,null,FERT,null,null,FG02,C,CDA FIREBREAK STRAW FOAM 450G 12PK,EN,EA,,,75650400166,IC,07,4001140016,170380011006,,null,,,,null,null,454 G,null,,,,,,null,null,null,null,null,null,,,1.370,1.370,LBR,11.500,9.000,10.630,INH,0.050,FTQ,,,null,null,1,null,null,null,null,null,0001,null,null,null,null,null,,,,null,,null,,0.000,null,0.0,0.000,null,null,0.0,null,01,null,null,null,null,null,0.000,null,546,1,B,0,null,null,null,null,null,null,null,null,0,null,null,null,0.000,0.0,null,0.000,null,0.000,0.000,null,,null,null,null,,,,null,null,null,null,null,null,null,null,null,null,null,null,null,null,null,,,,
000000007565040460,null,FERT,null,null,FG02,C,CDA LANDSCAPE STRAW FOAM 450G 12PK E/F,EN,EA,,,75650404607,IC,07,4001140460,170380011004,,null,,,,null,null,454 GR,null,,,,,,null,null,null,null,null,null,,,1.370,1.370,LBR,11.500,9.000,10.630,INH,0.050,FTQ,,,null,null,1,null,null,null,null,null,0001,null,null,null,null,null,,,,null,,null,,0.000,null,0.0,0.000,null,null,0.0,null,01,null,null,null,null,null,0.000,null,546,1,B,0,null,null,null,null,null,null,null,null,0,null,null,null,0.000,0.0,null,0.000,null,0.000,0.000,null,,null,null,null,,,,null,null,null,null,null,null,null,null,null,null,null,null,null,null,null,,,,
000000007565041612,null,FERT,null,null,FG02,C,CDA MOUSE SHIELD 454G 12PK,EN,EA,,,75650416129,IC,07,4001141612,170380011009,,null,,,,null,null,454 G,null,,,,,,null,null,null,null,null,null,,,1.370,1.370,LBR,11.500,9.000,10.630,INH,0.050,FTQ,,,null,null,1,null,null,null,null,null,0001,null,null,null,null,null,,,,null,,null,,0.000,null,0.0,0.000,null,null,0.0,null,01,null,null,null,null,null,0.000,null,546,1,B,0,null,null,null,null,null,null,null,null,0,null,null,null,0.000,0.0,null,0.000,null,0.000,0.000,null,,null,null,null,,,,null,null,null,null,null,null,null,null,null,null,null,null,null,null,null,,,,
000000007565044010,null,FERT,null,null,FG02,C,CDA NO WARP STRAW FOAM 340G 12PK,EN,EA,,,75650440100,IC,07,4001044010,170380011001,,null,,,,null,null,340 G,null,,,,,,null,null,null,null,null,null,,,1.070,1.070,LBR,11.500,8.750,9.250,INH,0.040,FTQ,,,null,null,1,null,null,null,null,null,0001,null,null,null,null,null,,,,null,,null,,0.000,null,0.0,0.000,null,null,0.0,null,01,null,null,null,null,null,0.000,null,546,1,B,0,null,null,null,null,null,null,null,null,0,null,null,null,0.000,0.0,null,0.000,null,0.000,0.000,null,,null,null,null,,,,null,null,null,null,null,null,null,null,null,null,null,null,null,null,null,,,,
000000007565044011,null,FERT,null,null,FG02,C,CDA NO WARP STRAW FOAM 340G 6PK,EN,EA,,,75650440100,IC,07,null,170380011001,,null,,,,null,null,340 G,null,,,,,,null,null,null,null,null,null,,,1.070,1.070,LBR,8.750,6.000,8.130,INH,0.040,FTQ,,,null,null,1,null,null,null,null,null,0001,null,null,null,null,null,,,,null,,null,,0.000,null,0.0,0.000,null,null,0.0,null,01,null,null,null,null,null,0.000,null,546,1,B,0,null,null,null,null,null,null,null,null,0,null,null,null,0.000,0.0,null,0.000,null,0.000,0.000,null,,null,null,null,,,,null,null,null,null,null,null,null,null,null,null,null,null,null,null,null,,,,
000000007565060316,null,FERT,null,null,FG02,C,CDA MAX FILL STRAW FOAM 454G 12PK,EN,EA,,,75650603161,IC,07,4001160316,170380011003,,null,,,,null,null,454 G,null,,,,,,null,null,null,null,null,null,,,1.370,1.370,LBR,11.500,9.000,10.630,INH,0.050,FTQ,,,null,null,1,null,null,null,null,null,0001,null,null,null,null,null,,,,null,,null,,0.000,null,0.0,0.000,null,null,0.0,null,01,null,null,null,null,null,0.000,null,546,1,B,0,null,null,null,null,null,null,null,null,0,null,null,null,0.000,0.0,null,0.000,null,0.000,0.000,null,,null,null,null,,,,null,null,null,null,null,null,null,null,null,null,null,null,null,null,null,,,,
000000007565062416,null,FERT,null,null,FG02,C,CDA HOMESEAL STRAWFOAM 454 G 12PK,EN,EA,,,75650624166,IC,07,4001162416,170380011002,,null,,,,null,null,454 G,null,,,,,,null,null,null,null,null,null,,,1.370,1.370,LBR,11.500,9.000,10.630,INH,0.050,FTQ,,,null,null,1,null,null,null,null,null,0001,null,null,null,null,null,,,,null,,null,,0.000,null,0.0,0.000,null,null,0.0,null,01,null,null,null,null,null,0.000,null,546,1,B,0,null,null,null,null,null,null,null,null,0,null,null,null,0.000,0.0,null,0.000,null,0.000,0.000,null,,null,null,null,,,,null,null,null,null,null,null,null,null,null,null,null,null,null,null,null,,,,
000000007565064416,null,FERT,null,null,FG02,C,CDA NO WARP STRAW FOAM 450G 12PK,EN,EA,,,75650644164,IC,07,4001164416,170380011001,,null,,,,null,null,454 G,null,,,,,,null,null,null,null,null,null,,,1.370,0.660,LBR,11.500,9.000,10.630,INH,0.050,FTQ,,,null,null,1,null,null,null,null,null,0001,null,null,null,null,null,,,,null,,null,,0.000,null,0.0,0.000,null,null,0.0,null,01,null,null,null,null,null,0.000,null,546,1,B,0,null,null,null,null,null,null,null,null,0,null,null,null,0.000,0.0,null,0.000,null,0.000,0.000,null,,null,null,null,,,,null,null,null,null,null,null,null,null,null,null,null,null,null,null,null,,,,
000000007565070085,null,FERT,null,null,FG02,C,CDA GAPS & CRACKS STRAWFM 340G 6PK,EN,EA,,,75650700853,IC,07,null,170380031060,,null,,,,null,null,340 G,null,,,,,,NORM,null,null,null,null,null,,,1.070,0.780,LBR,8.937,6.312,9.000,INH,0.050,FTQ,,,null,null,null,null,null,null,null,null,0001,null,null,null,null,null,,,,null,,null,,0.000,null,0.0,0.000,null,null,0.0,null,01,null,null,null,null,null,0.000,null,546,1,B,0,null,null,null,null,null,null,null,null,0,null,null,null,0.000,0.0,null,0.000,null,0.000,0.000,null,,null,null,null,,,,null,null,null,null,null,null,null,null,null,null,null,null,null,null,null,,,,
000000007565070220,null,FERT,null,null,FG02,C,DAP SHARPSHOOTER EXTEND 6 PK,EN,EA,,,75650702208,IC,07,null,170380031014,,null,,,,null,null,1 EA,null,,,,,,null,null,null,null,null,null,,,1.170,1.170,LBR,16.000,7.800,13.650,INH,0.160,FTQ,,,null,null,1,null,null,null,null,null,0001,null,null,null,null,null,,,,null,,null,,0.000,null,0.0,0.000,null,null,0.0,null,01,null,null,null,null,null,0.000,null,9999,1,B,0,null,null,null,null,null,null,null,null,0,null,null,null,0.000,0.0,null,0.000,null,0.000,0.000,null,,null,null,null,,,,null,null,null,null,null,null,null,null,null,null,null,null,null,null,null,,,,
000000007565070230,null,FERT,null,null,FG02,C,DAP COMFORT SPRAY APPLICATOR 6 PK,EN,EA,,,75650702307,IC,07,null,170380031014,,null,,,,null,null,1 CS,null,,,,,,null,null,null,null,null,null,,,0.320,0.320,LBR,10.250,7.500,8.375,INH,0.060,FTQ,,,null,null,1,null,null,null,null,null,0001,null,null,null,null,null,,,,null,,null,,0.000,null,0.0,0.000,null,null,0.0,null,01,null,null,null,null,null,0.000,null,9999,1,B,0,null,null,null,null,null,null,null,null,0,null,null,null,0.000,0.0,null,0.000,null,0.000,0.000,null,,null,null,null,,,,null,null,null,null,null,null,null,null,null,null,null,null,null,null,null,,,,
000000007565070232,null,FERT,null,null,FG02,C,"SHARPSHOOTER XLP PREM 29"" APPLIC 2PK",EN,EA,,,75650702321,IC,07,7565010028,170380031014,,null,,,,null,null,29 INCH,null,,,,,,NORM,null,null,null,null,null,,,1.710,1.710,LBR,30.880,8.190,4.880,INH,0.360,FTQ,,,null,null,null,null,null,null,null,null,0001,null,null,null,null,null,,,,null,,null,,0.000,null,0.0,0.000,null,null,0.0,2,01,null,null,null,null,null,0.000,null,9999,1,B,0,null,null,null,null,null,null,null,null,0,null,null,null,0.000,0.0,null,0.000,null,0.000,0.000,null,,null,null,null,,,,null,null,null,null,null,null,null,null,null,null,null,null,null,null,null,,,,
000000007565070233,null,FERT,null,null,FG02,C,"SHARPSHOOTER XXL PREM 44"" APPL 2PK",EN,EA,,,75650702338,IC,07,7565010639,170380031014,,null,,,,null,null,44 INCH,null,,,,,,NORM,null,null,null,null,null,,,2.410,2.410,LBR,46.000,9.000,5.000,INH,0.600,FTQ,,,null,null,null,null,null,null,null,null,0001,null,null,null,null,null,,,,null,,null,,0.000,null,0.0,0.000,null,null,0.0,2,01,null,null,null,null,null,0.000,null,9999,1,B,0,null,null,null,null,null,null,null,null,0,null,null,null,0.000,0.0,null,0.000,null,0.000,0.000,null,,null,null,null,,,,null,null,null,null,null,null,null,null,null,null,null,null,null,null,null,,,,
000000007565070234,null,FERT,null,null,FG02,C,SHARPSHOOTER XP PREM APPLIC 5 PK,EN,EA,,,75650702345,IC,07,7565028775,170380031014,,null,,,,null,null,1 CS,null,,,,,,NORM,null,null,null,null,null,,,1.220,1.220,LBR,14.630,6.630,10.750,INH,0.170,FTQ,,,null,null,1,null,null,null,null,null,0001,null,null,null,null,null,,,,null,,null,,0.000,null,0.0,0.000,null,null,0.0,2,01,null,null,null,null,null,0.000,null,9999,1,B,0,null,null,null,null,null,null,null,null,0,null,null,null,0.000,0.0,null,0.000,null,0.000,0.000,null,,null,null,null,,,,null,null,null,null,null,null,null,null,null,null,null,null,null,null,null,,,,
000000007565070235,null,FERT,null,null,FG02,C,SHARPSHOOTER D APPLICATOR 5 PK,EN,EA,,,75650702352,IC,07,7565000172,170380031014,,null,,,,null,null,1 EA,null,,,,,,null,null,null,null,null,null,,,0.790,0.790,LBR,14.630,6.630,10.750,INH,0.170,FTQ,,,null,null,null,null,null,null,null,null,0001,null,null,null,null,null,,,,null,,null,,0.000,null,0.0,0.000,null,null,0.0,2,01,null,null,null,null,null,0.000,null,9999,1,B,0,null,null,null,null,null,null,null,null,0,null,null,null,0.000,0.0,null,0.000,null,0.000,0.000,null,,null,null,null,,,,null,null,null,null,null,null,null,null,null,null,null,null,null,null,null,,,,
000000007565070241,null,FERT,null,null,FG02,C,APPLICATOR MX 15' HOSE KIT,EN,EA,,,75650702413,IC,07,null,170580021014,,null,,,,null,null,15 FT,null,,,,,,null,null,null,null,null,null,,,2.530,2.530,LBR,15.000,15.000,4.000,INH,0.520,FTQ,,,null,null,1,null,null,null,null,null,0001,null,null,null,null,null,,,,null,,null,,0.000,null,0.0,0.000,null,null,0.0,null,01,null,null,null,null,null,0.000,null,9999,1,B,0,null,null,null,null,null,null,null,null,0,null,null,null,0.000,0.0,null,0.000,null,0.000,0.000,null,,null,null,null,,,,null,null,null,null,null,null,null,null,null,null,null,null,null,null,null,,,,
000000007565070351,null,FERT,null,null,FG02,C,CDA DAP W&C FOAM 4.8 KG CANISTER,EN,EA,,,75650703519,IC,07,null,170180041030,,null,,,,null,null,4.8 KG,null,,,,,,NORM,null,null,null,null,null,,,17.060,10.500,LBR,9.690,7.630,14.690,INH,0.630,FTQ,,,null,null,1,null,null,null,null,null,0001,null,null,null,null,null,,,,null,,null,,0.000,null,0.0,0.000,null,null,0.0,null,01,null,null,null,null,null,0.000,null,455,1,B,0,null,null,null,null,null,null,null,null,0,null,null,null,0.000,0.0,null,0.000,null,0.000,0.000,null,,null,null,null,,,,null,null,null,null,null,null,null,null,null,null,null,null,null,null,null,,,,
000000007565070370,null,FERT,null,null,FG02,C,CDA DAP W&C FOAM 567G 6PK,EN,EA,,,75650703700,IC,07,null,170380041032,,null,,,,null,null,567 G,null,,,,,,NORM,null,null,null,null,null,,,2.350,1.770,LBR,9.000,6.550,11.000,INH,0.100,FTQ,,,null,null,null,null,null,null,null,null,0001,null,null,null,null,null,,,,null,,null,,0.000,null,0.0,0.000,null,null,0.0,null,01,null,null,null,null,null,0.000,null,365,1,B,0,null,null,null,null,null,null,null,null,0,null,null,null,0.000,0.0,null,0.000,null,0.000,0.000,null,,null,null,null,,,,null,null,null,null,null,null,null,null,null,null,null,null,null,null,null,,,,
000000007565072530,null,FERT,null,null,FG02,C,CDA BARRIER MP STRAW FOAM 340G,EN,EA,,,75650725306,IC,07,null,170380031051,,null,,,,null,null,12 OZ,null,,,,,,NORM,null,null,null,null,null,,,1.150,0.770,LBR,11.250,8.630,9.250,INH,0.040,FTQ,,,null,null,1,null,null,null,null,null,0001,null,null,null,null,null,,,,null,,null,,0.000,null,0.0,0.000,null,null,0.0,null,01,null,null,null,null,null,0.000,null,546,1,B,0,null,null,null,null,null,null,null,null,0,null,null,null,0.000,0.0,null,0.000,null,0.000,0.000,null,,null,null,null,,,,null,null,null,null,null,null,null,null,null,null,null,null,null,null,null,,,,
000000007565072532,null,FERT,null,null,FG02,C,CDA BARRIER MP GUN FOAM 652G,EN,EA,,,75650725320,IC,07,null,170280031051,,null,,,,null,null,23 OZ,null,,,,,,NORM,null,null,null,null,null,,,1.950,1.480,LBR,11.000,8.750,11.500,INH,0.050,FTQ,,,null,null,1,null,null,null,null,null,0001,null,null,null,null,null,,,,null,,null,,0.000,null,0.0,0.000,null,null,0.0,null,01,null,null,null,null,null,0.000,null,546,1,B,0,null,null,null,null,null,null,null,null,0,null,null,null,0.000,0.0,null,0.000,null,0.000,0.000,null,,null,null,null,,,,null,null,null,null,null,null,null,null,null,null,null,null,null,null,null,,,,
000000007565072536,null,FERT,null,null,FG02,C,CDA BARRIER MP STRAW FOAM 340G 6PK,EN,EA,,,75650725306,IC,07,null,170380031051,,null,,,,null,null,12 OZ,null,,,,,,NORM,null,null,null,null,null,,,1.070,0.770,LBR,8.750,6.000,9.250,INH,0.040,FTQ,,,null,null,1,null,null,null,null,null,0001,null,null,null,null,null,,,,null,,null,,0.000,null,0.0,0.000,null,null,0.0,null,01,null,null,null,null,null,0.000,null,0,0,B,0,null,null,null,null,null,null,null,null,0,null,null,null,0.000,0.0,null,0.000,null,0.000,0.000,null,,null,null,null,,,,null,null,null,null,null,null,null,null,null,null,null,null,null,null,null,,,,
000000007565090335,null,FERT,null,null,FG02,C,30'WHITE APP. W/ STD ACC PK,EN,EA,,,75650903353,UC,07,4004590335,170580021014,,null,,,,null,null,30 FT,null,,,,,,null,null,null,null,null,null,,,3.410,3.410,LBR,15.250,15.250,4.500,INH,0.610,FTQ,,,null,null,null,null,null,null,null,null,0001,null,null,null,null,null,,,,null,,null,,0.000,null,0.0,0.000,null,null,0.0,null,01,null,null,null,null,null,0.000,null,9999,1,B,0,null,null,null,null,null,null,null,null,0,null,null,null,0.000,0.0,null,0.000,null,0.000,0.000,null,,null,null,null,,,,null,null,null,null,null,null,null,null,null,null,null,null,null,null,null,,,,
000000007565093315,null,FERT,null,null,FG02,C,"10"" WAND KIT",EN,EA,,,75650933152,UC,07,4001593315,170180021014,,null,,,,null,null,10 INCH,null,,,,,,null,null,null,null,null,null,,,1.590,1.590,LBR,12.000,12.000,2.000,INH,0.170,FTQ,,,null,null,1,null,null,null,null,null,0001,null,null,null,null,null,,,,null,,null,,0.000,null,0.0,0.000,null,null,0.0,null,01,null,null,null,null,null,0.000,null,9999,1,B,0,null,null,null,null,null,null,null,null,0,null,null,null,0.000,0.0,null,0.000,null,0.000,0.000,null,,null,null,null,,,,null,null,null,null,null,null,null,null,null,null,null,null,null,null,null,,,,
000000009689700061,null,ROH,null,null,MANUAL,C,XIAMETER SLT-7000 ALUMINUM,EN,LBR,,,null,,00,null,614064991499,,null,,,,null,null,1.00 LB,null,,,,,,null,null,null,null,null,null,,,1.000,1.000,LBR,0.000,0.000,0.000,null,0.250,FTQ,,,null,null,1,null,null,null,null,null,0001,null,null,null,null,null,,,,null,,null,,0.000,null,0.0,0.000,null,null,0.0,null,null,null,null,null,null,null,0.000,null,0,0,null,0,null,null,null,null,null,null,null,null,0,null,null,null,0.000,0.0,null,0.000,null,0.000,0.000,null,,null,null,null,,,,null,null,null,null,null,null,null,null,null,null,null,null,null,null,null,,,,
000000009700042592,null,VERP,null,null,COMP19,C,SC 12 PK PLAIN PRIVATE LABEL,EN,EA,,,null,,00,null,999999999999,,null,,,,null,null,1 EA,null,,,,,,NORM,null,null,null,null,null,,,0.500,0.500,LBR,0.000,0.000,0.000,null,0.000,FTQ,,,null,null,1,null,null,null,null,null,0001,null,null,null,null,null,,,,null,,null,,0.000,null,0.0,0.000,null,null,0.0,null,null,null,null,null,null,null,0.000,null,0,0,null,0,null,null,null,null,null,null,null,null,0,null,null,null,0.000,0.0,null,0.000,null,0.000,0.000,null,,null,null,null,,,,null,null,null,null,null,null,null,null,null,null,null,null,null,null,null,,,,
000000009700044099,null,VERP,null,null,COMP19,C,SC 12-300ML AP WHT CONT PAK,EN,EA,,,null,,00,null,999999999999,,null,,,,null,null,1 EA,null,,,,,,NORM,null,null,null,null,null,,,0.300,0.300,LBR,0.000,0.000,0.000,null,0.250,FTQ,,,null,null,1,null,null,null,null,null,0001,null,null,null,null,null,,,,null,,null,,0.000,null,0.0,0.000,null,null,0.0,null,null,null,null,null,null,null,0.000,null,0,0,null,0,null,null,null,null,null,null,null,null,0,null,null,null,0.000,0.0,null,0.000,null,0.000,0.000,null,,null,null,null,,,,null,null,null,null,null,null,null,null,null,null,null,null,null,null,null,,,,
000000009700044385,null,VERP,null,null,COMP19,C,SC 2-1 GAL PLAIN DRY BERRY TUB,EN,EA,,,null,,00,null,999999999999,,null,,,,null,null,null,null,,,,,,null,null,null,null,null,null,,,0.512,0.512,LBR,0.000,0.000,0.000,null,0.000,FTQ,,,null,null,1,null,null,null,null,null,0001,null,null,null,null,null,,,,null,,null,,0.000,null,0.0,0.000,null,null,0.0,null,null,null,null,null,null,null,0.000,null,0,0,B,0,null,null,null,null,null,null,null,null,0,null,null,null,0.000,0.0,null,0.000,null,0.000,0.000,null,,null,null,null,,,,null,null,null,null,null,null,null,null,null,null,null,null,null,null,null,,,,
000000009700044448,null,VERP,null,null,COMP19,C,SC CDA ALEX PLUS 30PK PERF,EN,EA,,,null,,00,null,999999999999,,null,,,,null,null,1 EA,null,,,,,,NORM,null,null,null,null,null,,,0.880,0.880,LBR,0.000,0.000,0.000,null,0.250,FTQ,,,null,null,1,null,null,null,null,null,0001,null,null,null,null,null,,,,null,,null,,0.000,null,0.0,0.000,null,null,0.0,null,null,null,null,null,null,null,0.000,null,0,0,null,0,null,null,null,null,null,null,null,null,0,null,null,null,0.000,0.0,null,0.000,null,0.000,0.000,null,,null,null,null,,,,null,null,null,null,null,null,null,null,null,null,null,null,null,null,null,,,,
000000009700044779,null,VERP,null,null,COMP18,C,BAG 6 KG HYDRATED LIME,EN,EA,,,null,,00,null,999999999999,,null,,,,null,null,1 EA,null,,,,,,NORM,null,null,null,null,null,,,0.310,0.310,LBR,0.000,0.000,0.000,null,0.000,FTQ,,,null,null,1,null,null,null,null,null,0001,null,null,null,null,null,,,,null,,null,,0.000,null,0.0,0.000,null,null,0.0,null,null,null,null,null,null,null,0.000,null,0,0,null,0,null,null,null,null,null,null,null,null,0,null,null,null,0.000,0.0,null,0.000,null,0.000,0.000,null,,null,null,null,,,,null,null,null,null,null,null,null,null,null,null,null,null,null,null,null,,,,
000000009700045474,null,VERP,null,null,COMP23,C,PAIL HP CDA 33 GLAZING (B),EN,EA,,,null,,00,null,999999999999,,null,,,,null,null,1.00 EA,null,,,,,,NORM,null,null,null,null,null,,,0.120,0.120,LBR,0.000,0.000,0.000,null,0.000,FTQ,,,null,null,1,null,null,null,null,null,0001,null,null,null,null,null,,,,null,,null,,0.000,null,0.0,0.000,null,null,0.0,null,null,null,null,null,null,null,0.000,null,0,0,B,0,null,null,null,null,null,null,null,null,0,null,null,null,0.000,0.0,null,0.000,null,0.000,0.000,null,,null,null,null,,,,null,null,null,null,null,null,null,null,null,null,null,null,null,null,null,,,,
000000009700045475,null,VERP,null,null,COMP23,C,PAIL QT CDA 33 GLAZING (B),EN,EA,,,null,,00,null,999999999999,,null,,,,null,null,1.00 EA,null,,,,,,NORM,null,null,null,null,null,,,0.120,0.120,LBR,0.000,0.000,0.000,null,0.250,FTQ,,,null,null,1,null,null,null,null,null,0001,null,null,null,null,null,,,,null,,null,,0.000,null,0.0,0.000,null,null,0.0,null,null,null,null,null,null,null,0.000,null,0,0,B,0,null,null,null,null,null,null,null,null,0,null,null,null,0.000,0.0,null,0.000,null,0.000,0.000,null,,null,null,null,,,,null,null,null,null,null,null,null,null,null,null,null,null,null,null,null,,,,
000000009700046510,null,VERP,null,null,COMP19,C,SC 12-10.1 CDA ALEX PLUS TRANS,EN,EA,,,null,,00,null,999999999999,,null,,,,null,null,1.00 EA,null,,,,,,NORM,null,null,null,null,null,,,0.500,0.500,LBR,0.000,0.000,0.000,null,0.000,FTQ,,,null,null,1,null,null,null,null,null,0001,null,null,null,null,null,,,,null,,null,,0.000,null,0.0,0.000,null,null,0.0,null,null,null,null,null,null,null,0.000,null,0,0,null,0,null,null,null,null,null,null,null,null,0,null,null,null,0.000,0.0,null,0.000,null,0.000,0.000,null,,null,null,null,,,,null,null,null,null,null,null,null,null,null,null,null,null,null,null,null,,,,
000000009700046568,null,VERP,null,null,COMP04,C,"PUTTY KNIFE 2""/50MM",EN,EA,,,null,,00,null,999999999999,,null,,,,null,null,1.00 EA,null,,,,,,NORM,null,null,null,null,null,,,0.020,0.020,LBR,0.000,0.000,0.000,null,0.050,FTQ,,,null,null,1,null,null,null,null,null,0001,null,null,null,null,null,,,,null,,null,,0.000,null,0.0,0.000,null,null,0.0,null,null,null,null,null,null,null,0.000,null,0,0,null,0,null,null,null,null,null,null,null,null,0,null,null,null,0.000,0.0,null,0.000,null,0.000,0.000,null,,null,null,null,,,,null,null,null,null,null,null,null,null,null,null,null,null,null,null,null,,,,
000000009700047512,null,VERP,null,null,COMP19,C,SC 6-QT CDA DRYDEX 71164,EN,EA,,,null,,00,9700046439,999999999999,,null,,,,null,null,1 EA,null,,,,,,VERP,null,null,null,null,null,,,0.200,0.200,LBR,0.000,0.000,0.000,null,0.250,FTQ,,,null,null,1,null,null,null,null,null,0001,null,null,null,null,null,,,,null,,null,,0.000,null,0.0,0.000,null,null,0.0,null,null,null,null,null,null,null,0.000,null,0,0,B,0,null,null,null,null,null,null,null,null,0,null,null,null,0.000,0.0,null,0.000,null,0.000,0.000,null,,null,null,null,,,,null,null,null,null,null,null,null,null,null,null,null,null,null,null,null,,,,
000000009700047699,null,VERP,null,null,COMP19,C,SC 12-290ML CDA SILICONE WHITE,EN,EA,,,null,,00,null,999999999999,,null,,,,null,null,1.00 EA,null,,,,,,NORM,null,null,null,null,null,,,0.420,0.420,LBR,0.000,0.000,0.000,null,0.000,FTQ,,,null,null,1,null,null,null,null,null,0001,null,null,null,null,null,,,,null,,null,,0.000,null,0.0,0.000,null,null,0.0,null,null,null,null,null,null,null,0.000,null,0,0,null,0,null,null,null,null,null,null,null,null,0,null,null,null,0.000,0.0,null,0.000,null,0.000,0.000,null,,null,null,null,,,,null,null,null,null,null,null,null,null,null,null,null,null,null,null,null,,,,
000000009700047707,null,VERP,null,null,COMP19,C,SC 12-290ML CDA K&B SILIC CLR,EN,EA,,,null,,00,null,999999999999,,null,,,,null,null,1.00 EA,null,,,,,,NORM,null,null,null,null,null,,,0.420,0.420,LBR,0.000,0.000,0.000,null,0.250,FTQ,,,null,null,1,null,null,null,null,null,0001,null,null,null,null,null,,,,null,,null,,0.000,null,0.0,0.000,null,null,0.0,null,null,null,null,null,null,null,0.000,null,0,0,null,0,null,null,null,null,null,null,null,null,0,null,null,null,0.000,0.0,null,0.000,null,0.000,0.000,null,,null,null,null,,,,null,null,null,null,null,null,null,null,null,null,null,null,null,null,null,,,,
000000009700047713,null,VERP,null,null,COMP19,C,SC 12-290ML CDA K&B SILIC GRAY,EN,EA,,,null,,00,null,999999999999,,null,,,,null,null,1.00 EA,null,,,,,,NORM,null,null,null,null,null,,,0.420,0.420,LBR,0.000,0.000,0.000,null,0.250,FTQ,,,null,null,1,null,null,null,null,null,0001,null,null,null,null,null,,,,null,,null,,0.000,null,0.0,0.000,null,null,0.0,null,null,null,null,null,null,null,0.000,null,0,0,null,0,null,null,null,null,null,null,null,null,0,null,null,null,0.000,0.0,null,0.000,null,0.000,0.000,null,,null,null,null,,,,null,null,null,null,null,null,null,null,null,null,null,null,null,null,null,,,,
000000009700047809,null,VERP,null,null,COMP19,C,SC CDA 12-300ML 230 BLACK,EN,EA,,,null,,00,null,999999999999,,null,,,,null,null,1 EA,null,,,,,,NORM,null,null,null,null,null,,,0.500,0.500,LBR,0.000,0.000,0.000,null,0.000,FTQ,,,null,null,1,null,null,null,null,null,0001,null,null,null,null,null,,,,null,,null,,0.000,null,0.0,0.000,null,null,0.0,null,null,null,null,null,null,null,0.000,null,0,0,null,0,null,null,null,null,null,null,null,null,0,null,null,null,0.000,0.0,null,0.000,null,0.000,0.000,null,,null,null,null,,,,null,null,null,null,null,null,null,null,null,null,null,null,null,null,null,,,,
000000009700047810,null,VERP,null,null,COMP19,C,SC CDA 12-300ML 230 GREY,EN,EA,,,null,,00,null,999999999999,,null,,,,null,null,1 EA,null,,,,,,NORM,null,null,null,null,null,,,0.500,0.500,LBR,0.000,0.000,0.000,null,0.000,FTQ,,,null,null,1,null,null,null,null,null,0001,null,null,null,null,null,,,,null,,null,,0.000,null,0.0,0.000,null,null,0.0,null,null,null,null,null,null,null,0.000,null,0,0,null,0,null,null,null,null,null,null,null,null,0,null,null,null,0.000,0.0,null,0.000,null,0.000,0.000,null,,null,null,null,,,,null,null,null,null,null,null,null,null,null,null,null,null,null,null,null,,,,
000000009700048008,null,VERP,null,null,COMP19,C,SC CDA ALEX PAINTERS CONT PAK,EN,EA,,,null,,00,null,999999999999,,null,,,,null,null,1 EA,null,,,,,,NORM,null,null,null,null,null,,,0.300,0.300,LBR,0.000,0.000,0.000,null,0.000,FTQ,,,null,null,1,null,null,null,null,null,0001,null,null,null,null,null,,,,null,,null,,0.000,null,0.0,0.000,null,null,0.0,null,null,null,null,null,null,null,0.000,null,0,0,null,0,null,null,null,null,null,null,null,null,0,null,null,null,0.000,0.0,null,0.000,null,0.000,0.000,null,,null,null,null,,,,null,null,null,null,null,null,null,null,null,null,null,null,null,null,null,,,,
000000009700048238,null,VERP,null,null,COMP04,C,TRAY INSERT SQUEEZE TUBE 15PK,EN,EA,,,null,,00,null,999999999999,,null,,,,null,null,1 EA,null,,,,,,NORM,null,null,null,null,null,,,0.150,0.150,LBR,0.000,0.000,0.000,null,0.000,FTQ,,,null,null,1,null,null,null,null,null,0001,null,null,null,null,null,,,,null,,null,,0.000,null,0.0,0.000,null,null,0.0,null,null,null,null,null,null,null,0.000,null,1095,1,B,0,null,null,null,null,null,null,null,null,0,null,null,null,0.000,0.0,null,0.000,null,0.000,0.000,null,,null,null,null,,,,null,null,null,null,null,null,null,null,null,null,null,null,null,null,null,,,,
000000009700048450,null,VERP,null,null,COMP19,C,SC 15-162ML KWIK SEAL ULTRA WHT,EN,EA,,,null,,00,null,999999999999,,null,,,,null,null,1 EA,null,,,,,,NORM,null,null,null,null,null,,,0.400,0.400,LBR,0.000,0.000,0.000,null,0.000,FTQ,,,null,null,1,null,null,null,null,null,0001,null,null,null,null,null,,,,null,,null,,0.000,null,0.0,0.000,null,null,0.0,null,null,null,null,null,null,null,0.000,null,0,0,null,0,null,null,null,null,null,null,null,null,0,null,null,null,0.000,0.0,null,0.000,null,0.000,0.000,null,,null,null,null,,,,null,null,null,null,null,null,null,null,null,null,null,null,null,null,null,,,,
000000009700048453,null,VERP,null,null,COMP19,C,SC 15-162ML KWIK SEAL ULTRA BSCT,EN,EA,,,null,,00,null,999999999999,,null,,,,null,null,1 EA,null,,,,,,NORM,null,null,null,null,null,,,0.400,0.400,LBR,0.000,0.000,0.000,null,0.000,FTQ,,,null,null,1,null,null,null,null,null,0001,null,null,null,null,null,,,,null,,null,,0.000,null,0.0,0.000,null,null,0.0,null,null,null,null,null,null,null,0.000,null,0,0,null,0,null,null,null,null,null,null,null,null,0,null,null,null,0.000,0.0,null,0.000,null,0.000,0.000,null,,null,null,null,,,,null,null,null,null,null,null,null,null,null,null,null,null,null,null,null,,,,
000000009700048455,null,VERP,null,null,COMP19,C,SC 15-162ML CDA KWIK SEAL ULTRA CLR,EN,EA,,,null,,00,null,999999999999,,null,,,,null,null,1 EA,null,,,,,,NORM,null,null,null,null,null,,,0.400,0.400,LBR,0.000,0.000,0.000,null,0.000,FTQ,,,null,null,1,null,null,null,null,null,0001,null,null,null,null,null,,,,null,,null,,0.000,null,0.0,0.000,null,null,0.0,null,null,null,null,null,null,null,0.000,null,0,0,null,0,null,null,null,null,null,null,null,null,0,null,null,null,0.000,0.0,null,0.000,null,0.000,0.000,null,,null,null,null,,,,null,null,null,null,null,null,null,null,null,null,null,null,null,null,null,,,,
000000009700048471,null,VERP,null,null,COMP19,C,SC 12-300ML DYNAFLEX 230 CEDAR TAN,EN,EA,,,null,,00,null,999999999999,,null,,,,null,null,1.00 EA,null,,,,,,NORM,null,null,null,null,null,,,0.500,0.500,LBR,0.000,0.000,0.000,null,0.000,FTQ,,,null,null,1,null,null,null,null,null,0001,null,null,null,null,null,,,,null,,null,,0.000,null,0.0,0.000,null,null,0.0,null,null,null,null,null,null,null,0.000,null,0,0,null,0,null,null,null,null,null,null,null,null,0,null,null,null,0.000,0.0,null,0.000,null,0.000,0.000,null,,null,null,null,,,,null,null,null,null,null,null,null,null,null,null,null,null,null,null,null,,,,
000000009700048473,null,VERP,null,null,COMP19,C,SC 12-300ML CDA ALEX FAST DRY,EN,EA,,,null,,00,9700046321,999999999999,,null,,,,null,null,1.00 EA,null,,,,,,NORM,null,null,null,null,null,,,0.500,0.500,LBR,0.000,0.000,0.000,null,0.000,FTQ,,,null,null,1,null,null,null,null,null,0001,null,null,null,null,null,,,,null,,null,,0.000,null,0.0,0.000,null,null,0.0,null,null,null,null,null,null,null,0.000,null,0,0,B,0,null,null,null,null,null,null,null,null,0,null,null,null,0.000,0.0,null,0.000,null,0.000,0.000,null,,null,null,null,,,,null,null,null,null,null,null,null,null,null,null,null,null,null,null,null,,,,
000000009700048475,null,VERP,null,null,COMP19,C,SC 15-162ML ALEX PLUS WHITE,EN,EA,,,null,,00,null,999999999999,,null,,,,null,null,1 EA,null,,,,,,NORM,null,null,null,null,null,,,0.200,0.200,LBR,0.000,0.000,0.000,null,0.000,FTQ,,,null,null,1,null,null,null,null,null,0001,null,null,null,null,null,,,,null,,null,,0.000,null,0.0,0.000,null,null,0.0,null,null,null,null,null,null,null,0.000,null,0,0,null,0,null,null,null,null,null,null,null,null,0,null,null,null,0.000,0.0,null,0.000,null,0.000,0.000,null,,null,null,null,,,,null,null,null,null,null,null,null,null,null,null,null,null,null,null,null,,,,
000000009700048476,null,VERP,null,null,COMP19,C,SC 15-162ML KWIK SEAL WHITE,EN,EA,,,null,,00,null,999999999999,,null,,,,null,null,1 EA,null,,,,,,NORM,null,null,null,null,null,,,0.200,0.200,LBR,0.000,0.000,0.000,null,0.000,FTQ,,,null,null,1,null,null,null,null,null,0001,null,null,null,null,null,,,,null,,null,,0.000,null,0.0,0.000,null,null,0.0,null,null,null,null,null,null,null,0.000,null,0,0,null,0,null,null,null,null,null,null,null,null,0,null,null,null,0.000,0.0,null,0.000,null,0.000,0.000,null,,null,null,null,,,,null,null,null,null,null,null,null,null,null,null,null,null,null,null,null,,,,
000000009700048477,null,VERP,null,null,COMP19,C,SC 15-162ML  CDA KWIK SEAL CLEAR,EN,EA,,,null,,00,null,999999999999,,null,,,,null,null,1 EA,null,,,,,,NORM,null,null,null,null,null,,,0.200,0.200,LBR,0.000,0.000,0.000,null,0.000,FTQ,,,null,null,1,null,null,null,null,null,0001,null,null,null,null,null,,,,null,,null,,0.000,null,0.0,0.000,null,null,0.0,null,null,null,null,null,null,null,0.000,null,0,0,null,0,null,null,null,null,null,null,null,null,0,null,null,null,0.000,0.0,null,0.000,null,0.000,0.000,null,,null,null,null,,,,null,null,null,null,null,null,null,null,null,null,null,null,null,null,null,,,,
000000009700048582,null,VERP,null,null,COMP04,C,SANDING BLOCK DUAL-GRIT MED/FINE RPR KIT,EN,EA,,,null,,00,null,999999999999,,null,,,,null,null,1.00 EA,null,,,,,,VERP,null,null,null,null,null,,,0.010,0.010,LBR,0.000,0.000,0.000,null,0.001,FTQ,,,null,null,1,null,null,null,null,null,0001,null,null,null,null,null,,,,null,,null,,0.000,null,0.0,0.000,null,null,0.0,null,null,null,null,null,null,null,0.000,null,0,0,null,0,null,null,null,null,null,null,null,null,0,null,null,null,0.000,0.0,null,0.000,null,0.000,0.000,null,,null,null,null,,,,null,null,null,null,null,null,null,null,null,null,null,null,null,null,null,,,,
000000009700048584,null,VERP,null,null,COMP25,C,CLAMSHELL PKG 8 OZ PLASTIC WOOD-X KIT,EN,EA,,,null,,00,null,999999999999,,null,,,,null,null,1.00 EA,null,,,,,,VERP,null,null,null,null,null,,,0.100,0.100,LBR,0.000,0.000,0.000,null,0.025,FTQ,,,null,null,1,null,null,null,null,null,0001,null,null,null,null,null,,,,null,,null,,0.000,null,0.0,0.000,null,null,0.0,null,null,null,null,null,null,null,0.000,null,0,0,null,0,null,null,null,null,null,null,null,null,0,null,null,null,0.000,0.0,null,0.000,null,0.000,0.000,null,,null,null,null,,,,null,null,null,null,null,null,null,null,null,null,null,null,null,null,null,,,,
000000009700048628,null,VERP,null,null,COMP01,C,CTG 9.8 OZ TRUE VALUE SILICONE W&D CLR,EN,EA,,,null,,00,null,999999999999,,null,,,,null,null,1.00 EA,null,,,,,,NORM,null,null,null,null,null,,,0.080,0.080,LBR,0.000,0.000,0.000,null,0.250,FTQ,,,null,null,1,null,null,null,null,null,0001,null,null,null,null,null,,,,null,,null,,0.000,null,0.0,0.000,null,null,0.0,null,null,null,null,null,null,null,0.000,null,0,0,null,0,null,null,null,null,null,null,null,null,0,null,null,null,0.000,0.0,null,0.000,null,0.000,0.000,null,,null,null,null,,,,null,null,null,null,null,null,null,null,null,null,null,null,null,null,null,,,,
000000009700048700,null,VERP,null,null,COMP19,C,SC 6-8 OZ PLASTIC WOOD-X REPAIR KIT,EN,EA,,,null,,00,null,999999999999,,null,,,,null,null,1 EA,null,,,,,,NORM,null,null,null,null,null,,,0.500,0.500,LBR,0.000,0.000,0.000,null,0.250,FTQ,,,null,null,1,null,null,null,null,null,0001,null,null,null,null,null,,,,null,,null,,0.000,null,0.0,0.000,null,null,0.0,null,null,null,null,null,null,null,0.000,null,0,0,null,0,null,null,null,null,null,null,null,null,0,null,null,null,0.000,0.0,null,0.000,null,0.000,0.000,null,,null,null,null,,,,null,null,null,null,null,null,null,null,null,null,null,null,null,null,null,,,,
000000009700049378,null,VERP,null,null,COMP19,C,SC 6-946 ML CDA ALEX PLUS SPACKLING,EN,EA,,,null,,00,null,999999999999,,null,,,,null,null,1 EA,null,,,,,,NORM,null,null,null,null,null,,,0.600,0.600,LBR,0.000,0.000,0.000,null,0.250,FTQ,,,null,null,1,null,null,null,null,null,0001,null,null,null,null,null,,,,null,,null,,0.000,null,0.0,0.000,null,null,0.0,null,null,null,null,null,null,null,0.000,null,0,0,B,0,null,null,null,null,null,null,null,null,0,null,null,null,0.000,0.0,null,0.000,null,0.000,0.000,null,,null,null,null,,,,null,null,null,null,null,null,null,null,null,null,null,null,null,null,null,,,,
000000009700049398,null,VERP,null,null,COMP19,C,SC 12-237 ML CDA ALEX PLUS SPACKLING,EN,EA,,,null,,00,null,999999999999,,null,,,,null,null,1.00 EA,null,,,,,,NORM,null,null,null,null,null,,,0.500,0.500,LBR,0.000,0.000,0.000,null,0.250,FTQ,,,null,null,1,null,null,null,null,null,0001,null,null,null,null,null,,,,null,,null,,0.000,null,0.0,0.000,null,null,0.0,null,null,null,null,null,null,null,0.000,null,0,0,B,0,null,null,null,null,null,null,null,null,0,null,null,null,0.000,0.0,null,0.000,null,0.000,0.000,null,,null,null,null,,,,null,null,null,null,null,null,null,null,null,null,null,null,null,null,null,,,,
000000009700049853,null,VERP,null,null,COMP03,C,TUBE 147 ML CDA ULTRA CLEAR ALL PURPOSE,EN,EA,,,null,,00,null,999999999999,,null,,,,null,null,1 EA,null,,,,,,NORM,null,null,null,null,null,,,0.040,0.040,LBR,0.000,0.000,0.000,null,0.000,FTQ,,,null,null,1,null,null,null,null,null,0001,null,null,null,null,null,,,,null,,null,,0.000,null,0.0,0.000,null,null,0.0,null,null,null,null,null,null,null,0.000,null,0,0,null,0,null,null,null,null,null,null,null,null,0,null,null,null,0.000,0.0,null,0.000,null,0.000,0.000,null,,null,null,null,,,,null,null,null,null,null,null,null,null,null,null,null,null,null,null,null,,,,
000000009700049854,null,VERP,null,null,COMP19,C,SC 15-147 ML CDA ULTRA CLEAR ALL PURPOSE,EN,EA,,,null,,00,null,999999999999,,null,,,,null,null,1 EA,null,,,,,,NORM,null,null,null,null,null,,,0.420,0.420,LBR,0.000,0.000,0.000,null,0.000,FTQ,,,null,null,1,null,null,null,null,null,0001,null,null,null,null,null,,,,null,,null,,0.000,null,0.0,0.000,null,null,0.0,null,null,null,null,null,null,null,0.000,null,0,0,null,0,null,null,null,null,null,null,null,null,0,null,null,null,0.000,0.0,null,0.000,null,0.000,0.000,null,,null,null,null,,,,null,null,null,null,null,null,null,null,null,null,null,null,null,null,null,,,,
000000009700050417,null,VERP,null,null,COMP19,C,SC CDA 12-300ML 230 WHITE,EN,EA,,,null,,00,9700047805,999999999999,,null,,,,null,null,1 EA,null,,,,,,NORM,null,null,null,null,null,,,0.500,0.500,LBR,0.000,0.000,0.000,null,0.000,FTQ,,,null,null,1,null,null,null,null,null,0001,null,null,null,null,null,,,,null,,null,,0.000,null,0.0,0.000,null,null,0.0,null,null,null,null,null,null,null,0.000,null,0,0,B,0,null,null,null,null,null,null,null,null,0,null,null,null,0.000,0.0,null,0.000,null,0.000,0.000,null,,null,null,null,,,,null,null,null,null,null,null,null,null,null,null,null,null,null,null,null,,,,
000000009700050443,null,VERP,null,null,COMP19,C,SC 12-300ML CDA ALEX + WHITE,EN,EA,,,null,,00,9700044539,999999999999,,null,,,,null,null,1 EA,null,,,,,,NORM,null,null,null,null,null,,,0.500,0.500,LBR,0.000,0.000,0.000,null,0.000,FTQ,,,null,null,1,null,null,null,null,null,0001,null,null,null,null,null,,,,null,,null,,0.000,null,0.0,0.000,null,null,0.0,null,null,null,null,null,null,null,0.000,null,0,0,null,0,null,null,null,null,null,null,null,null,0,null,null,null,0.000,0.0,null,0.000,null,0.000,0.000,null,,null,null,null,,,,null,null,null,null,null,null,null,null,null,null,null,null,null,null,null,,,,
000000009700050444,null,VERP,null,null,COMP19,C,SC 12-10.1 CDA ALEX PLUS TRANS,EN,EA,,,null,,00,9700046510,999999999999,,null,,,,null,null,1 EA,null,,,,,,NORM,null,null,null,null,null,,,0.500,0.500,LBR,0.000,0.000,0.000,null,0.000,FTQ,,,null,null,1,null,null,null,null,null,0001,null,null,null,null,null,,,,null,,null,,0.000,null,0.0,0.000,null,null,0.0,null,null,null,null,null,null,null,0.000,null,0,0,B,0,null,null,null,null,null,null,null,null,0,null,null,null,0.000,0.0,null,0.000,null,0.000,0.000,null,,null,null,null,,,,null,null,null,null,null,null,null,null,null,null,null,null,null,null,null,,,,
000000009700050483,null,VERP,null,null,COMP19,C,SC 6-207ML CDA PLATINUM PATCH SQ TUBE,EN,EA,,,null,,00,9700049488,999999999999,,null,,,,null,null,1 EA,null,,,,,,VERP,null,null,null,null,null,,,0.350,0.350,LBR,0.000,0.000,0.000,null,0.000,FTQ,,,null,null,1,null,null,null,null,null,0001,null,null,null,null,null,,,,null,,null,,0.000,null,0.0,0.000,null,null,0.0,null,null,null,null,null,null,null,0.000,null,0,0,B,0,null,null,null,null,null,null,null,null,0,null,null,null,0.000,0.0,null,0.000,null,0.000,0.000,null,,null,null,null,,,,null,null,null,null,null,null,null,null,null,null,null,null,null,null,null,,,,
000000009700050484,null,VERP,null,null,COMP19,C,SC 8-946ML CDA PLATINUM PATCH,EN,EA,,,null,,00,9700049490,999999999999,,null,,,,null,null,1.00 EA,null,,,,,,NORM,null,null,null,null,null,,,0.600,0.600,LBR,0.000,0.000,0.000,null,0.000,FTQ,,,null,null,1,null,null,null,null,null,0001,null,null,null,null,null,,,,null,,null,,0.000,null,0.0,0.000,null,null,0.0,null,null,null,null,null,null,null,0.000,null,0,0,B,0,null,null,null,null,null,null,null,null,0,null,null,null,0.000,0.0,null,0.000,null,0.000,0.000,null,,null,null,null,,,,null,null,null,null,null,null,null,null,null,null,null,null,null,null,null,,,,
000000009700050497,null,VERP,null,null,COMP07,C,SAFE USE STORE & HANDLE E/S/F,EN,EA,,,null,,00,9704526100,999999999999,,null,,,,null,null,1 EA,null,,,,,,VERP,null,null,null,null,null,,,0.100,0.100,LBR,0.000,0.000,0.000,null,0.000,FTQ,,,null,null,1,null,null,null,null,null,0001,null,null,null,null,null,,,,null,,null,,0.000,null,0.0,0.000,null,null,0.0,null,null,null,null,null,null,null,0.000,null,0,0,B,0,null,null,null,null,null,null,null,null,0,null,null,null,0.000,0.0,null,0.000,null,0.000,0.000,null,,null,null,null,,,,null,null,null,null,null,null,null,null,null,null,null,null,null,null,null,,,,
000000009700050508,null,VERP,null,null,COMP01,C,CTG 9 FL OZ ANCHORTECH ADV HYBRID CLR,EN,EA,,,null,,00,null,999999999999,,null,,,,null,null,1 EA,null,,,,,,NORM,null,null,null,null,null,,,0.080,0.080,LBR,0.000,0.000,0.000,null,0.250,FTQ,,,null,null,1,null,null,null,null,null,0001,null,null,null,null,null,,,,null,,null,,0.000,null,0.0,0.000,null,null,0.0,null,null,null,null,null,null,null,0.000,null,0,0,null,0,null,null,null,null,null,null,null,null,0,null,null,null,0.000,0.0,null,0.000,null,0.000,0.000,null,,null,null,null,,,,null,null,null,null,null,null,null,null,null,null,null,null,null,null,null,,,,
000000009700050558,null,VERP,null,null,COMP19,C,SC 12-10.1 FL OZ KSP CLEAR GLOSS,EN,EA,,,null,,00,9700048167,999999999999,,null,,,,null,null,1 EA,null,,,,,,NORM,null,null,null,null,null,,,0.420,0.420,LBR,0.000,0.000,0.000,null,0.000,FTQ,,,null,null,1,null,null,null,null,null,0001,null,null,null,null,null,,,,null,,null,,0.000,null,0.0,0.000,null,null,0.0,null,null,null,null,null,null,null,0.000,null,0,0,null,0,null,null,null,null,null,null,null,null,0,null,null,null,0.000,0.0,null,0.000,null,0.000,0.000,null,,null,null,null,,,,null,null,null,null,null,null,null,null,null,null,null,null,null,null,null,,,,
000000009700050578,null,VERP,null,null,COMP19,C,SC 12-10.1 LOWES KWIK SEAL PLUS WHT GLS,EN,EA,,,null,,00,9700049709,999999999999,,null,,,,null,null,1 EA,null,,,,,,NORM,null,null,null,null,null,,,0.420,0.420,LBR,0.000,0.000,0.000,null,0.250,FTQ,,,null,null,1,null,null,null,null,null,0001,null,null,null,null,null,,,,null,,null,,0.000,null,0.0,0.000,null,null,0.0,null,null,null,null,null,null,null,0.000,null,0,0,null,0,null,null,null,null,null,null,null,null,0,null,null,null,0.000,0.0,null,0.000,null,0.000,0.000,null,,null,null,null,,,,null,null,null,null,null,null,null,null,null,null,null,null,null,null,null,,,,
000000009700050750,null,VERP,null,null,COMP18,C,BAG 6 KG HYDRATED LIME,EN,EA,,,null,,00,9700044779,999999999999,,null,,,,null,null,1 EA,null,,,,,,NORM,null,null,null,null,null,,,0.310,0.310,LBR,0.000,0.000,0.000,null,0.000,FTQ,,,null,null,1,null,null,null,null,null,null,null,null,null,null,null,,,,null,,null,,0.000,null,0.0,0.000,null,null,0.0,null,null,null,null,null,null,null,0.000,null,0,0,null,0,null,null,null,null,null,null,null,null,0,null,null,null,0.000,0.0,null,0.000,null,0.000,0.000,null,,null,null,null,,,,null,null,null,null,null,null,null,null,null,null,null,null,null,null,null,,,,
000000009700050768,null,VERP,null,null,COMP19,C,SC 30-300ML CDA ALEX PLUS WHITE,EN,EA,,,null,,00,9700044448,999999999999,,null,,,,null,null,1 EA,null,,,,,,NORM,null,null,null,null,null,,,0.880,0.880,LBR,0.000,0.000,0.000,null,0.250,FTQ,,,null,null,1,null,null,null,null,null,0001,null,null,null,null,null,,,,null,,null,,0.000,null,0.0,0.000,null,null,0.0,null,null,null,null,null,null,null,0.000,null,0,0,B,0,null,null,null,null,null,null,null,null,0,null,null,null,0.000,0.0,null,0.000,null,0.000,0.000,null,,null,null,null,,,,null,null,null,null,null,null,null,null,null,null,null,null,null,null,null,,,,
000000009700051077,null,VERP,null,null,COMP19,C,CTN CDA TNFP SYS 600 2K LOW GWP A-SIDE,EN,EA,,,null,,00,9700050593,999999999999,,null,,,,null,null,1 EA,null,,,,,,VERP,null,null,null,null,null,,,5.000,5.000,LBR,0.000,0.000,0.000,null,0.000,null,,,null,null,1,null,null,null,null,null,0001,null,null,null,null,null,,,,null,,null,,0.000,null,0.0,0.000,null,null,0.0,null,null,null,null,null,null,null,0.000,null,0,0,B,0,null,null,null,null,null,null,null,null,0,null,null,null,0.000,0.0,null,0.000,null,0.000,0.000,null,,null,null,null,,,,null,null,null,null,null,null,null,null,null,null,null,null,null,null,null,,,,
000000009700051078,null,VERP,null,null,COMP19,C,CTN CDA TNFP SYS 600 2K LOW GWP B-SIDE,EN,EA,,,null,,00,9700050594,999999999999,,null,,,,null,null,1 EA,null,,,,,,VERP,null,null,null,null,null,,,5.000,5.000,LBR,0.000,0.000,0.000,null,0.000,null,,,null,null,1,null,null,null,null,null,0001,null,null,null,null,null,,,,null,,null,,0.000,null,0.0,0.000,null,null,0.0,null,null,null,null,null,null,null,0.000,null,0,0,null,0,null,null,null,null,null,null,null,null,0,null,null,null,0.000,0.0,null,0.000,null,0.000,0.000,null,,null,null,null,,,,null,null,null,null,null,null,null,null,null,null,null,null,null,null,null,,,,
000000009700051079,null,VERP,null,null,COMP19,C,CTN CDA TNFP SYS 200 2K LOW GWP,EN,EA,,,null,,00,9700050592,999999999999,,null,,,,null,null,1 EA,null,,,,,,VERP,null,null,null,null,null,,,0.500,0.500,LBR,0.000,0.000,0.000,null,0.000,null,,,null,null,1,null,null,null,null,null,0001,null,null,null,null,null,,,,null,,null,,0.000,null,0.0,0.000,null,null,0.0,null,null,null,null,null,null,null,0.000,null,0,0,null,0,null,null,null,null,null,null,null,null,0,null,null,null,0.000,0.0,null,0.000,null,0.000,0.000,null,,null,null,null,,,,null,null,null,null,null,null,null,null,null,null,null,null,null,null,null,,,,
000000009700051082,null,VERP,null,null,COMP19,C,SC 12-300 ML ALEX PLUS WHT CONT PK,EN,EA,,,null,,00,9700050767,999999999999,,null,,,,null,null,1 EA,null,,,,,,NORM,null,null,null,null,null,,,0.300,0.300,LBR,0.000,0.000,0.000,null,0.250,FTQ,,,null,null,1,null,null,null,null,null,0001,null,null,null,null,null,,,,null,,null,,0.000,null,0.0,0.000,null,null,0.0,null,null,null,null,null,null,null,0.000,null,0,0,B,0,null,null,null,null,null,null,null,null,0,null,null,null,0.000,0.0,null,0.000,null,0.000,0.000,null,,null,null,null,,,,null,null,null,null,null,null,null,null,null,null,null,null,null,null,null,,,,
000000009700051311,null,UNBW,null,null,COMP20,C,HEADER THD WEATHER DYNFLEX DRAFT ATTK,EN,EA,,,null,,00,null,999999999999,,null,,,,null,null,1.00 EA,null,,,,,,VERP,null,null,null,null,null,,,1.000,1.000,LBR,0.000,0.000,0.000,null,0.000,FTQ,,,null,null,1,null,null,null,null,null,null,null,null,null,null,null,,,,null,,null,,0.000,null,0.0,0.000,null,null,0.0,null,null,null,null,null,null,null,0.000,null,0,0,B,0,null,null,null,null,null,null,null,null,0,null,null,null,0.000,0.0,null,0.000,null,0.000,0.000,null,,null,null,null,,,,null,null,null,null,null,null,null,null,null,null,null,null,null,null,null,,,,
000000009700051450,null,VERP,null,null,COMP20,C,BASE CDA SPACKLE/FILLER,EN,EA,,,null,,00,9700074584,999999999999,,null,,,,null,null,1.00 EA,null,,,,,,VERP,null,null,null,null,null,,,0.500,0.500,LBR,0.000,0.000,0.000,null,0.250,FTQ,,,null,null,1,null,null,null,null,null,0001,null,null,null,null,null,,,,null,,null,,0.000,null,0.0,0.000,null,null,0.0,null,null,null,null,null,null,null,0.000,null,0,0,null,0,null,null,null,null,null,null,null,null,0,null,null,null,0.000,0.0,null,0.000,null,0.000,0.000,null,,null,null,null,,,,null,null,null,null,null,null,null,null,null,null,null,null,null,null,null,,,,
000000009700051451,null,VERP,null,null,COMP20,C,BASE SUPPORT CDA SPACKLE/FILLER,EN,EA,,,null,,00,9700074753,999999999999,,null,,,,null,null,1.00 EA,null,,,,,,VERP,null,null,null,null,null,,,0.500,0.500,LBR,0.000,0.000,0.000,null,0.000,FTQ,,,null,null,1,null,null,null,null,null,0001,null,null,null,null,null,,,,null,,null,,0.000,null,0.0,0.000,null,null,0.0,null,null,null,null,null,null,null,0.000,null,0,0,null,0,null,null,null,null,null,null,null,null,0,null,null,null,0.000,0.0,null,0.000,null,0.000,0.000,null,,null,null,null,,,,null,null,null,null,null,null,null,null,null,null,null,null,null,null,null,,,,
000000009700051452,null,VERP,null,null,COMP20,C,HEADER CDA THD ALEX PLUS SPACK 946ML,EN,EA,,,null,,00,9700074943,999999999999,,null,,,,null,null,1.00 EA,null,,,,,,VERP,null,null,null,null,null,,,1.000,1.000,LBR,0.000,0.000,0.000,null,0.000,FTQ,,,null,null,1,null,null,null,null,null,0001,null,null,null,null,null,,,,null,,null,,0.000,null,0.0,0.000,null,null,0.0,null,null,null,null,null,null,null,0.000,null,0,0,B,0,null,null,null,null,null,null,null,null,0,null,null,null,0.000,0.0,null,0.000,null,0.000,0.000,null,,null,null,null,,,,null,null,null,null,null,null,null,null,null,null,null,null,null,null,null,,,,
000000009700051453,null,VERP,null,null,COMP20,C,BASE CDA STANDARD 8CS,EN,EA,,,null,,00,9700074438,999999999999,,null,,,,null,null,1.00 EA,null,,,,,,VERP,null,null,null,null,null,,,0.500,0.500,LBR,0.000,0.000,0.000,null,0.250,FTQ,,,null,null,1,null,null,null,null,null,0001,null,null,null,null,null,,,,null,,null,,0.000,null,0.0,0.000,null,null,0.0,null,null,null,null,null,null,null,0.000,null,0,0,B,0,null,null,null,null,null,null,null,null,0,null,null,null,0.000,0.0,null,0.000,null,0.000,0.000,null,,null,null,null,,,,null,null,null,null,null,null,null,null,null,null,null,null,null,null,null,,,,
000000009700051454,null,VERP,null,null,COMP20,C,BASE SUPPORT CDA STANDARD 8CS,EN,EA,,,null,,00,9700074771,999999999999,,null,,,,null,null,1.00 EA,null,,,,,,VERP,null,null,null,null,null,,,0.500,0.500,LBR,0.000,0.000,0.000,null,0.250,FTQ,,,null,null,1,null,null,null,null,null,0001,null,null,null,null,null,,,,null,,null,,0.000,null,0.0,0.000,null,null,0.0,null,null,null,null,null,null,null,0.000,null,0,0,B,0,null,null,null,null,null,null,null,null,0,null,null,null,0.000,0.0,null,0.000,null,0.000,0.000,null,,null,null,null,,,,null,null,null,null,null,null,null,null,null,null,null,null,null,null,null,,,,
000000009700051455,null,VERP,null,null,COMP20,C,HEADER CDA THD ALEX FAST DRY,EN,EA,,,null,,00,9700074448,999999999999,,null,,,,null,null,1.00 EA,null,,,,,,VERP,null,null,null,null,null,,,1.000,1.000,LBR,0.000,0.000,0.000,null,0.000,FTQ,,,null,null,1,null,null,null,null,null,null,null,null,null,null,null,,,,null,,null,,0.000,null,0.0,0.000,null,null,0.0,null,null,null,null,null,null,null,0.000,null,0,0,B,0,null,null,null,null,null,null,null,null,0,null,null,null,0.000,0.0,null,0.000,null,0.000,0.000,null,,null,null,null,,,,null,null,null,null,null,null,null,null,null,null,null,null,null,null,null,,,,
000000009700051456,null,VERP,null,null,COMP20,C,HEADER CDA THD KSU WHT MIXED DISPLAY,EN,EA,,,null,,00,9700074547,999999999999,,null,,,,null,null,1.00 EA,null,,,,,,VERP,null,null,null,null,null,,,1.000,1.000,LBR,0.000,0.000,0.000,null,0.100,FTQ,,,null,null,1,null,null,null,null,null,0001,null,null,null,null,null,,,,null,,null,,0.000,null,0.0,0.000,null,null,0.0,null,null,null,null,null,null,null,0.000,null,0,0,B,0,null,null,null,null,null,null,null,null,0,null,null,null,0.000,0.0,null,0.000,null,0.000,0.000,null,,null,null,null,,,,null,null,null,null,null,null,null,null,null,null,null,null,null,null,null,,,,
000000009700051458,null,VERP,null,null,COMP20,C,HEADER CDA THD WOODPRO-X COMBO,EN,EA,,,null,,00,9700074954,999999999999,,null,,,,null,null,1.00 EA,null,,,,,,VERP,null,null,null,null,null,,,1.000,1.000,LBR,0.000,0.000,0.000,null,0.000,FTQ,,,null,null,1,null,null,null,null,null,null,null,null,null,null,null,,,,null,,null,,0.000,null,0.0,0.000,null,null,0.0,null,null,null,null,null,null,null,0.000,null,0,0,B,0,null,null,null,null,null,null,null,null,0,null,null,null,0.000,0.0,null,0.000,null,0.000,0.000,null,,null,null,null,,,,null,null,null,null,null,null,null,null,null,null,null,null,null,null,null,,,,
000000009700051459,null,VERP,null,null,COMP20,C,BASE SUPPORT PAD CDA  WOODPRO-X COMBO,EN,EA,,,null,,00,null,999999999999,,null,,,,null,null,1.00 EA,null,,,,,,VERP,null,null,null,null,null,,,0.500,0.500,LBR,0.000,0.000,0.000,null,0.250,FTQ,,,null,null,1,null,null,null,null,null,null,null,null,null,null,null,,,,null,,null,,0.000,null,0.0,0.000,null,null,0.0,null,null,null,null,null,null,null,0.000,null,0,0,B,0,null,null,null,null,null,null,null,null,0,null,null,null,0.000,0.0,null,0.000,null,0.000,0.000,null,,null,null,null,,,,null,null,null,null,null,null,null,null,null,null,null,null,null,null,null,,,,
000000009700051460,null,VERP,null,null,COMP20,C,BACK FILLER CDA WOODPRO-X COMBO,EN,EA,,,null,,00,null,999999999999,,null,,,,null,null,1.00 EA,null,,,,,,NORM,null,null,null,null,null,,,0.500,0.500,LBR,0.000,0.000,0.000,null,0.000,FTQ,,,null,null,1,null,null,null,null,null,null,null,null,null,null,null,,,,null,,null,,0.000,null,0.0,0.000,null,null,0.0,null,null,null,null,null,null,null,0.000,null,0,0,B,0,null,null,null,null,null,null,null,null,0,null,null,null,0.000,0.0,null,0.000,null,0.000,0.000,null,,null,null,null,,,,null,null,null,null,null,null,null,null,null,null,null,null,null,null,null,,,,
000000009700051487,null,VERP,null,null,COMP19,C,SC 12-10.1 FL OZ PREM TEXTURED CONCRETE,EN,EA,,,null,,00,null,999999999999,,null,,,,null,null,1 EA,null,,,,,,NORM,null,null,null,null,null,,,0.400,0.400,LBR,0.000,0.000,0.000,null,0.000,FTQ,,,null,null,1,null,null,null,null,null,0001,null,null,null,null,null,,,,null,,null,,0.000,null,0.0,0.000,null,null,0.0,null,null,null,null,null,null,null,0.000,null,0,0,B,0,null,null,null,null,null,null,null,null,0,null,null,null,0.000,0.0,null,0.000,null,0.000,0.000,null,,null,null,null,,,,null,null,null,null,null,null,null,null,null,null,null,null,null,null,null,,,,
000000009700051488,null,VERP,null,null,COMP20,C,HEADER CDA DYNAFLEX ULTRA WHT DISPLAY 23,EN,EA,,,null,,00,null,999999999999,,null,,,,null,null,1 EA,null,,,,,,VERP,null,null,null,null,null,,,0.500,0.500,LBR,0.000,0.000,0.000,null,0.250,FTQ,,,null,null,1,null,null,null,null,null,null,null,null,null,null,null,,,,null,,null,,0.000,null,0.0,0.000,null,null,0.0,null,null,null,null,null,null,null,0.000,null,0,0,null,0,null,null,null,null,null,null,null,null,0,null,null,null,0.000,0.0,null,0.000,null,0.000,0.000,null,,null,null,null,,,,null,null,null,null,null,null,null,null,null,null,null,null,null,null,null,,,,
000000009700051489,null,VERP,null,null,COMP20,C,HEADER CDA THD PLATINUM PATCH,EN,EA,,,null,,00,null,999999999999,,null,,,,null,null,1.00 EA,null,,,,,,VERP,null,null,null,null,null,,,1.000,1.000,LBR,0.000,0.000,0.000,null,0.000,FTQ,,,null,null,1,null,null,null,null,null,null,null,null,null,null,null,,,,null,,null,,0.000,null,0.0,0.000,null,null,0.0,null,null,null,null,null,null,null,0.000,null,0,0,null,0,null,null,null,null,null,null,null,null,0,null,null,null,0.000,0.0,null,0.000,null,0.000,0.000,null,,null,null,null,,,,null,null,null,null,null,null,null,null,null,null,null,null,null,null,null,,,,
000000009700051490,null,VERP,null,null,COMP20,C,BASE CDA SQUEEZE TUBE 4 CASE,EN,EA,,,null,,00,null,999999999999,,null,,,,null,null,1.00 EA,null,,,,,,VERP,null,null,null,null,null,,,1.000,1.000,LBR,0.000,0.000,0.000,null,0.000,FTQ,,,null,null,1,null,null,null,null,null,null,null,null,null,null,null,,,,null,,null,,0.000,null,0.0,0.000,null,null,0.0,null,null,null,null,null,null,null,0.000,null,0,0,null,0,null,null,null,null,null,null,null,null,0,null,null,null,0.000,0.0,null,0.000,null,0.000,0.000,null,,null,null,null,,,,null,null,null,null,null,null,null,null,null,null,null,null,null,null,null,,,,
000000009700051491,null,VERP,null,null,COMP20,C,BASE SUPPORT CDA,EN,EA,,,null,,00,null,999999999999,,null,,,,null,null,1.00 EA,null,,,,,,VERP,null,null,null,null,null,,,0.500,0.500,LBR,0.000,0.000,0.000,null,0.000,FTQ,,,null,null,1,null,null,null,null,null,null,null,null,null,null,null,,,,null,,null,,0.000,null,0.0,0.000,null,null,0.0,null,null,null,null,null,null,null,0.000,null,0,0,null,0,null,null,null,null,null,null,null,null,0,null,null,null,0.000,0.0,null,0.000,null,0.000,0.000,null,,null,null,null,,,,null,null,null,null,null,null,null,null,null,null,null,null,null,null,null,,,,
000000009700051492,null,VERP,null,null,COMP20,C,HEADER CDA MONO MAX K&B WH CLR,EN,EA,,,null,,00,null,999999999999,,null,,,,null,null,1.00 EA,null,,,,,,VERP,null,null,null,null,null,,,1.000,1.000,LBR,0.000,0.000,0.000,null,0.000,FTQ,,,null,null,1,null,null,null,null,null,null,null,null,null,null,null,,,,null,,null,,0.000,null,0.0,0.000,null,null,0.0,null,null,null,null,null,null,null,0.000,null,0,0,null,0,null,null,null,null,null,null,null,null,0,null,null,null,0.000,0.0,null,0.000,null,0.000,0.000,null,,null,null,null,,,,null,null,null,null,null,null,null,null,null,null,null,null,null,null,null,,,,
000000009700051586,null,VERP,null,null,COMP04,C,QUARTER PALLET CDA 24 X 24,EN,EA,,,null,,00,null,999999999999,,null,,,,null,null,1 EA,null,,,,,,NORM,null,null,null,null,null,,,9.000,9.000,LBR,24.000,24.000,6.000,INH,2.000,FTQ,,,null,null,1,null,null,null,null,null,0001,null,null,null,null,null,,,,null,,null,,0.000,null,0.0,0.000,null,null,0.0,null,null,null,null,null,null,null,0.000,null,0,0,B,0,null,null,null,null,null,null,null,null,0,null,null,null,0.000,0.0,null,0.000,null,0.000,0.000,null,,null,null,null,,,,null,null,null,null,null,null,null,null,null,null,null,null,null,null,null,,,,
000000009700051652,null,VERP,null,null,COMP20,C,BASE CDA WEATHERPROOF,EN,EA,,,null,,00,null,999999999999,,null,,,,null,null,null,null,,,,,,VERP,null,null,null,null,null,,,0.500,0.500,LBR,0.000,0.000,0.000,null,0.050,FTQ,,,null,null,1,null,null,null,null,null,null,null,null,null,null,null,,,,null,,null,,0.000,null,0.0,0.000,null,null,0.0,null,null,null,null,null,null,null,0.000,null,0,0,B,0,null,null,null,null,null,null,null,null,0,null,null,null,0.000,0.0,null,0.000,null,0.000,0.000,null,,null,null,null,,,,null,null,null,null,null,null,null,null,null,null,null,null,null,null,null,,,,
000000009700051653,null,VERP,null,null,COMP20,C,BASE SUPPORT CDA WEATHERPROOF,EN,EA,,,null,,00,null,999999999999,,null,,,,null,null,null,null,,,,,,VERP,null,null,null,null,null,,,0.500,0.500,LBR,0.000,0.000,0.000,null,0.050,FTQ,,,null,null,1,null,null,null,null,null,null,null,null,null,null,null,,,,null,,null,,0.000,null,0.0,0.000,null,null,0.0,null,null,null,null,null,null,null,0.000,null,0,0,B,0,null,null,null,null,null,null,null,null,0,null,null,null,0.000,0.0,null,0.000,null,0.000,0.000,null,,null,null,null,,,,null,null,null,null,null,null,null,null,null,null,null,null,null,null,null,,,,
000000009700051654,null,VERP,null,null,COMP20,C,BASE PAD WEATHERPROOF 23.75 X 16.25,EN,EA,,,null,,00,null,999999999999,,null,,,,null,null,1 EA,null,,,,,,NORM,null,null,null,null,null,,,0.500,0.500,LBR,0.000,0.000,0.000,null,0.250,FTQ,,,null,null,1,null,null,null,null,null,null,null,null,null,null,null,,,,null,,null,,0.000,null,0.0,0.000,null,null,0.0,null,null,null,null,null,null,null,0.000,null,0,0,B,0,null,null,null,null,null,null,null,null,0,null,null,null,0.000,0.0,null,0.000,null,0.000,0.000,null,,null,null,null,,,,null,null,null,null,null,null,null,null,null,null,null,null,null,null,null,,,,
000000009700051655,null,VERP,null,null,COMP20,C,HEADER CDA DAP HOUSE (BASE 74444),EN,EA,,,null,,00,null,999999999999,,null,,,,null,null,1.00 EA,null,,,,,,NORM,null,null,null,null,null,,,1.000,1.000,LBR,0.000,0.000,0.000,null,0.000,FTQ,,,null,null,1,null,null,null,null,null,null,null,null,null,null,null,,,,null,,null,,0.000,null,0.0,0.000,null,null,0.0,null,null,null,null,null,null,null,0.000,null,0,0,B,0,null,null,null,null,null,null,null,null,0,null,null,null,0.000,0.0,null,0.000,null,0.000,0.000,null,,null,null,null,,,,null,null,null,null,null,null,null,null,null,null,null,null,null,null,null,,,,
000000009700051691,null,VERP,null,null,COMP20,C,HEADER CDA THD ALEX ULTRA WHT,EN,EA,,,null,,00,null,999999999999,,null,,,,null,null,1.00 EA,null,,,,,,NORM,null,null,null,null,null,,,1.000,1.000,LBR,0.000,0.000,0.000,null,0.000,FTQ,,,null,null,1,null,null,null,null,null,null,null,null,null,null,null,,,,null,,null,,0.000,null,0.0,0.000,null,null,0.0,null,null,null,null,null,null,null,0.000,null,0,0,B,0,null,null,null,null,null,null,null,null,0,null,null,null,0.000,0.0,null,0.000,null,0.000,0.000,null,,null,null,null,,,,null,null,null,null,null,null,null,null,null,null,null,null,null,null,null,,,,
000000009700051694,null,VERP,null,null,COMP20,C,HEADER CDA GEN ALEX ULTRA WHT,EN,EA,,,null,,00,null,999999999999,,null,,,,null,null,1.00 EA,null,,,,,,NORM,null,null,null,null,null,,,1.000,1.000,LBR,0.000,0.000,0.000,null,0.000,FTQ,,,null,null,1,null,null,null,null,null,null,null,null,null,null,null,,,,null,,null,,0.000,null,0.0,0.000,null,null,0.0,null,null,null,null,null,null,null,0.000,null,0,0,B,0,null,null,null,null,null,null,null,null,0,null,null,null,0.000,0.0,null,0.000,null,0.000,0.000,null,,null,null,null,,,,null,null,null,null,null,null,null,null,null,null,null,null,null,null,null,,,,
000000009700051710,null,VERP,null,null,COMP20,C,HEADER CDA THD MONO SILIC PRO KB WH/CL,EN,EA,,,null,,00,null,999999999999,,null,,,,null,null,1.00 EA,null,,,,,,NORM,null,null,null,null,null,,,1.000,1.000,LBR,0.000,0.000,0.000,null,0.100,FTQ,,,null,null,1,null,null,null,null,null,0001,null,null,null,null,null,,,,null,,null,,0.000,null,0.0,0.000,null,null,0.0,null,null,null,null,null,null,null,0.000,null,0,0,B,0,null,null,null,null,null,null,null,null,0,null,null,null,0.000,0.0,null,0.000,null,0.000,0.000,null,,null,null,null,,,,null,null,null,null,null,null,null,null,null,null,null,null,null,null,null,,,,
000000009700051747,null,VERP,null,null,COMP20,C,HEADER CDA THD ALEX FLEX,EN,EA,,,null,,00,9700074450,999999999999,,null,,,,null,null,1.00 EA,null,,,,,,NORM,null,null,null,null,null,,,1.000,1.000,LBR,0.000,0.000,0.000,null,0.000,FTQ,,,null,null,1,null,null,null,null,null,null,null,null,null,null,null,,,,null,,null,,0.000,null,0.0,0.000,null,null,0.0,null,null,null,null,null,null,null,0.000,null,1095,1,B,0,null,null,null,null,null,null,null,null,0,null,null,null,0.000,0.0,null,0.000,null,0.000,0.000,null,,null,null,null,,,,null,null,null,null,null,null,null,null,null,null,null,null,null,null,null,,,,
000000009700051748,null,UNBW,null,null,COMP19,C,SC OVERPACK CDA TNFP 600 2K KIT LGWP,EN,EA,,,null,,00,9700050739,999999999999,,null,,,,null,null,1 EA,null,,,,,,VERP,null,null,null,null,null,,,3.000,3.000,LBR,0.000,0.000,0.000,null,0.000,null,,,null,null,1,null,null,null,null,null,0001,null,null,null,null,null,,,,null,,null,,0.000,null,0.0,0.000,null,null,0.0,null,null,null,null,null,null,null,0.000,null,0,0,B,0,null,null,null,null,null,null,null,null,0,null,null,null,0.000,0.0,null,0.000,null,0.000,0.000,null,,null,null,null,,,,null,null,null,null,null,null,null,null,null,null,null,null,null,null,null,,,,
000000009700051772,null,VERP,null,null,COMP20,C,HEADER GEN DYNAFLEX 230 WHT,EN,EA,,,null,,00,null,999999999999,,null,,,,null,null,1.00 EA,null,,,,,,NORM,null,null,null,null,null,,,1.000,1.000,LBR,0.000,0.000,0.000,null,0.250,FTQ,,,null,null,1,null,null,null,null,null,0001,null,null,null,null,null,,,,null,,null,,0.000,null,0.0,0.000,null,null,0.0,null,null,null,null,null,null,null,0.000,null,0,0,null,0,null,null,null,null,null,null,null,null,0,null,null,null,0.000,0.0,null,0.000,null,0.000,0.000,null,,null,null,null,,,,null,null,null,null,null,null,null,null,null,null,null,null,null,null,null,,,,
000000009700051773,null,VERP,null,null,COMP20,C,HEADER GEN ALEX PLUS WHT,EN,EA,,,null,,00,null,999999999999,,null,,,,null,null,1.00 EA,null,,,,,,NORM,null,null,null,null,null,,,1.000,1.000,LBR,0.000,0.000,0.000,null,0.000,FTQ,,,null,null,1,null,null,null,null,null,0001,null,null,null,null,null,,,,null,,null,,0.000,null,0.0,0.000,null,null,0.0,null,null,null,null,null,null,null,0.000,null,0,0,null,0,null,null,null,null,null,null,null,null,0,null,null,null,0.000,0.0,null,0.000,null,0.000,0.000,null,,null,null,null,,,,null,null,null,null,null,null,null,null,null,null,null,null,null,null,null,,,,
000000009700051823,null,VERP,null,null,COMP19,C,SC 6-20 OZ DAP W&C FOAM,EN,EA,,,null,,00,null,999999999999,,null,,,,null,null,1 EA,null,,,,,,VERP,null,null,null,null,null,,,0.400,0.400,LBR,0.000,0.000,0.000,null,0.000,FTQ,,,null,null,1,null,null,null,null,null,0001,null,null,null,null,null,,,,null,,null,,0.000,null,0.0,0.000,null,null,0.0,null,null,null,null,null,null,null,0.000,null,0,0,B,0,null,null,null,null,null,null,null,null,0,null,null,null,0.000,0.0,null,0.000,null,0.000,0.000,null,,null,null,null,,,,null,null,null,null,null,null,null,null,null,null,null,null,null,null,null,,,,
000000009700051847,null,VERP,null,null,COMP20,C,HEADER CDA THD DISPLAY EXT STRETCH WH,EN,EA,,,null,,00,null,999999999999,,null,,,,null,null,1.00 EA,null,,,,,,VERP,null,null,null,null,null,,,1.000,1.000,LBR,0.000,0.000,0.000,null,0.000,FTQ,,,null,null,1,null,null,null,null,null,null,null,null,null,null,null,,,,null,,null,,0.000,null,0.0,0.000,null,null,0.0,null,null,null,null,null,null,null,0.000,null,0,0,B,0,null,null,null,null,null,null,null,null,0,null,null,null,0.000,0.0,null,0.000,null,0.000,0.000,null,,null,null,null,,,,null,null,null,null,null,null,null,null,null,null,null,null,null,null,null,,,,
000000009700051848,null,VERP,null,null,COMP20,C,HEADER CDA GEN DISPLAY EXT STRETCH WH,EN,EA,,,null,,00,null,999999999999,,null,,,,null,null,1.00 EA,null,,,,,,VERP,null,null,null,null,null,,,1.000,1.000,LBR,0.000,0.000,0.000,null,0.000,FTQ,,,null,null,1,null,null,null,null,null,null,null,null,null,null,null,,,,null,,null,,0.000,null,0.0,0.000,null,null,0.0,null,null,null,null,null,null,null,0.000,null,0,0,B,0,null,null,null,null,null,null,null,null,0,null,null,null,0.000,0.0,null,0.000,null,0.000,0.000,null,,null,null,null,,,,null,null,null,null,null,null,null,null,null,null,null,null,null,null,null,,,,
000000009700051990,null,VERP,null,null,COMP19,C,BUMPER QP CDA MOUSE SHIELD,EN,EA,,,null,,00,null,999999999999,,null,,,,null,null,1.00 EA,null,,,,,,VERP,null,null,null,null,null,,,1.000,1.000,LBR,0.000,0.000,0.000,null,0.000,FTQ,,,null,null,1,null,null,null,null,null,null,null,null,null,null,null,,,,null,,null,,0.000,null,0.0,0.000,null,null,0.0,null,null,null,null,null,null,null,0.000,null,0,0,B,0,null,null,null,null,null,null,null,null,0,null,null,null,0.000,0.0,null,0.000,null,0.000,0.000,null,,null,null,null,,,,null,null,null,null,null,null,null,null,null,null,null,null,null,null,null,,,,
000000009700051991,null,VERP,null,null,COMP19,C,BUMPER QP CDA HOME SEAL,EN,EA,,,null,,00,null,999999999999,,null,,,,null,null,1.00 EA,null,,,,,,VERP,null,null,null,null,null,,,1.000,1.000,LBR,0.000,0.000,0.000,null,0.000,FTQ,,,null,null,1,null,null,null,null,null,0001,null,null,null,null,null,,,,null,,null,,0.000,null,0.0,0.000,null,null,0.0,null,null,null,null,null,null,null,0.000,null,0,0,B,0,null,null,null,null,null,null,null,null,0,null,null,null,0.000,0.0,null,0.000,null,0.000,0.000,null,,null,null,null,,,,null,null,null,null,null,null,null,null,null,null,null,null,null,null,null,,,,
000000009700051992,null,VERP,null,null,COMP19,C,BUMPER QP CDA MAX FILL,EN,EA,,,null,,00,null,999999999999,,null,,,,null,null,1.00 EA,null,,,,,,VERP,null,null,null,null,null,,,1.000,1.000,LBR,0.000,0.000,0.000,null,0.000,FTQ,,,null,null,1,null,null,null,null,null,0001,null,null,null,null,null,,,,null,,null,,0.000,null,0.0,0.000,null,null,0.0,null,null,null,null,null,null,null,0.000,null,0,0,null,0,null,null,null,null,null,null,null,null,0,null,null,null,0.000,0.0,null,0.000,null,0.000,0.000,null,,null,null,null,,,,null,null,null,null,null,null,null,null,null,null,null,null,null,null,null,,,,
000000009700051993,null,VERP,null,null,COMP19,C,BUMPER QP CDA NO WARP,EN,EA,,,null,,00,null,999999999999,,null,,,,null,null,1.00 EA,null,,,,,,VERP,null,null,null,null,null,,,1.000,1.000,LBR,0.000,0.000,0.000,null,0.000,FTQ,,,null,null,1,null,null,null,null,null,0001,null,null,null,null,null,,,,null,,null,,0.000,null,0.0,0.000,null,null,0.0,null,null,null,null,null,null,null,0.000,null,0,0,null,0,null,null,null,null,null,null,null,null,0,null,null,null,0.000,0.0,null,0.000,null,0.000,0.000,null,,null,null,null,,,,null,null,null,null,null,null,null,null,null,null,null,null,null,null,null,,,,
000000009700052018,null,VERP,null,null,COMP20,C,HEADER CDA PRO CAULK TOOL DISPLAY 12CS,EN,EA,,,null,,00,9700075127,999999999999,,null,,,,null,null,1 EA,null,,,,,,NORM,null,null,null,null,null,,,1.000,1.000,LBR,0.000,0.000,0.000,null,0.000,FTQ,,,null,null,1,null,null,null,null,null,null,null,null,null,null,null,,,,null,,null,,0.000,null,0.0,0.000,null,null,0.0,null,null,null,null,null,null,null,0.000,null,0,0,null,0,null,null,null,null,null,null,null,null,0,null,null,null,0.000,0.0,null,0.000,null,0.000,0.000,null,,null,null,null,,,,null,null,null,null,null,null,null,null,null,null,null,null,null,null,null,,,,
000000009700052019,null,VERP,null,null,COMP20,C,HEADER CDA THD DRYDEX REPR KIT BS,EN,EA,,,null,,00,9700074457,999999999999,,null,,,,null,null,1.00 EA,null,,,,,,NORM,null,null,null,null,null,,,1.000,1.000,LBR,0.000,0.000,0.000,null,0.000,FTQ,,,null,null,1,null,null,null,null,null,null,null,null,null,null,null,,,,null,,null,,0.000,null,0.0,0.000,null,null,0.0,null,null,null,null,null,null,null,0.000,null,0,0,null,0,null,null,null,null,null,null,null,null,0,null,null,null,0.000,0.0,null,0.000,null,0.000,0.000,null,,null,null,null,,,,null,null,null,null,null,null,null,null,null,null,null,null,null,null,null,,,,
000000009700052020,null,VERP,null,null,COMP20,C,BASE SUPPORT CDA THD DRYDEX REPAIR KIT,EN,EA,,,null,,00,9700074752,999999999999,,null,,,,null,null,1.00 EA,null,,,,,,NORM,null,null,null,null,null,,,0.500,0.500,LBR,0.000,0.000,0.000,null,0.000,FTQ,,,null,null,1,null,null,null,null,null,null,null,null,null,null,null,,,,null,,null,,0.000,null,0.0,0.000,null,null,0.0,null,null,null,null,null,null,null,0.000,null,0,0,null,0,null,null,null,null,null,null,null,null,0,null,null,null,0.000,0.0,null,0.000,null,0.000,0.000,null,,null,null,null,,,,null,null,null,null,null,null,null,null,null,null,null,null,null,null,null,,,,
000000009700052021,null,VERP,null,null,COMP20,C,BASE CDA THD DRYDEX REPAIR KIT,EN,EA,,,null,,00,9700074442,999999999999,,null,,,,null,null,1.00 EA,null,,,,,,NORM,null,null,null,null,null,,,0.500,0.500,LBR,0.000,0.000,0.000,null,0.000,FTQ,,,null,null,1,null,null,null,null,null,null,null,null,null,null,null,,,,null,,null,,0.000,null,0.0,0.000,null,null,0.0,null,null,null,null,null,null,null,0.000,null,0,0,null,0,null,null,null,null,null,null,null,null,0,null,null,null,0.000,0.0,null,0.000,null,0.000,0.000,null,,null,null,null,,,,null,null,null,null,null,null,null,null,null,null,null,null,null,null,null,,,,
000000009700052022,null,VERP,null,null,COMP20,C,HEADER CDA THD DRYDEX 946ML 12 CS DISPLY,EN,EA,,,null,,00,9700074585,999999999999,,null,,,,null,null,1.00 EA,null,,,,,,NORM,null,null,null,null,null,,,1.000,1.000,LBR,0.000,0.000,0.000,null,0.250,FTQ,,,null,null,1,null,null,null,null,null,0001,null,null,null,null,null,,,,null,,null,,0.000,null,0.0,0.000,null,null,0.0,null,null,null,null,null,null,null,0.000,null,0,0,null,0,null,null,null,null,null,null,null,null,0,null,null,null,0.000,0.0,null,0.000,null,0.000,0.000,null,,null,null,null,,,,null,null,null,null,null,null,null,null,null,null,null,null,null,null,null,,,,
000000009700052023,null,VERP,null,null,COMP20,C,BASE CDA ECLIPSE WRP DISPLAY,EN,EA,,,null,,00,9700075222,999999999999,,null,,,,null,null,1 EA,null,,,,,,NORM,null,null,null,null,null,,,0.500,0.500,LBR,0.000,0.000,0.000,null,0.250,FTQ,,,null,null,1,null,null,null,null,null,null,null,null,null,null,null,,,,null,,null,,0.000,null,0.0,0.000,null,null,0.0,null,null,null,null,null,null,null,0.000,null,0,0,null,0,null,null,null,null,null,null,null,null,0,null,null,null,0.000,0.0,null,0.000,null,0.000,0.000,null,,null,null,null,,,,null,null,null,null,null,null,null,null,null,null,null,null,null,null,null,,,,
000000009700052024,null,VERP,null,null,COMP20,C,BASE SUPPORT ECLIPSE WRAP DISPLAY,EN,EA,,,null,,00,9700075223,999999999999,,null,,,,null,null,1 EA,null,,,,,,NORM,null,null,null,null,null,,,0.500,0.500,LBR,0.000,0.000,0.000,null,0.250,FTQ,,,null,null,1,null,null,null,null,null,null,null,null,null,null,null,,,,null,,null,,0.000,null,0.0,0.000,null,null,0.0,null,null,null,null,null,null,null,0.000,null,0,0,null,0,null,null,null,null,null,null,null,null,0,null,null,null,0.000,0.0,null,0.000,null,0.000,0.000,null,,null,null,null,,,,null,null,null,null,null,null,null,null,null,null,null,null,null,null,null,,,,
000000009700052025,null,VERP,null,null,COMP20,C,SHROUD CDA ECLIPSE WRAP DISPLAY,EN,EA,,,null,,00,null,999999999999,,null,,,,null,null,1 EA,null,,,,,,NORM,null,null,null,null,null,,,0.500,0.500,LBR,0.000,0.000,0.000,null,0.000,FTQ,,,null,null,1,null,null,null,null,null,null,null,null,null,null,null,,,,null,,null,,0.000,null,0.0,0.000,null,null,0.0,null,null,null,null,null,null,null,0.000,null,0,0,null,0,null,null,null,null,null,null,null,null,0,null,null,null,0.000,0.0,null,0.000,null,0.000,0.000,null,,null,null,null,,,,null,null,null,null,null,null,null,null,null,null,null,null,null,null,null,,,,
000000009700052026,null,VERP,null,null,COMP20,C,DIVIDER PAD CDA ECLIPSE WRAP DISPLAY,EN,EA,,,null,,00,9700075226,999999999999,,null,,,,null,null,1 EA,null,,,,,,NORM,null,null,null,null,null,,,0.500,0.500,LBR,0.000,0.000,0.000,null,0.000,FTQ,,,null,null,1,null,null,null,null,null,null,null,null,null,null,null,,,,null,,null,,0.000,null,0.0,0.000,null,null,0.0,null,null,null,null,null,null,null,0.000,null,0,0,null,0,null,null,null,null,null,null,null,null,0,null,null,null,0.000,0.0,null,0.000,null,0.000,0.000,null,,null,null,null,,,,null,null,null,null,null,null,null,null,null,null,null,null,null,null,null,,,,
000000009700052028,null,VERP,null,null,COMP19,C,CTN CDA TNFP 200 2K LGWP NON-IXOL,EN,EA,,,null,,00,9700051079,999999999999,,null,,,,null,null,1 EA,null,,,,,,VERP,null,null,null,null,null,,,0.500,0.500,LBR,0.000,0.000,0.000,null,0.000,null,,,null,null,1,null,null,null,null,null,0001,null,null,null,null,null,,,,null,,null,,0.000,null,0.0,0.000,null,null,0.0,null,null,null,null,null,null,null,0.000,null,0,0,B,0,null,null,null,null,null,null,null,null,0,null,null,null,0.000,0.0,null,0.000,null,0.000,0.000,null,,null,null,null,,,,null,null,null,null,null,null,null,null,null,null,null,null,null,null,null,,,,
000000009700052029,null,VERP,null,null,COMP19,C,CTN CDA TNFP 600 2K LGWP A-SIDE NON-IXOL,EN,EA,,,null,,00,9700051077,999999999999,,null,,,,null,null,1 EA,null,,,,,,VERP,null,null,null,null,null,,,5.000,5.000,LBR,0.000,0.000,0.000,null,0.000,null,,,null,null,1,null,null,null,null,null,0001,null,null,null,null,null,,,,null,,null,,0.000,null,0.0,0.000,null,null,0.0,null,null,null,null,null,null,null,0.000,null,0,0,B,0,null,null,null,null,null,null,null,null,0,null,null,null,0.000,0.0,null,0.000,null,0.000,0.000,null,,null,null,null,,,,null,null,null,null,null,null,null,null,null,null,null,null,null,null,null,,,,
000000009700052030,null,VERP,null,null,COMP19,C,CTN CDA TNFP 600 2K LGWP B-SIDE NON-IXOL,EN,EA,,,null,,00,9700051078,999999999999,,null,,,,null,null,1 EA,null,,,,,,VERP,null,null,null,null,null,,,5.000,5.000,LBR,0.000,0.000,0.000,null,0.000,null,,,null,null,1,null,null,null,null,null,0001,null,null,null,null,null,,,,null,,null,,0.000,null,0.0,0.000,null,null,0.0,null,null,null,null,null,null,null,0.000,null,0,0,B,0,null,null,null,null,null,null,null,null,0,null,null,null,0.000,0.0,null,0.000,null,0.000,0.000,null,,null,null,null,,,,null,null,null,null,null,null,null,null,null,null,null,null,null,null,null,,,,
000000009700052033,null,VERP,null,null,COMP20,C,HEADER CDA GEN ALEX FLEX 8CS,EN,EA,,,null,,00,null,999999999999,,null,,,,null,null,1.00 EA,null,,,,,,NORM,null,null,null,null,null,,,1.000,1.000,LBR,0.000,0.000,0.000,null,0.000,FTQ,,,null,null,1,null,null,null,null,null,0001,null,null,null,null,null,,,,null,,null,,0.000,null,0.0,0.000,null,null,0.0,null,null,null,null,null,null,null,0.000,null,0,0,null,0,null,null,null,null,null,null,null,null,0,null,null,null,0.000,0.0,null,0.000,null,0.000,0.000,null,,null,null,null,,,,null,null,null,null,null,null,null,null,null,null,null,null,null,null,null,,,,
000000009700052034,null,VERP,null,null,COMP20,C,HEADER CDA GEN ALEX FAST DRY 300ML,EN,EA,,,null,,00,null,999999999999,,null,,,,null,null,1.00 EA,null,,,,,,NORM,null,null,null,null,null,,,1.000,1.000,LBR,0.000,0.000,0.000,null,0.000,FTQ,,,null,null,1,null,null,null,null,null,0001,null,null,null,null,null,,,,null,,null,,0.000,null,0.0,0.000,null,null,0.0,null,null,null,null,null,null,null,0.000,null,0,0,null,0,null,null,null,null,null,null,null,null,0,null,null,null,0.000,0.0,null,0.000,null,0.000,0.000,null,,null,null,null,,,,null,null,null,null,null,null,null,null,null,null,null,null,null,null,null,,,,
000000009700052044,null,VERP,null,null,COMP20,C,HEADER SILICONE ULTRA KB 300ML,EN,EA,,,null,,00,9700074892,999999999999,,null,,,,null,null,1.00 EA,null,,,,,,NORM,null,null,null,null,null,,,1.000,1.000,LBR,0.000,0.000,0.000,null,0.000,FTQ,,,null,null,1,null,null,null,null,null,0001,null,null,null,null,null,,,,null,,null,,0.000,null,0.0,0.000,null,null,0.0,null,null,null,null,null,null,null,0.000,null,0,0,null,0,null,null,null,null,null,null,null,null,0,null,null,null,0.000,0.0,null,0.000,null,0.000,0.000,null,,null,null,null,,,,null,null,null,null,null,null,null,null,null,null,null,null,null,null,null,,,,
000000009700052045,null,VERP,null,null,COMP20,C,HEADER CDA THD KSU CLR MIXED DISPLAY,EN,EA,,,null,,00,9700074547,999999999999,,null,,,,null,null,1.00 EA,null,,,,,,NORM,null,null,null,null,null,,,1.000,1.000,LBR,0.000,0.000,0.000,null,0.000,FTQ,,,null,null,1,null,null,null,null,null,null,null,null,null,null,null,,,,null,,null,,0.000,null,0.0,0.000,null,null,0.0,null,null,null,null,null,null,null,0.000,null,0,0,null,0,null,null,null,null,null,null,null,null,0,null,null,null,0.000,0.0,null,0.000,null,0.000,0.000,null,,null,null,null,,,,null,null,null,null,null,null,null,null,null,null,null,null,null,null,null,,,,
000000009700052046,null,VERP,null,null,COMP20,C,HEADER GEN SILICONE ULTRA WD,EN,EA,,,null,,00,null,999999999999,,null,,,,null,null,1.00 EA,null,,,,,,NORM,null,null,null,null,null,,,1.000,1.000,LBR,0.000,0.000,0.000,null,0.000,FTQ,,,null,null,1,null,null,null,null,null,null,null,null,null,null,null,,,,null,,null,,0.000,null,0.0,0.000,null,null,0.0,null,null,null,null,null,null,null,0.000,null,0,0,null,0,null,null,null,null,null,null,null,null,0,null,null,null,0.000,0.0,null,0.000,null,0.000,0.000,null,,null,null,null,,,,null,null,null,null,null,null,null,null,null,null,null,null,null,null,null,,,,
000000009700052047,null,VERP,null,null,COMP20,C,BASE PAD CDA STANDARD 12X12,EN,EA,,,null,,00,null,999999999999,,null,,,,null,null,1 EA,null,,,,,,NORM,null,null,null,null,null,,,0.500,0.500,LBR,0.000,0.000,0.000,null,0.250,FTQ,,,null,null,1,null,null,null,null,null,null,null,null,null,null,null,,,,null,,null,,0.000,null,0.0,0.000,null,null,0.0,null,null,null,null,null,null,null,0.000,null,0,0,null,0,null,null,null,null,null,null,null,null,0,null,null,null,0.000,0.0,null,0.000,null,0.000,0.000,null,,null,null,null,,,,null,null,null,null,null,null,null,null,null,null,null,null,null,null,null,,,,
000000009700052048,null,VERP,null,null,COMP20,C,HEADER CDA GEN ALEX PLUS SPACK 946ML,EN,EA,,,null,,00,null,999999999999,,null,,,,null,null,1.00 EA,null,,,,,,NORM,null,null,null,null,null,,,1.000,1.000,LBR,0.000,0.000,0.000,null,0.000,FTQ,,,null,null,1,null,null,null,null,null,null,null,null,null,null,null,,,,null,,null,,0.000,null,0.0,0.000,null,null,0.0,null,null,null,null,null,null,null,0.000,null,0,0,null,0,null,null,null,null,null,null,null,null,0,null,null,null,0.000,0.0,null,0.000,null,0.000,0.000,null,,null,null,null,,,,null,null,null,null,null,null,null,null,null,null,null,null,null,null,null,,,,
000000009700052049,null,VERP,null,null,COMP20,C,HEADER CDA GEN WOODPRO-X COMB 156G/453G,EN,EA,,,null,,00,null,999999999999,,null,,,,null,null,1.00 EA,null,,,,,,NORM,null,null,null,null,null,,,1.000,1.000,LBR,0.000,0.000,0.000,null,0.000,FTQ,,,null,null,1,null,null,null,null,null,null,null,null,null,null,null,,,,null,,null,,0.000,null,0.0,0.000,null,null,0.0,null,null,null,null,null,null,null,0.000,null,0,0,null,0,null,null,null,null,null,null,null,null,0,null,null,null,0.000,0.0,null,0.000,null,0.000,0.000,null,,null,null,null,,,,null,null,null,null,null,null,null,null,null,null,null,null,null,null,null,,,,
000000009700052050,null,VERP,null,null,COMP20,C,HEADER CDA GEN PLATNM PATCH COMBO,EN,EA,,,null,,00,null,999999999999,,null,,,,null,null,1.00 EA,null,,,,,,NORM,null,null,null,null,null,,,1.000,1.000,LBR,0.000,0.000,0.000,null,0.000,FTQ,,,null,null,1,null,null,null,null,null,null,null,null,null,null,null,,,,null,,null,,0.000,null,0.0,0.000,null,null,0.0,null,null,null,null,null,null,null,0.000,null,0,0,null,0,null,null,null,null,null,null,null,null,0,null,null,null,0.000,0.0,null,0.000,null,0.000,0.000,null,,null,null,null,,,,null,null,null,null,null,null,null,null,null,null,null,null,null,null,null,,,,
000000009700052051,null,VERP,null,null,COMP20,C,HEADER CDA GEN PRO CAULK TOOL,EN,EA,,,null,,00,null,999999999999,,null,,,,null,null,1.00 EA,null,,,,,,NORM,null,null,null,null,null,,,1.000,1.000,LBR,0.000,0.000,0.000,null,0.000,FTQ,,,null,null,1,null,null,null,null,null,null,null,null,null,null,null,,,,null,,null,,0.000,null,0.0,0.000,null,null,0.0,null,null,null,null,null,null,null,0.000,null,0,0,null,0,null,null,null,null,null,null,null,null,0,null,null,null,0.000,0.0,null,0.000,null,0.000,0.000,null,,null,null,null,,,,null,null,null,null,null,null,null,null,null,null,null,null,null,null,null,,,,
000000009700052052,null,VERP,null,null,COMP20,C,HEADER CDA GEN DRYDEX REPAIR KIT,EN,EA,,,null,,00,null,999999999999,,null,,,,null,null,1.00 EA,null,,,,,,NORM,null,null,null,null,null,,,1.000,1.000,LBR,0.000,0.000,0.000,null,0.000,FTQ,,,null,null,1,null,null,null,null,null,null,null,null,null,null,null,,,,null,,null,,0.000,null,0.0,0.000,null,null,0.0,null,null,null,null,null,null,null,0.000,null,0,0,null,0,null,null,null,null,null,null,null,null,0,null,null,null,0.000,0.0,null,0.000,null,0.000,0.000,null,,null,null,null,,,,null,null,null,null,null,null,null,null,null,null,null,null,null,null,null,,,,
000000009700052053,null,VERP,null,null,COMP20,C,HEADER CDA GEN DRYDEX SPACK 946ML,EN,EA,,,null,,00,null,999999999999,,null,,,,null,null,1.00 EA,null,,,,,,NORM,null,null,null,null,null,,,1.000,1.000,LBR,0.000,0.000,0.000,null,0.000,FTQ,,,null,null,1,null,null,null,null,null,0001,null,null,null,null,null,,,,null,,null,,0.000,null,0.0,0.000,null,null,0.0,null,null,null,null,null,null,null,0.000,null,0,0,null,0,null,null,null,null,null,null,null,null,0,null,null,null,0.000,0.0,null,0.000,null,0.000,0.000,null,,null,null,null,,,,null,null,null,null,null,null,null,null,null,null,null,null,null,null,null,,,,
000000009700052056,null,VERP,null,null,COMP19,C,BUMPER QP CDA BARRIER,EN,EA,,,null,,00,null,999999999999,,null,,,,null,null,1.00 EA,null,,,,,,VERP,null,null,null,null,null,,,1.000,1.000,LBR,0.000,0.000,0.000,null,0.000,FTQ,,,null,null,1,null,null,null,null,null,null,null,null,null,null,null,,,,null,,null,,0.000,null,0.0,0.000,null,null,0.0,null,null,null,null,null,null,null,0.000,null,0,0,null,0,null,null,null,null,null,null,null,null,0,null,null,null,0.000,0.0,null,0.000,null,0.000,0.000,null,,null,null,null,,,,null,null,null,null,null,null,null,null,null,null,null,null,null,null,null,,,,
000000009700052057,null,VERP,null,null,COMP20,C,HEADER CDA THD KSU CMB WH/CL DISPLAY,EN,EA,,,null,,00,9700074547,999999999999,,null,,,,null,null,1.00 EA,null,,,,,,NORM,null,null,null,null,null,,,1.000,1.000,LBR,0.000,0.000,0.000,null,0.000,FTQ,,,null,null,1,null,null,null,null,null,null,null,null,null,null,null,,,,null,,null,,0.000,null,0.0,0.000,null,null,0.0,null,null,null,null,null,null,null,0.000,null,0,0,null,0,null,null,null,null,null,null,null,null,0,null,null,null,0.000,0.0,null,0.000,null,0.000,0.000,null,,null,null,null,,,,null,null,null,null,null,null,null,null,null,null,null,null,null,null,null,,,,
000000009700052059,null,VERP,null,null,COMP20,C,HEADER THD HVAC CLR/ALUM CMB DISPLAY,EN,EA,,,null,,00,9700075246,999999999999,,null,,,,null,null,1.00 EA,null,,,,,,NORM,null,null,null,null,null,,,1.000,1.000,LBR,0.000,0.000,0.000,null,0.000,FTQ,,,null,null,1,null,null,null,null,null,null,null,null,null,null,null,,,,null,,null,,0.000,null,0.0,0.000,null,null,0.0,null,null,null,null,null,null,null,0.000,null,0,0,null,0,null,null,null,null,null,null,null,null,0,null,null,null,0.000,0.0,null,0.000,null,0.000,0.000,null,,null,null,null,,,,null,null,null,null,null,null,null,null,null,null,null,null,null,null,null,,,,
000000009700052060,null,VERP,null,null,COMP20,C,HEADER GEN ULTRA CL 147ML 8CS DISPLAY,EN,EA,,,null,,00,9700075334,999999999999,,null,,,,null,null,1.00 EA,null,,,,,,NORM,null,null,null,null,null,,,1.000,1.000,LBR,0.000,0.000,0.000,null,0.000,FTQ,,,null,null,1,null,null,null,null,null,null,null,null,null,null,null,,,,null,,null,,0.000,null,0.0,0.000,null,null,0.0,null,null,null,null,null,null,null,0.000,null,0,0,null,0,null,null,null,null,null,null,null,null,0,null,null,null,0.000,0.0,null,0.000,null,0.000,0.000,null,,null,null,null,,,,null,null,null,null,null,null,null,null,null,null,null,null,null,null,null,,,,
000000009700052061,null,VERP,null,null,COMP20,C,HEADER GEN DRAFT ATTACK 300M 8CS DISPLAY,EN,EA,,,null,,00,9700075334,999999999999,,null,,,,null,null,1.00 EA,null,,,,,,NORM,null,null,null,null,null,,,1.000,1.000,LBR,0.000,0.000,0.000,null,0.000,FTQ,,,null,null,1,null,null,null,null,null,null,null,null,null,null,null,,,,null,,null,,0.000,null,0.0,0.000,null,null,0.0,null,null,null,null,null,null,null,0.000,null,0,0,null,0,null,null,null,null,null,null,null,null,0,null,null,null,0.000,0.0,null,0.000,null,0.000,0.000,null,,null,null,null,,,,null,null,null,null,null,null,null,null,null,null,null,null,null,null,null,,,,
000000009700052072,null,VERP,null,null,COMP20,C,HEADER GEN KWIK SEAL ULTRA WH DISPLAY,EN,EA,,,null,,00,null,999999999999,,null,,,,null,null,1.00 EA,null,,,,,,NORM,null,null,null,null,null,,,1.000,1.000,LBR,0.000,0.000,0.000,null,0.000,FTQ,,,null,null,1,null,null,null,null,null,null,null,null,null,null,null,,,,null,,null,,0.000,null,0.0,0.000,null,null,0.0,null,null,null,null,null,null,null,0.000,null,0,0,null,0,null,null,null,null,null,null,null,null,0,null,null,null,0.000,0.0,null,0.000,null,0.000,0.000,null,,null,null,null,,,,null,null,null,null,null,null,null,null,null,null,null,null,null,null,null,,,,
000000009700052073,null,VERP,null,null,COMP20,C,HEADER GEN KWIK SEAL ULTRA CLR DISPLAY,EN,EA,,,null,,00,null,999999999999,,null,,,,null,null,1.00 EA,null,,,,,,NORM,null,null,null,null,null,,,1.000,1.000,LBR,0.000,0.000,0.000,null,0.000,FTQ,,,null,null,1,null,null,null,null,null,null,null,null,null,null,null,,,,null,,null,,0.000,null,0.0,0.000,null,null,0.0,null,null,null,null,null,null,null,0.000,null,0,0,null,0,null,null,null,null,null,null,null,null,0,null,null,null,0.000,0.0,null,0.000,null,0.000,0.000,null,,null,null,null,,,,null,null,null,null,null,null,null,null,null,null,null,null,null,null,null,,,,
000000009700052074,null,VERP,null,null,COMP20,C,HEADER GEN KWIK SEAL COMBO DISPLAY,EN,EA,,,null,,00,null,999999999999,,null,,,,null,null,1.00 EA,null,,,,,,NORM,null,null,null,null,null,,,1.000,1.000,LBR,0.000,0.000,0.000,null,0.000,FTQ,,,null,null,1,null,null,null,null,null,null,null,null,null,null,null,,,,null,,null,,0.000,null,0.0,0.000,null,null,0.0,null,null,null,null,null,null,null,0.000,null,0,0,null,0,null,null,null,null,null,null,null,null,0,null,null,null,0.000,0.0,null,0.000,null,0.000,0.000,null,,null,null,null,,,,null,null,null,null,null,null,null,null,null,null,null,null,null,null,null,,,,
000000009700052075,null,VERP,null,null,COMP20,C,HEADER GEN DYNAFL ULTRA WHT 8 DISPLAY,EN,EA,,,null,,00,null,999999999999,,null,,,,null,null,1.00 EA,null,,,,,,NORM,null,null,null,null,null,,,1.000,1.000,LBR,0.000,0.000,0.000,null,0.000,FTQ,,,null,null,1,null,null,null,null,null,null,null,null,null,null,null,,,,null,,null,,0.000,null,0.0,0.000,null,null,0.0,null,null,null,null,null,null,null,0.000,null,0,0,null,0,null,null,null,null,null,null,null,null,0,null,null,null,0.000,0.0,null,0.000,null,0.000,0.000,null,,null,null,null,,,,null,null,null,null,null,null,null,null,null,null,null,null,null,null,null,,,,
000000009700052076,null,VERP,null,null,COMP20,C,HEADER GEN DAP HOUSE WEATHERPRF DISPLAY,EN,EA,,,null,,00,null,999999999999,,null,,,,null,null,1.00 EA,null,,,,,,NORM,null,null,null,null,null,,,1.000,1.000,LBR,0.000,0.000,0.000,null,0.000,FTQ,,,null,null,1,null,null,null,null,null,null,null,null,null,null,null,,,,null,,null,,0.000,null,0.0,0.000,null,null,0.0,null,null,null,null,null,null,null,0.000,null,0,0,null,0,null,null,null,null,null,null,null,null,0,null,null,null,0.000,0.0,null,0.000,null,0.000,0.000,null,,null,null,null,,,,null,null,null,null,null,null,null,null,null,null,null,null,null,null,null,,,,
000000009700052077,null,VERP,null,null,COMP20,C,HEADER THD D230 CMB WHT/CLR 8CS DISPLAY,EN,EA,,,null,,00,null,999999999999,,null,,,,null,null,1.00 EA,null,,,,,,NORM,null,null,null,null,null,,,1.000,1.000,LBR,0.000,0.000,0.000,null,0.000,FTQ,,,null,null,1,null,null,null,null,null,null,null,null,null,null,null,,,,null,,null,,0.000,null,0.0,0.000,null,null,0.0,null,null,null,null,null,null,null,0.000,null,0,0,null,0,null,null,null,null,null,null,null,null,0,null,null,null,0.000,0.0,null,0.000,null,0.000,0.000,null,,null,null,null,,,,null,null,null,null,null,null,null,null,null,null,null,null,null,null,null,,,,
000000009700052194,null,VERP,null,null,COMP03,C,TUBE 147 ML CDA ULTRA CLEAR ALL PURPOSE,EN,EA,,,null,,00,9700049853,999999999999,,null,,,,null,null,1 EA,null,,,,,,NORM,null,null,null,null,null,,,0.040,0.040,LBR,0.000,0.000,0.000,null,0.000,FTQ,,,null,null,1,null,null,null,null,null,null,null,null,null,null,null,,,,null,,null,,0.000,null,0.0,0.000,null,null,0.0,null,null,null,null,null,null,null,0.000,null,0,0,null,0,null,null,null,null,null,null,null,null,0,null,null,null,0.000,0.0,null,0.000,null,0.000,0.000,null,,null,null,null,,,,null,null,null,null,null,null,null,null,null,null,null,null,null,null,null,,,,
000000009700052284,null,VERP,null,null,COMP19,C,SC 2-3.78L CDA DRYDEX PRE-PRNT,EN,EA,,,null,,00,9700047359,999999999999,,null,,,,null,null,1.00 EA,null,,,,,,NORM,null,null,null,null,null,,,0.510,0.510,LBR,0.000,0.000,0.000,null,0.000,FTQ,,,null,null,1,null,null,null,null,null,0001,null,null,null,null,null,,,,null,,null,,0.000,null,0.0,0.000,null,null,0.0,null,null,null,null,null,null,null,0.000,null,0,0,B,0,null,null,null,null,null,null,null,null,0,null,null,null,0.000,0.0,null,0.000,null,0.000,0.000,null,,null,null,null,,,,null,null,null,null,null,null,null,null,null,null,null,null,null,null,null,,,,
000000009700052828,null,VERP,null,null,COMP20,C,HEADER CDA CORR DRYDEX DISPLAY,EN,EA,,,null,,00,null,999999999999,,null,,,,null,null,1.00 EA,null,,,,,,NORM,null,null,null,null,null,,,1.000,1.000,LBR,0.000,0.000,0.000,null,0.000,FTQ,,,null,null,1,null,null,null,null,null,0001,null,null,null,null,null,,,,null,,null,,0.000,null,0.0,0.000,null,null,0.0,null,null,null,null,null,null,null,0.000,null,0,0,null,0,null,null,null,null,null,null,null,null,0,null,null,null,0.000,0.0,null,0.000,null,0.000,0.000,null,,null,null,null,,,,null,null,null,null,null,null,null,null,null,null,null,null,null,null,null,,,,
000000009700052985,null,VERP,null,null,COMP20,C,HEADER CDA THD CLEAR CMB 8CS,EN,EA,,,null,,00,null,999999999999,,null,,,,null,null,1.00 EA,null,,,,,,VERP,null,null,null,null,null,,,1.000,1.000,LBR,0.000,0.000,0.000,null,0.250,FTQ,,,null,null,null,null,null,null,null,null,null,null,null,null,null,null,,,,null,,null,,0.000,null,0.0,0.000,null,null,0.0,null,null,null,null,null,null,null,0.000,null,0,0,null,0,null,null,null,null,null,null,null,null,0,null,null,null,0.000,0.0,null,0.000,null,0.000,0.000,null,,null,null,null,,,,null,null,null,null,null,null,null,null,null,null,null,null,null,null,null,,,,
000000009700066548,null,VERP,null,null,COMP19,C,SC IMP KWIK SEAL NONDISPLAY,EN,EA,,,null,,00,null,999999999999,,null,,,,null,null,1.00 EA,null,,,,,,NORM,null,null,null,null,null,,,0.300,0.300,LBR,0.000,0.000,0.000,null,0.000,FTQ,,,null,null,1,null,null,null,null,null,0001,null,null,null,null,null,,,,null,,null,,0.000,null,0.0,0.000,null,null,0.0,null,null,null,null,null,null,null,0.000,null,0,0,B,0,null,null,null,null,null,null,null,null,0,null,null,null,0.000,0.0,null,0.000,null,0.000,0.000,null,,null,null,null,,,,null,null,null,null,null,null,null,null,null,null,null,null,null,null,null,,,,
000000009700066700,null,VERP,null,null,COMP04,C,MINI PALLET 24 X 24 (KELSO),EN,EA,,,null,,00,null,999999999999,,null,,,,null,null,1.00 EA,null,,,,,,NORM,null,null,null,null,null,,,17.000,17.000,LBR,0.000,0.000,0.000,null,0.000,FTQ,,,null,null,1,null,null,null,null,null,0001,null,null,null,null,null,,,,null,,null,,0.000,null,0.0,0.000,null,null,0.0,null,null,null,null,null,null,null,0.000,null,0,0,null,0,null,null,null,null,null,null,null,null,0,null,null,null,0.000,0.0,null,0.000,null,0.000,0.000,null,,null,null,null,,,,null,null,null,null,null,null,null,null,null,null,null,null,null,null,null,,,,
000000009700074237,null,UNBW,null,null,COMP20,C,HEADER CDA SILICONE+ 10% W&D,EN,EA,,,null,,00,null,999999999999,,null,,,,null,null,null,null,,,,,,null,null,null,null,null,null,,,1.000,1.000,LBR,0.000,0.000,0.000,null,0.025,FTQ,,,null,null,1,null,null,null,null,null,0001,null,null,null,null,null,,,,null,,null,,0.000,null,0.0,0.000,null,null,0.0,null,null,null,null,null,null,null,0.000,null,0,0,null,0,null,null,null,null,null,null,null,null,0,null,null,null,0.000,0.0,null,0.000,null,0.000,0.000,null,,null,null,null,,,,null,null,null,null,null,null,null,null,null,null,null,null,null,null,null,,,,
000000009700074238,null,UNBW,null,null,COMP20,C,HEADER CDA SILICONE+ 10% K&B,EN,EA,,,null,,00,null,999999999999,,null,,,,null,null,null,null,,,,,,null,null,null,null,null,null,,,1.000,1.000,LBR,0.000,0.000,0.000,null,0.025,FTQ,,,null,null,1,null,null,null,null,null,0001,null,null,null,null,null,,,,null,,null,,0.000,null,0.0,0.000,null,null,0.0,null,null,null,null,null,null,null,0.000,null,0,0,null,0,null,null,null,null,null,null,null,null,0,null,null,null,0.000,0.0,null,0.000,null,0.000,0.000,null,,null,null,null,,,,null,null,null,null,null,null,null,null,null,null,null,null,null,null,null,,,,
000000009700074437,null,UNBW,null,null,COMP04,C,QUARTER PALLET 24 X 24 (CDA),EN,EA,,,null,,00,null,999999999999,,null,,,,null,null,1.00 EA,null,,,,,,NORM,null,null,null,null,null,,,17.000,17.000,LBR,0.000,0.000,0.000,null,0.000,FTQ,,,null,null,1,null,null,null,null,null,null,null,null,null,null,null,,,,null,,null,,0.000,null,0.0,0.000,null,null,0.0,null,null,null,null,null,null,null,0.000,null,0,0,null,0,null,null,null,null,null,null,null,null,0,null,null,null,0.000,0.0,null,0.000,null,0.000,0.000,null,,null,null,null,,,,null,null,null,null,null,null,null,null,null,null,null,null,null,null,null,,,,
000000009700074438,null,UNBW,null,null,COMP20,C,BASE STANDARD 300 ML,EN,EA,,,null,,00,null,999999999999,,null,,,,null,null,1.00 EA,null,,,,,,NORM,null,null,null,null,null,,,0.500,0.500,LBR,0.000,0.000,0.000,null,0.250,FTQ,,,null,null,1,null,null,null,null,null,0001,null,null,null,null,null,,,,null,,null,,0.000,null,0.0,0.000,null,null,0.0,null,null,null,null,null,null,null,0.000,null,0,0,null,0,null,null,null,null,null,null,null,null,0,null,null,null,0.000,0.0,null,0.000,null,0.000,0.000,null,,null,null,null,,,,null,null,null,null,null,null,null,null,null,null,null,null,null,null,null,,,,
000000009700074439,null,UNBW,null,null,COMP20,C,BASE DAPTEX,EN,EA,,,null,,00,null,999999999999,,null,,,,null,null,1.00 EA,null,,,,,,NORM,null,null,null,null,null,,,0.500,0.500,LBR,0.000,0.000,0.000,null,0.000,FTQ,,,null,null,1,null,null,null,null,null,null,null,null,null,null,null,,,,null,,null,,0.000,null,0.0,0.000,null,null,0.0,null,null,null,null,null,null,null,0.000,null,0,0,null,0,null,null,null,null,null,null,null,null,0,null,null,null,0.000,0.0,null,0.000,null,0.000,0.000,null,,null,null,null,,,,null,null,null,null,null,null,null,null,null,null,null,null,null,null,null,,,,
000000009700074440,null,UNBW,null,null,COMP20,C,BASE SMARTBOND,EN,EA,,,null,,00,null,999999999999,,null,,,,null,null,1.00 EA,null,,,,,,NORM,null,null,null,null,null,,,0.500,0.500,LBR,0.000,0.000,0.000,null,0.000,FTQ,,,null,null,1,null,null,null,null,null,null,null,null,null,null,null,,,,null,,null,,0.000,null,0.0,0.000,null,null,0.0,null,null,null,null,null,null,null,0.000,null,0,0,null,0,null,null,null,null,null,null,null,null,0,null,null,null,0.000,0.0,null,0.000,null,0.000,0.000,null,,null,null,null,,,,null,null,null,null,null,null,null,null,null,null,null,null,null,null,null,,,,
000000009700074441,null,UNBW,null,null,COMP20,C,BASE ALEX PLUS 3O PACK,EN,EA,,,null,,00,null,999999999999,,null,,,,null,null,1.00 EA,null,,,,,,NORM,null,null,null,null,null,,,0.500,0.500,LBR,0.000,0.000,0.000,null,0.000,FTQ,,,null,null,1,null,null,null,null,null,0001,null,null,null,null,null,,,,null,,null,,0.000,null,0.0,0.000,null,null,0.0,null,null,null,null,null,null,null,0.000,null,0,0,null,0,null,null,null,null,null,null,null,null,0,null,null,null,0.000,0.0,null,0.000,null,0.000,0.000,null,,null,null,null,,,,null,null,null,null,null,null,null,null,null,null,null,null,null,null,null,,,,
000000009700074442,null,UNBW,null,null,COMP20,C,BASE DRYDEX REPAIR KIT,EN,EA,,,null,,00,null,999999999999,,null,,,,null,null,1.00 EA,null,,,,,,NORM,null,null,null,null,null,,,0.500,0.500,LBR,0.000,0.000,0.000,null,0.000,FTQ,,,null,null,1,null,null,null,null,null,null,null,null,null,null,null,,,,null,,null,,0.000,null,0.0,0.000,null,null,0.0,null,null,null,null,null,null,null,0.000,null,0,0,null,0,null,null,null,null,null,null,null,null,0,null,null,null,0.000,0.0,null,0.000,null,0.000,0.000,null,,null,null,null,,,,null,null,null,null,null,null,null,null,null,null,null,null,null,null,null,,,,
000000009700074443,null,UNBW,null,null,COMP20,C,BASE FOAM,EN,EA,,,null,,00,null,999999999999,,null,,,,null,null,1.00 EA,null,,,,,,NORM,null,null,null,null,null,,,0.500,0.500,LBR,0.000,0.000,0.000,null,0.000,FTQ,,,null,null,1,null,null,null,null,null,null,null,null,null,null,null,,,,null,,null,,0.000,null,0.0,0.000,null,null,0.0,null,null,null,null,null,null,null,0.000,null,0,0,null,0,null,null,null,null,null,null,null,null,0,null,null,null,0.000,0.0,null,0.000,null,0.000,0.000,null,,null,null,null,,,,null,null,null,null,null,null,null,null,null,null,null,null,null,null,null,,,,
000000009700074444,null,UNBW,null,null,COMP20,C,BASE DAP HOUSE,EN,EA,,,null,,00,null,999999999999,,null,,,,null,null,1.00 EA,null,,,,,,NORM,null,null,null,null,null,,,0.500,0.500,LBR,0.000,0.000,0.000,null,0.000,FTQ,,,null,null,1,null,null,null,null,null,0001,null,null,null,null,null,,,,null,,null,,0.000,null,0.0,0.000,null,null,0.0,null,null,null,null,null,null,null,0.000,null,0,0,null,0,null,null,null,null,null,null,null,null,0,null,null,null,0.000,0.0,null,0.000,null,0.000,0.000,null,,null,null,null,,,,null,null,null,null,null,null,null,null,null,null,null,null,null,null,null,,,,
000000009700074445,null,UNBW,null,null,COMP20,C,HEADER ALEX PLUS 10% MORE (BASE 74438),EN,EA,,,null,,00,null,999999999999,,null,,,,null,null,1.00 EA,null,,,,,,NORM,null,null,null,null,null,,,1.000,1.000,LBR,0.000,0.000,0.000,null,0.000,FTQ,,,null,null,1,null,null,null,null,null,null,null,null,null,null,null,,,,null,,null,,0.000,null,0.0,0.000,null,null,0.0,null,null,null,null,null,null,null,0.000,null,0,0,null,0,null,null,null,null,null,null,null,null,0,null,null,null,0.000,0.0,null,0.000,null,0.000,0.000,null,,null,null,null,,,,null,null,null,null,null,null,null,null,null,null,null,null,null,null,null,,,,
000000009700074446,null,UNBW,null,null,COMP20,C,HEADER ALEX PLUS 10% MORE (BASE 74441),EN,EA,,,null,,00,null,999999999999,,null,,,,null,null,1.00 EA,null,,,,,,NORM,null,null,null,null,null,,,1.000,1.000,LBR,0.000,0.000,0.000,null,0.000,FTQ,,,null,null,1,null,null,null,null,null,null,null,null,null,null,null,,,,null,,null,,0.000,null,0.0,0.000,null,null,0.0,null,null,null,null,null,null,null,0.000,null,0,0,null,0,null,null,null,null,null,null,null,null,0,null,null,null,0.000,0.0,null,0.000,null,0.000,0.000,null,,null,null,null,,,,null,null,null,null,null,null,null,null,null,null,null,null,null,null,null,,,,
000000009700074447,null,UNBW,null,null,COMP20,C,HEADER ALEX PLUS (BASE 74438),EN,EA,,,null,,00,null,999999999999,,null,,,,null,null,1.00 EA,null,,,,,,NORM,null,null,null,null,null,,,1.000,1.000,LBR,0.000,0.000,0.000,null,0.000,FTQ,,,null,null,1,null,null,null,null,null,0001,null,null,null,null,null,,,,null,,null,,0.000,null,0.0,0.000,null,null,0.0,null,null,null,null,null,null,null,0.000,null,0,0,null,0,null,null,null,null,null,null,null,null,0,null,null,null,0.000,0.0,null,0.000,null,0.000,0.000,null,,null,null,null,,,,null,null,null,null,null,null,null,null,null,null,null,null,null,null,null,,,,
000000009700074448,null,UNBW,null,null,COMP20,C,HEADER ALEX FAST DRY (BASE 74438),EN,EA,,,null,,00,null,999999999999,,null,,,,null,null,1.00 EA,null,,,,,,NORM,null,null,null,null,null,,,1.000,1.000,LBR,0.000,0.000,0.000,null,0.000,FTQ,,,null,null,1,null,null,null,null,null,0001,null,null,null,null,null,,,,null,,null,,0.000,null,0.0,0.000,null,null,0.0,null,null,null,null,null,null,null,0.000,null,0,0,null,0,null,null,null,null,null,null,null,null,0,null,null,null,0.000,0.0,null,0.000,null,0.000,0.000,null,,null,null,null,,,,null,null,null,null,null,null,null,null,null,null,null,null,null,null,null,,,,
000000009700074449,null,UNBW,null,null,COMP20,C,HEADER DYNAFLEX 230 (BASE 74438),EN,EA,,,null,,00,null,999999999999,,null,,,,null,null,1.00 EA,null,,,,,,NORM,null,null,null,null,null,,,1.000,1.000,LBR,0.000,0.000,0.000,null,0.250,FTQ,,,null,null,1,null,null,null,null,null,0001,null,null,null,null,null,,,,null,,null,,0.000,null,0.0,0.000,null,null,0.0,null,null,null,null,null,null,null,0.000,null,0,0,null,0,null,null,null,null,null,null,null,null,0,null,null,null,0.000,0.0,null,0.000,null,0.000,0.000,null,,null,null,null,,,,null,null,null,null,null,null,null,null,null,null,null,null,null,null,null,,,,
000000009700074450,null,UNBW,null,null,COMP20,C,HEADER ALEX FLEX (BASE 74438),EN,EA,,,null,,00,null,999999999999,,null,,,,null,null,1.00 EA,null,,,,,,NORM,null,null,null,null,null,,,1.000,1.000,LBR,0.000,0.000,0.000,null,0.000,FTQ,,,null,null,1,null,null,null,null,null,0001,null,null,null,null,null,,,,null,,null,,0.000,null,0.0,0.000,null,null,0.0,null,null,null,null,null,null,null,0.000,null,0,0,null,0,null,null,null,null,null,null,null,null,0,null,null,null,0.000,0.0,null,0.000,null,0.000,0.000,null,,null,null,null,,,,null,null,null,null,null,null,null,null,null,null,null,null,null,null,null,,,,
000000009700074451,null,UNBW,null,null,COMP20,C,HEADER SILICONE PLUS W&D (BASE 74438),EN,EA,,,null,,00,null,999999999999,,null,,,,null,null,1.00 EA,null,,,,,,NORM,null,null,null,null,null,,,1.000,1.000,LBR,0.000,0.000,0.000,null,0.250,FTQ,,,null,null,1,null,null,null,null,null,0001,null,null,null,null,null,,,,null,,null,,0.000,null,0.0,0.000,null,null,0.0,null,null,null,null,null,null,null,0.000,null,0,0,null,0,null,null,null,null,null,null,null,null,0,null,null,null,0.000,0.0,null,0.000,null,0.000,0.000,null,,null,null,null,,,,null,null,null,null,null,null,null,null,null,null,null,null,null,null,null,,,,
000000009700074452,null,UNBW,null,null,COMP20,C,HEADER SILICONE PLUS K&B (BASE 74438),EN,EA,,,null,,00,null,999999999999,,null,,,,null,null,1.00 EA,null,,,,,,NORM,null,null,null,null,null,,,1.000,1.000,LBR,0.000,0.000,0.000,null,0.000,FTQ,,,null,null,1,null,null,null,null,null,null,null,null,null,null,null,,,,null,,null,,0.000,null,0.0,0.000,null,null,0.0,null,null,null,null,null,null,null,0.000,null,0,0,null,0,null,null,null,null,null,null,null,null,0,null,null,null,0.000,0.0,null,0.000,null,0.000,0.000,null,,null,null,null,,,,null,null,null,null,null,null,null,null,null,null,null,null,null,null,null,,,,
000000009700074453,null,UNBW,null,null,COMP20,C,HEADER GENERAL DAP 3.0 (BASE 74438),EN,EA,,,null,,00,null,999999999999,,null,,,,null,null,1.00 EA,null,,,,,,NORM,null,null,null,null,null,,,1.000,1.000,LBR,0.000,0.000,0.000,null,0.000,FTQ,,,null,null,1,null,null,null,null,null,null,null,null,null,null,null,,,,null,,null,,0.000,null,0.0,0.000,null,null,0.0,null,null,null,null,null,null,null,0.000,null,0,0,null,0,null,null,null,null,null,null,null,null,0,null,null,null,0.000,0.0,null,0.000,null,0.000,0.000,null,,null,null,null,,,,null,null,null,null,null,null,null,null,null,null,null,null,null,null,null,,,,
000000009700074454,null,UNBW,null,null,COMP20,C,HEADER MONO ULTRA K&B (BASE 74438),EN,EA,,,null,,00,null,999999999999,,null,,,,null,null,1.00 EA,null,,,,,,NORM,null,null,null,null,null,,,1.000,1.000,LBR,0.000,0.000,0.000,null,0.000,FTQ,,,null,null,1,null,null,null,null,null,null,null,null,null,null,null,,,,null,,null,,0.000,null,0.0,0.000,null,null,0.0,null,null,null,null,null,null,null,0.000,null,0,0,null,0,null,null,null,null,null,null,null,null,0,null,null,null,0.000,0.0,null,0.000,null,0.000,0.000,null,,null,null,null,,,,null,null,null,null,null,null,null,null,null,null,null,null,null,null,null,,,,
000000009700074455,null,UNBW,null,null,COMP20,C,HEADER MONO ULTRA EXT (BASE 74438),EN,EA,,,null,,00,null,999999999999,,null,,,,null,null,1.00 EA,null,,,,,,NORM,null,null,null,null,null,,,1.000,1.000,LBR,0.000,0.000,0.000,null,0.000,FTQ,,,null,null,1,null,null,null,null,null,null,null,null,null,null,null,,,,null,,null,,0.000,null,0.0,0.000,null,null,0.0,null,null,null,null,null,null,null,0.000,null,0,0,null,0,null,null,null,null,null,null,null,null,0,null,null,null,0.000,0.0,null,0.000,null,0.000,0.000,null,,null,null,null,,,,null,null,null,null,null,null,null,null,null,null,null,null,null,null,null,,,,
000000009700074456,null,UNBW,null,null,COMP20,C,HEADER MONO FOAM (BASE 74443),EN,EA,,,null,,00,null,999999999999,,null,,,,null,null,1.00 EA,null,,,,,,NORM,null,null,null,null,null,,,1.000,1.000,LBR,0.000,0.000,0.000,null,0.000,FTQ,,,null,null,1,null,null,null,null,null,null,null,null,null,null,null,,,,null,,null,,0.000,null,0.0,0.000,null,null,0.0,null,null,null,null,null,null,null,0.000,null,0,0,null,0,null,null,null,null,null,null,null,null,0,null,null,null,0.000,0.0,null,0.000,null,0.000,0.000,null,,null,null,null,,,,null,null,null,null,null,null,null,null,null,null,null,null,null,null,null,,,,
000000009700074457,null,UNBW,null,null,COMP20,C,HEADER DRYDEX REPAIR KIT (BASE 74442),EN,EA,,,null,,00,null,999999999999,,null,,,,null,null,1.00 EA,null,,,,,,NORM,null,null,null,null,null,,,1.000,1.000,LBR,0.000,0.000,0.000,null,0.000,FTQ,,,null,null,1,null,null,null,null,null,null,null,null,null,null,null,,,,null,,null,,0.000,null,0.0,0.000,null,null,0.0,null,null,null,null,null,null,null,0.000,null,0,0,null,0,null,null,null,null,null,null,null,null,0,null,null,null,0.000,0.0,null,0.000,null,0.000,0.000,null,,null,null,null,,,,null,null,null,null,null,null,null,null,null,null,null,null,null,null,null,,,,
000000009700074458,null,UNBW,null,null,COMP20,C,HEADER DAPTEX (BASE 74439),EN,EA,,,null,,00,null,999999999999,,null,,,,null,null,1.00 EA,null,,,,,,NORM,null,null,null,null,null,,,1.000,1.000,LBR,0.000,0.000,0.000,null,0.000,FTQ,,,null,null,1,null,null,null,null,null,null,null,null,null,null,null,,,,null,,null,,0.000,null,0.0,0.000,null,null,0.0,null,null,null,null,null,null,null,0.000,null,0,0,null,0,null,null,null,null,null,null,null,null,0,null,null,null,0.000,0.0,null,0.000,null,0.000,0.000,null,,null,null,null,,,,null,null,null,null,null,null,null,null,null,null,null,null,null,null,null,,,,
000000009700074459,null,UNBW,null,null,COMP20,C,HEADER SMARTBOND (BASE 74440),EN,EA,,,null,,00,null,999999999999,,null,,,,null,null,1.00 EA,null,,,,,,NORM,null,null,null,null,null,,,1.000,1.000,LBR,0.000,0.000,0.000,null,0.000,FTQ,,,null,null,1,null,null,null,null,null,null,null,null,null,null,null,,,,null,,null,,0.000,null,0.0,0.000,null,null,0.0,null,null,null,null,null,null,null,0.000,null,0,0,null,0,null,null,null,null,null,null,null,null,0,null,null,null,0.000,0.0,null,0.000,null,0.000,0.000,null,,null,null,null,,,,null,null,null,null,null,null,null,null,null,null,null,null,null,null,null,,,,
000000009700074460,null,UNBW,null,null,COMP20,C,HEADER DAP HOUSE (BASE 74444),EN,EA,,,null,,00,null,999999999999,,null,,,,null,null,1.00 EA,null,,,,,,NORM,null,null,null,null,null,,,1.000,1.000,LBR,0.000,0.000,0.000,null,0.000,FTQ,,,null,null,1,null,null,null,null,null,null,null,null,null,null,null,,,,null,,null,,0.000,null,0.0,0.000,null,null,0.0,null,null,null,null,null,null,null,0.000,null,0,0,null,0,null,null,null,null,null,null,null,null,0,null,null,null,0.000,0.0,null,0.000,null,0.000,0.000,null,,null,null,null,,,,null,null,null,null,null,null,null,null,null,null,null,null,null,null,null,,,,
000000009700074542,null,UNBW,null,null,COMP20,C,HEADER CDA ALEX PAINTERS TWIN PK,EN,EA,,,null,,00,null,999999999999,,null,,,,null,null,1.00 EA,null,,,,,,NORM,null,null,null,null,null,,,1.000,1.000,LBR,0.000,0.000,0.000,null,0.000,FTQ,,,null,null,1,null,null,null,null,null,null,null,null,null,null,null,,,,null,,null,,0.000,null,0.0,0.000,null,null,0.0,null,null,null,null,null,null,null,0.000,null,0,0,null,0,null,null,null,null,null,null,null,null,0,null,null,null,0.000,0.0,null,0.000,null,0.000,0.000,null,,null,null,null,,,,null,null,null,null,null,null,null,null,null,null,null,null,null,null,null,,,,
000000009700074545,null,UNBW,null,null,LIT01,C,POP SIGNAGE SPEC LINE WINDOW WARRANTY,EN,EA,,,null,,00,null,999999999999,,null,,,,null,null,1.00 EA,null,,,,,,null,null,null,null,null,null,,,1.000,0.750,LBR,0.000,0.000,0.000,null,0.130,FTQ,,,null,null,1,null,null,null,null,null,0001,null,null,null,null,null,,,,null,,null,,0.000,null,0.0,0.000,null,null,0.0,null,null,null,null,null,null,null,0.000,null,0,0,null,0,null,null,null,null,null,null,null,null,0,null,null,null,0.000,0.0,null,0.000,null,0.000,0.000,null,,null,null,null,,,,null,null,null,null,null,null,null,null,null,null,null,null,null,null,null,,,,
000000009700074546,null,UNBW,null,null,COMP20,C,BASE CDA SQUEEZE TUBE 4 CASE,EN,EA,,,null,,00,null,999999999999,,null,,,,null,null,1.00 EA,null,,,,,,NORM,null,null,null,null,null,,,0.500,0.500,LBR,0.000,0.000,0.000,null,0.000,FTQ,,,null,null,1,null,null,null,null,null,null,null,null,null,null,null,,,,null,,null,,0.000,null,0.0,0.000,null,null,0.0,null,null,null,null,null,null,null,0.000,null,0,0,null,0,null,null,null,null,null,null,null,null,0,null,null,null,0.000,0.0,null,0.000,null,0.000,0.000,null,,null,null,null,,,,null,null,null,null,null,null,null,null,null,null,null,null,null,null,null,,,,
000000009700074547,null,UNBW,null,null,COMP20,C,HEADER CDA KSU MIXED DISPLAY,EN,EA,,,null,,00,null,999999999999,,null,,,,null,null,1.00 EA,null,,,,,,NORM,null,null,null,null,null,,,1.000,1.000,LBR,0.000,0.000,0.000,null,0.000,FTQ,,,null,null,1,null,null,null,null,null,null,null,null,null,null,null,,,,null,,null,,0.000,null,0.0,0.000,null,null,0.0,null,null,null,null,null,null,null,0.000,null,0,0,null,0,null,null,null,null,null,null,null,null,0,null,null,null,0.000,0.0,null,0.000,null,0.000,0.000,null,,null,null,null,,,,null,null,null,null,null,null,null,null,null,null,null,null,null,null,null,,,,
000000009700074548,null,UNBW,null,null,COMP20,C,HEADER CDA DRAFT ATTACK 162ML DISPLAY,EN,EA,,,null,,00,null,999999999999,,null,,,,null,null,1.00 EA,null,,,,,,NORM,null,null,null,null,null,,,1.000,1.000,LBR,0.000,0.000,0.000,null,0.000,FTQ,,,null,null,1,null,null,null,null,null,null,null,null,null,null,null,,,,null,,null,,0.000,null,0.0,0.000,null,null,0.0,null,null,null,null,null,null,null,0.000,null,0,0,null,0,null,null,null,null,null,null,null,null,0,null,null,null,0.000,0.0,null,0.000,null,0.000,0.000,null,,null,null,null,,,,null,null,null,null,null,null,null,null,null,null,null,null,null,null,null,,,,
000000009700074556,null,UNBW,null,null,COMP20,C,BASE CDA MONO FOAM LRG GAP 33% MORE,EN,EA,,,null,,00,null,999999999999,,null,,,,null,null,1.00 EA,null,,,,,,NORM,null,null,null,null,null,,,0.500,0.500,LBR,0.000,0.000,0.000,null,0.000,FTQ,,,null,null,1,null,null,null,null,null,null,null,null,null,null,null,,,,null,,null,,0.000,null,0.0,0.000,null,null,0.0,null,null,null,null,null,null,null,0.000,null,0,0,null,0,null,null,null,null,null,null,null,null,0,null,null,null,0.000,0.0,null,0.000,null,0.000,0.000,null,,null,null,null,,,,null,null,null,null,null,null,null,null,null,null,null,null,null,null,null,,,,
000000009700074557,null,UNBW,null,null,COMP20,C,HEADER CDA MONO FOAM LRG GAP 33% MORE,EN,EA,,,null,,00,null,999999999999,,null,,,,null,null,1.00 EA,null,,,,,,NORM,null,null,null,null,null,,,1.000,1.000,LBR,0.000,0.000,0.000,null,0.000,FTQ,,,null,null,1,null,null,null,null,null,null,null,null,null,null,null,,,,null,,null,,0.000,null,0.0,0.000,null,null,0.0,null,null,null,null,null,null,null,0.000,null,0,0,null,0,null,null,null,null,null,null,null,null,0,null,null,null,0.000,0.0,null,0.000,null,0.000,0.000,null,,null,null,null,,,,null,null,null,null,null,null,null,null,null,null,null,null,null,null,null,,,,
000000009700074580,null,UNBW,null,null,COMP20,C,HEADER CDA DRAFT ATTACK 300ML,EN,EA,,,null,,00,null,999999999999,,null,,,,null,null,1.00 EA,null,,,,,,NORM,null,null,null,null,null,,,1.000,1.000,LBR,0.000,0.000,0.000,null,0.000,FTQ,,,null,null,1,null,null,null,null,null,null,null,null,null,null,null,,,,null,,null,,0.000,null,0.0,0.000,null,null,0.0,null,null,null,null,null,null,null,0.000,null,0,0,null,0,null,null,null,null,null,null,null,null,0,null,null,null,0.000,0.0,null,0.000,null,0.000,0.000,null,,null,null,null,,,,null,null,null,null,null,null,null,null,null,null,null,null,null,null,null,,,,
000000009700074584,null,UNBW,null,null,COMP20,C,BASE CDA DRYDEX/CRACKSHOT 946ML 12CS,EN,EA,,,null,,00,null,999999999999,,null,,,,null,null,1.00 EA,null,,,,,,NORM,null,null,null,null,null,,,0.500,0.500,LBR,0.000,0.000,0.000,null,0.250,FTQ,,,null,null,1,null,null,null,null,null,0001,null,null,null,null,null,,,,null,,null,,0.000,null,0.0,0.000,null,null,0.0,null,null,null,null,null,null,null,0.000,null,0,0,null,0,null,null,null,null,null,null,null,null,0,null,null,null,0.000,0.0,null,0.000,null,0.000,0.000,null,,null,null,null,,,,null,null,null,null,null,null,null,null,null,null,null,null,null,null,null,,,,
000000009700074585,null,UNBW,null,null,COMP20,C,HEADER CDA DRYDEX 946ML 12 CS DISPLAY,EN,EA,,,null,,00,null,999999999999,,null,,,,null,null,1.00 EA,null,,,,,,NORM,null,null,null,null,null,,,1.000,1.000,LBR,0.000,0.000,0.000,null,0.250,FTQ,,,null,null,1,null,null,null,null,null,0001,null,null,null,null,null,,,,null,,null,,0.000,null,0.0,0.000,null,null,0.0,null,null,null,null,null,null,null,0.000,null,0,0,null,0,null,null,null,null,null,null,null,null,0,null,null,null,0.000,0.0,null,0.000,null,0.000,0.000,null,,null,null,null,,,,null,null,null,null,null,null,null,null,null,null,null,null,null,null,null,,,,
000000009700074586,null,UNBW,null,null,COMP20,C,HEADER CDA ALEX PLUS 30PK 8CS DISPLAY,EN,EA,,,null,,00,null,999999999999,,null,,,,null,null,1.00 EA,null,,,,,,NORM,null,null,null,null,null,,,1.000,1.000,LBR,0.000,0.000,0.000,null,0.250,FTQ,,,null,null,1,null,null,null,null,null,0001,null,null,null,null,null,,,,null,,null,,0.000,null,0.0,0.000,null,null,0.0,null,null,null,null,null,null,null,0.000,null,0,0,null,0,null,null,null,null,null,null,null,null,0,null,null,null,0.000,0.0,null,0.000,null,0.000,0.000,null,,null,null,null,,,,null,null,null,null,null,null,null,null,null,null,null,null,null,null,null,,,,
000000009700074596,null,UNBW,null,null,COMP20,C,HEADER CDA MONO SILICONE PRO KB W/C/A,EN,EA,,,null,,00,null,999999999999,,null,,,,null,null,1.00 EA,null,,,,,,NORM,null,null,null,null,null,,,1.000,1.000,LBR,0.000,0.000,0.000,null,0.000,FTQ,,,null,null,1,null,null,null,null,null,null,null,null,null,null,null,,,,null,,null,,0.000,null,0.0,0.000,null,null,0.0,null,null,null,null,null,null,null,0.000,null,0,0,null,0,null,null,null,null,null,null,null,null,0,null,null,null,0.000,0.0,null,0.000,null,0.000,0.000,null,,null,null,null,,,,null,null,null,null,null,null,null,null,null,null,null,null,null,null,null,,,,
000000009700074613,null,UNBW,null,null,COMP20,C,HEADER CDA MONO SILICONE PRO WD WHT/CLR,EN,EA,,,null,,00,null,999999999999,,null,,,,null,null,1.00 EA,null,,,,,,NORM,null,null,null,null,null,,,1.000,1.000,LBR,0.000,0.000,0.000,null,0.000,FTQ,,,null,null,1,null,null,null,null,null,0001,null,null,null,null,null,,,,null,,null,,0.000,null,0.0,0.000,null,null,0.0,null,null,null,null,null,null,null,0.000,null,0,0,null,0,null,null,null,null,null,null,null,null,0,null,null,null,0.000,0.0,null,0.000,null,0.000,0.000,null,,null,null,null,,,,null,null,null,null,null,null,null,null,null,null,null,null,null,null,null,,,,
000000009700074736,null,UNBW,null,null,COMP20,C,HEADER CDA DRAFT ATTACK 300ML DISPLAY,EN,EA,,,null,,00,null,999999999999,,null,,,,null,null,1.00 EA,null,,,,,,NORM,null,null,null,null,null,,,1.000,1.000,LBR,0.000,0.000,0.000,null,0.250,FTQ,,,null,null,1,null,null,null,null,null,0001,null,null,null,null,null,,,,null,,null,,0.000,null,0.0,0.000,null,null,0.0,null,null,null,null,null,null,null,0.000,null,0,0,null,0,null,null,null,null,null,null,null,null,0,null,null,null,0.000,0.0,null,0.000,null,0.000,0.000,null,,null,null,null,,,,null,null,null,null,null,null,null,null,null,null,null,null,null,null,null,,,,
000000009700074737,null,UNBW,null,null,COMP20,C,HEADER CDA CRACKSHOT 946ML,EN,EA,,,null,,00,null,999999999999,,null,,,,null,null,1.00 EA,null,,,,,,NORM,null,null,null,null,null,,,1.000,1.000,LBR,0.000,0.000,0.000,null,0.250,FTQ,,,null,null,1,null,null,null,null,null,0001,null,null,null,null,null,,,,null,,null,,0.000,null,0.0,0.000,null,null,0.0,null,null,null,null,null,null,null,0.000,null,0,0,null,0,null,null,null,null,null,null,null,null,0,null,null,null,0.000,0.0,null,0.000,null,0.000,0.000,null,,null,null,null,,,,null,null,null,null,null,null,null,null,null,null,null,null,null,null,null,,,,
000000009700074752,null,UNBW,null,null,COMP20,C,BASE SUPPORT CDA DRYDEX REPAIR KIT,EN,EA,,,null,,00,null,999999999999,,null,,,,null,null,1.00 EA,null,,,,,,NORM,null,null,null,null,null,,,0.500,0.500,LBR,0.000,0.000,0.000,null,0.000,FTQ,,,null,null,1,null,null,null,null,null,null,null,null,null,null,null,,,,null,,null,,0.000,null,0.0,0.000,null,null,0.0,null,null,null,null,null,null,null,0.000,null,0,0,null,0,null,null,null,null,null,null,null,null,0,null,null,null,0.000,0.0,null,0.000,null,0.000,0.000,null,,null,null,null,,,,null,null,null,null,null,null,null,null,null,null,null,null,null,null,null,,,,
000000009700074753,null,UNBW,null,null,COMP20,C,BASE SUPPORT CDA CRACKSHOT 946ML DISPLAY,EN,EA,,,null,,00,null,999999999999,,null,,,,null,null,1.00 EA,null,,,,,,NORM,null,null,null,null,null,,,0.500,0.500,LBR,0.000,0.000,0.000,null,0.000,FTQ,,,null,null,1,null,null,null,null,null,0001,null,null,null,null,null,,,,null,,null,,0.000,null,0.0,0.000,null,null,0.0,null,null,null,null,null,null,null,0.000,null,0,0,null,0,null,null,null,null,null,null,null,null,0,null,null,null,0.000,0.0,null,0.000,null,0.000,0.000,null,,null,null,null,,,,null,null,null,null,null,null,null,null,null,null,null,null,null,null,null,,,,
000000009700074770,null,UNBW,null,null,COMP20,C,HEADER CDA MONO SILICONE MAX TWIN PK,EN,EA,,,null,,00,null,999999999999,,null,,,,null,null,1.00 EA,null,,,,,,NORM,null,null,null,null,null,,,1.000,1.000,LBR,0.000,0.000,0.000,null,0.250,FTQ,,,null,null,1,null,null,null,null,null,0001,null,null,null,null,null,,,,null,,null,,0.000,null,0.0,0.000,null,null,0.0,null,null,null,null,null,null,null,0.000,null,0,0,null,0,null,null,null,null,null,null,null,null,0,null,null,null,0.000,0.0,null,0.000,null,0.000,0.000,null,,null,null,null,,,,null,null,null,null,null,null,null,null,null,null,null,null,null,null,null,,,,
000000009700074771,null,UNBW,null,null,COMP20,C,BASE SUPPORT CDA MONO MAX TWIN PK 8CS,EN,EA,,,null,,00,null,999999999999,,null,,,,null,null,1.00 EA,null,,,,,,NORM,null,null,null,null,null,,,0.500,0.500,LBR,0.000,0.000,0.000,null,0.250,FTQ,,,null,null,1,null,null,null,null,null,0001,null,null,null,null,null,,,,null,,null,,0.000,null,0.0,0.000,null,null,0.0,null,null,null,null,null,null,null,0.000,null,0,0,null,0,null,null,null,null,null,null,null,null,0,null,null,null,0.000,0.0,null,0.000,null,0.000,0.000,null,,null,null,null,,,,null,null,null,null,null,null,null,null,null,null,null,null,null,null,null,,,,
000000009700074852,null,VERP,null,null,COMP20,C,HEADER CDA FAST N FINAL DISPLAY,EN,EA,,,null,,00,null,999999999999,,null,,,,null,null,1.00 EA,null,,,,,,NORM,null,null,null,null,null,,,1.000,1.000,LBR,0.000,0.000,0.000,null,0.250,FTQ,,,null,null,1,null,null,null,null,null,0001,null,null,null,null,null,,,,null,,null,,0.000,null,0.0,0.000,null,null,0.0,null,null,null,null,null,null,null,0.000,null,0,0,null,0,null,null,null,null,null,null,null,null,0,null,null,null,0.000,0.0,null,0.000,null,0.000,0.000,null,,null,null,null,,,,null,null,null,null,null,null,null,null,null,null,null,null,null,null,null,,,,
000000009700074892,null,UNBW,null,null,COMP20,C,HEADER SILICONE ULTRA KB 300ML,EN,EA,,,null,,00,null,999999999999,,null,,,,null,null,1.00 EA,null,,,,,,NORM,null,null,null,null,null,,,1.000,1.000,LBR,0.000,0.000,0.000,null,0.000,FTQ,,,null,null,1,null,null,null,null,null,0001,null,null,null,null,null,,,,null,,null,,0.000,null,0.0,0.000,null,null,0.0,null,null,null,null,null,null,null,0.000,null,0,0,null,0,null,null,null,null,null,null,null,null,0,null,null,null,0.000,0.0,null,0.000,null,0.000,0.000,null,,null,null,null,,,,null,null,null,null,null,null,null,null,null,null,null,null,null,null,null,,,,
000000009700074911,null,UNBW,null,null,COMP20,C,"BASE SUPPORT CDA DISPLAYS 4""",EN,EA,,,null,,00,null,999999999999,,null,,,,null,null,1.00 EA,null,,,,,,NORM,null,null,null,null,null,,,0.500,0.500,LBR,0.000,0.000,0.000,null,0.000,FTQ,,,null,null,1,null,null,null,null,null,null,null,null,null,null,null,,,,null,,null,,0.000,null,0.0,0.000,null,null,0.0,null,null,null,null,null,null,null,0.000,null,0,0,null,0,null,null,null,null,null,null,null,null,0,null,null,null,0.000,0.0,null,0.000,null,0.000,0.000,null,,null,null,null,,,,null,null,null,null,null,null,null,null,null,null,null,null,null,null,null,,,,
000000009700074930,null,UNBW,null,null,COMP20,C,HEADER SILICONE ULTRA WD,EN,EA,,,null,,00,null,999999999999,,null,,,,null,null,1.00 EA,null,,,,,,NORM,null,null,null,null,null,,,1.000,1.000,LBR,0.000,0.000,0.000,null,0.000,FTQ,,,null,null,1,null,null,null,null,null,null,null,null,null,null,null,,,,null,,null,,0.000,null,0.0,0.000,null,null,0.0,null,null,null,null,null,null,null,0.000,null,0,0,null,0,null,null,null,null,null,null,null,null,0,null,null,null,0.000,0.0,null,0.000,null,0.000,0.000,null,,null,null,null,,,,null,null,null,null,null,null,null,null,null,null,null,null,null,null,null,,,,
000000009700074939,null,UNBW,null,null,COMP20,C,HEADER CDA ALEX PLUS/FLEX SPACK COMBO,EN,EA,,,null,,00,null,999999999999,,null,,,,null,null,1.00 EA,null,,,,,,NORM,null,null,null,null,null,,,1.000,1.000,LBR,0.000,0.000,0.000,null,0.250,FTQ,,,null,null,1,null,null,null,null,null,0001,null,null,null,null,null,,,,null,,null,,0.000,null,0.0,0.000,null,null,0.0,null,null,null,null,null,null,null,0.000,null,0,0,null,0,null,null,null,null,null,null,null,null,0,null,null,null,0.000,0.0,null,0.000,null,0.000,0.000,null,,null,null,null,,,,null,null,null,null,null,null,null,null,null,null,null,null,null,null,null,,,,
000000009700074940,null,UNBW,null,null,COMP20,C,BASE SUPPORT CDA AP/FLEX COMBO DISPLAY,EN,EA,,,null,,00,null,999999999999,,null,,,,null,null,1.00 EA,null,,,,,,NORM,null,null,null,null,null,,,0.500,0.500,LBR,0.000,0.000,0.000,null,0.000,FTQ,,,null,null,1,null,null,null,null,null,0001,null,null,null,null,null,,,,null,,null,,0.000,null,0.0,0.000,null,null,0.0,null,null,null,null,null,null,null,0.000,null,0,0,null,0,null,null,null,null,null,null,null,null,0,null,null,null,0.000,0.0,null,0.000,null,0.000,0.000,null,,null,null,null,,,,null,null,null,null,null,null,null,null,null,null,null,null,null,null,null,,,,
000000009700074941,null,UNBW,null,null,COMP20,C,RISER SUPPORT CDA AP/FLEX COMBO DISPLAY,EN,EA,,,null,,00,null,999999999999,,null,,,,null,null,1.00 EA,null,,,,,,NORM,null,null,null,null,null,,,0.500,0.500,LBR,0.000,0.000,0.000,null,0.000,FTQ,,,null,null,1,null,null,null,null,null,null,null,null,null,null,null,,,,null,,null,,0.000,null,0.0,0.000,null,null,0.0,null,null,null,null,null,null,null,0.000,null,0,0,null,0,null,null,null,null,null,null,null,null,0,null,null,null,0.000,0.0,null,0.000,null,0.000,0.000,null,,null,null,null,,,,null,null,null,null,null,null,null,null,null,null,null,null,null,null,null,,,,
000000009700074942,null,UNBW,null,null,COMP20,C,BACK FILLER CDA AP/FLEX COMBO DISPLAY,EN,EA,,,null,,00,null,999999999999,,null,,,,null,null,1.00 EA,null,,,,,,NORM,null,null,null,null,null,,,0.500,0.500,LBR,0.000,0.000,0.000,null,0.000,FTQ,,,null,null,1,null,null,null,null,null,null,null,null,null,null,null,,,,null,,null,,0.000,null,0.0,0.000,null,null,0.0,null,null,null,null,null,null,null,0.000,null,0,0,null,0,null,null,null,null,null,null,null,null,0,null,null,null,0.000,0.0,null,0.000,null,0.000,0.000,null,,null,null,null,,,,null,null,null,null,null,null,null,null,null,null,null,null,null,null,null,,,,
000000009700074943,null,UNBW,null,null,COMP20,C,HEADER CDA ALEX PLUS SPACK 946ML,EN,EA,,,null,,00,null,999999999999,,null,,,,null,null,1.00 EA,null,,,,,,NORM,null,null,null,null,null,,,1.000,1.000,LBR,0.000,0.000,0.000,null,0.000,FTQ,,,null,null,1,null,null,null,null,null,null,null,null,null,null,null,,,,null,,null,,0.000,null,0.0,0.000,null,null,0.0,null,null,null,null,null,null,null,0.000,null,0,0,null,0,null,null,null,null,null,null,null,null,0,null,null,null,0.000,0.0,null,0.000,null,0.000,0.000,null,,null,null,null,,,,null,null,null,null,null,null,null,null,null,null,null,null,null,null,null,,,,
000000009700074955,null,UNBW,null,null,COMP20,C,BASE CDA PLATINUM PATCH,EN,EA,,,null,,00,null,999999999999,,null,,,,null,null,1.00 EA,null,,,,,,NORM,null,null,null,null,null,,,0.500,0.500,LBR,0.000,0.000,0.000,null,0.250,FTQ,,,null,null,1,null,null,null,null,null,null,null,null,null,null,null,,,,null,,null,,0.000,null,0.0,0.000,null,null,0.0,null,null,null,null,null,null,null,0.000,null,0,0,null,0,null,null,null,null,null,null,null,null,0,null,null,null,0.000,0.0,null,0.000,null,0.000,0.000,null,,null,null,null,,,,null,null,null,null,null,null,null,null,null,null,null,null,null,null,null,,,,
000000009700074956,null,UNBW,null,null,COMP20,C,BASE SUPPORT CDA PLATINUM PATCH,EN,EA,,,null,,00,null,999999999999,,null,,,,null,null,1.00 EA,null,,,,,,NORM,null,null,null,null,null,,,0.500,0.500,LBR,0.000,0.000,0.000,null,0.000,FTQ,,,null,null,1,null,null,null,null,null,null,null,null,null,null,null,,,,null,,null,,0.000,null,0.0,0.000,null,null,0.0,null,null,null,null,null,null,null,0.000,null,0,0,null,0,null,null,null,null,null,null,null,null,0,null,null,null,0.000,0.0,null,0.000,null,0.000,0.000,null,,null,null,null,,,,null,null,null,null,null,null,null,null,null,null,null,null,null,null,null,,,,
000000009700074957,null,UNBW,null,null,COMP20,C,HEADER CDA PLATINUM PATCH,EN,EA,,,null,,00,null,999999999999,,null,,,,null,null,1.00 EA,null,,,,,,NORM,null,null,null,null,null,,,1.000,1.000,LBR,0.000,0.000,0.000,null,0.000,FTQ,,,null,null,1,null,null,null,null,null,0001,null,null,null,null,null,,,,null,,null,,0.000,null,0.0,0.000,null,null,0.0,null,null,null,null,null,null,null,0.000,null,0,0,null,0,null,null,null,null,null,null,null,null,0,null,null,null,0.000,0.0,null,0.000,null,0.000,0.000,null,,null,null,null,,,,null,null,null,null,null,null,null,null,null,null,null,null,null,null,null,,,,
000000009700074972,null,UNBW,null,null,COMP20,C,FILLER BOX DISPLAY PLATINUM PATCH COMBO,EN,EA,,,null,,00,null,999999999999,,null,,,,null,null,1.00 EA,null,,,,,,NORM,null,null,null,null,null,,,0.500,0.500,LBR,0.000,0.000,0.000,null,0.250,FTQ,,,null,null,1,null,null,null,null,null,null,null,null,null,null,null,,,,null,,null,,0.000,null,0.0,0.000,null,null,0.0,null,null,null,null,null,null,null,0.000,null,0,0,null,0,null,null,null,null,null,null,null,null,0,null,null,null,0.000,0.0,null,0.000,null,0.000,0.000,null,,null,null,null,,,,null,null,null,null,null,null,null,null,null,null,null,null,null,null,null,,,,
000000009700075044,null,UNBW,null,null,COMP20,C,"BASE PAD SIZE: 23.75"" X 16.25""",EN,EA,,,null,,00,null,999999999999,,null,,,,null,null,1 EA,null,,,,,,NORM,null,null,null,null,null,,,0.500,0.500,LBR,0.000,0.000,0.000,null,0.250,FTQ,,,null,null,1,null,null,null,null,null,null,null,null,null,null,null,,,,null,,null,,0.000,null,0.0,0.000,null,null,0.0,null,null,null,null,null,null,null,0.000,null,0,0,null,0,null,null,null,null,null,null,null,null,0,null,null,null,0.000,0.0,null,0.000,null,0.000,0.000,null,,null,null,null,,,,null,null,null,null,null,null,null,null,null,null,null,null,null,null,null,,,,
000000009700075048,null,UNBW,null,null,COMP20,C,BASE PAD 12X12 GENERIC,EN,EA,,,null,,00,null,999999999999,,null,,,,null,null,1 EA,null,,,,,,NORM,null,null,null,null,null,,,0.500,0.500,LBR,0.000,0.000,0.000,null,0.250,FTQ,,,null,null,1,null,null,null,null,null,0001,null,null,null,null,null,,,,null,,null,,0.000,null,0.0,0.000,null,null,0.0,null,null,null,null,null,null,null,0.000,null,0,0,null,0,null,null,null,null,null,null,null,null,0,null,null,null,0.000,0.0,null,0.000,null,0.000,0.000,null,,null,null,null,,,,null,null,null,null,null,null,null,null,null,null,null,null,null,null,null,,,,
000000009700075127,null,UNBW,null,null,COMP20,C,HEADER CDA PRO CAULK TOOL DISPLAY 12CS,EN,EA,,,null,,00,null,999999999999,,null,,,,null,null,1 EA,null,,,,,,NORM,null,null,null,null,null,,,1.000,1.000,LBR,0.000,0.000,0.000,null,0.000,FTQ,,,null,null,1,null,null,null,null,null,null,null,null,null,null,null,,,,null,,null,,0.000,null,0.0,0.000,null,null,0.0,null,null,null,null,null,null,null,0.000,null,0,0,null,0,null,null,null,null,null,null,null,null,0,null,null,null,0.000,0.0,null,0.000,null,0.000,0.000,null,,null,null,null,,,,null,null,null,null,null,null,null,null,null,null,null,null,null,null,null,,,,
000000009700075130,null,UNBW,null,null,COMP20,C,HEADER CDA RAPIDFUSE 10CS DISPLAY,EN,EA,,,null,,00,null,999999999999,,null,,,,null,null,1 EA,null,,,,,,NORM,null,null,null,null,null,,,1.000,1.000,LBR,0.000,0.000,0.000,null,0.000,FTQ,,,null,null,1,null,null,null,null,null,null,null,null,null,null,null,,,,null,,null,,0.000,null,0.0,0.000,null,null,0.0,null,null,null,null,null,null,null,0.000,null,0,0,null,0,null,null,null,null,null,null,null,null,0,null,null,null,0.000,0.0,null,0.000,null,0.000,0.000,null,,null,null,null,,,,null,null,null,null,null,null,null,null,null,null,null,null,null,null,null,,,,
000000009700075131,null,UNBW,null,null,COMP20,C,DUMP BIN BASE TRAY CDA RAPIDFUSE DISPLAY,EN,EA,,,null,,00,null,999999999999,,null,,,,null,null,1 EA,null,,,,,,NORM,null,null,null,null,null,,,1.000,1.000,LBR,0.000,0.000,0.000,null,0.000,FTQ,,,null,null,1,null,null,null,null,null,null,null,null,null,null,null,,,,null,,null,,0.000,null,0.0,0.000,null,null,0.0,null,null,null,null,null,null,null,0.000,null,0,0,null,0,null,null,null,null,null,null,null,null,0,null,null,null,0.000,0.0,null,0.000,null,0.000,0.000,null,,null,null,null,,,,null,null,null,null,null,null,null,null,null,null,null,null,null,null,null,,,,
000000009700075222,null,UNBW,null,null,COMP20,C,BASE CDA ECLIPSE WRP DISPLAY,EN,EA,,,null,,00,null,999999999999,,null,,,,null,null,1 EA,null,,,,,,NORM,null,null,null,null,null,,,0.500,0.500,LBR,0.000,0.000,0.000,null,0.250,FTQ,,,null,null,1,null,null,null,null,null,null,null,null,null,null,null,,,,null,,null,,0.000,null,0.0,0.000,null,null,0.0,null,null,null,null,null,null,null,0.000,null,0,0,null,0,null,null,null,null,null,null,null,null,0,null,null,null,0.000,0.0,null,0.000,null,0.000,0.000,null,,null,null,null,,,,null,null,null,null,null,null,null,null,null,null,null,null,null,null,null,,,,
000000009700075223,null,UNBW,null,null,COMP20,C,BASE SUPPORT CDA ECLIPSE WRP DISPLAY,EN,EA,,,null,,00,null,999999999999,,null,,,,null,null,1 EA,null,,,,,,NORM,null,null,null,null,null,,,0.500,0.500,LBR,0.000,0.000,0.000,null,0.000,FTQ,,,null,null,1,null,null,null,null,null,null,null,null,null,null,null,,,,null,,null,,0.000,null,0.0,0.000,null,null,0.0,null,null,null,null,null,null,null,0.000,null,0,0,null,0,null,null,null,null,null,null,null,null,0,null,null,null,0.000,0.0,null,0.000,null,0.000,0.000,null,,null,null,null,,,,null,null,null,null,null,null,null,null,null,null,null,null,null,null,null,,,,
000000009700075224,null,UNBW,null,null,COMP20,C,HEADER CDA ECLIPSE WRP DISPLAY,EN,EA,,,null,,00,null,999999999999,,null,,,,null,null,1 EA,null,,,,,,NORM,null,null,null,null,null,,,0.500,0.500,LBR,0.000,0.000,0.000,null,0.250,FTQ,,,null,null,1,null,null,null,null,null,null,null,null,null,null,null,,,,null,,null,,0.000,null,0.0,0.000,null,null,0.0,null,null,null,null,null,null,null,0.000,null,0,0,null,0,null,null,null,null,null,null,null,null,0,null,null,null,0.000,0.0,null,0.000,null,0.000,0.000,null,,null,null,null,,,,null,null,null,null,null,null,null,null,null,null,null,null,null,null,null,,,,
000000009700075225,null,UNBW,null,null,COMP20,C,SHROUD CDA ECLIPSE WRP DISPLAY,EN,EA,,,null,,00,null,999999999999,,null,,,,null,null,1 EA,null,,,,,,NORM,null,null,null,null,null,,,0.500,0.500,LBR,0.000,0.000,0.000,null,0.000,FTQ,,,null,null,1,null,null,null,null,null,null,null,null,null,null,null,,,,null,,null,,0.000,null,0.0,0.000,null,null,0.0,null,null,null,null,null,null,null,0.000,null,0,0,null,0,null,null,null,null,null,null,null,null,0,null,null,null,0.000,0.0,null,0.000,null,0.000,0.000,null,,null,null,null,,,,null,null,null,null,null,null,null,null,null,null,null,null,null,null,null,,,,
000000009700075226,null,UNBW,null,null,COMP20,C,DIVIDER PAD CDA ECLIPSE WRP DISPLAY,EN,EA,,,null,,00,null,999999999999,,null,,,,null,null,1 EA,null,,,,,,NORM,null,null,null,null,null,,,0.500,0.500,LBR,0.000,0.000,0.000,null,0.000,FTQ,,,null,null,1,null,null,null,null,null,null,null,null,null,null,null,,,,null,,null,,0.000,null,0.0,0.000,null,null,0.0,null,null,null,null,null,null,null,0.000,null,0,0,null,0,null,null,null,null,null,null,null,null,0,null,null,null,0.000,0.0,null,0.000,null,0.000,0.000,null,,null,null,null,,,,null,null,null,null,null,null,null,null,null,null,null,null,null,null,null,,,,
000000009700075245,null,UNBW,null,null,COMP20,C,HEADER CDA DYNAFLEX ULTRA WHT DISPLAY,EN,EA,,,null,,00,null,999999999999,,null,,,,null,null,1 EA,null,,,,,,NORM,null,null,null,null,null,,,0.500,0.500,LBR,0.000,0.000,0.000,null,0.250,FTQ,,,null,null,1,null,null,null,null,null,null,null,null,null,null,null,,,,null,,null,,0.000,null,0.0,0.000,null,null,0.0,null,null,null,null,null,null,null,0.000,null,0,0,null,0,null,null,null,null,null,null,null,null,0,null,null,null,0.000,0.0,null,0.000,null,0.000,0.000,null,,null,null,null,,,,null,null,null,null,null,null,null,null,null,null,null,null,null,null,null,,,,
000000009700075246,null,UNBW,null,null,COMP20,C,HEADER CDA HVAC CLR AND ALUM DISPLAY,EN,EA,,,null,,00,null,999999999999,,null,,,,null,null,1 EA,null,,,,,,NORM,null,null,null,null,null,,,0.500,0.500,LBR,0.000,0.000,0.000,null,0.250,FTQ,,,null,null,1,null,null,null,null,null,null,null,null,null,null,null,,,,null,,null,,0.000,null,0.0,0.000,null,null,0.0,null,null,null,null,null,null,null,0.000,null,0,0,null,0,null,null,null,null,null,null,null,null,0,null,null,null,0.000,0.0,null,0.000,null,0.000,0.000,null,,null,null,null,,,,null,null,null,null,null,null,null,null,null,null,null,null,null,null,null,,,,
000000009700075334,null,UNBW,null,null,COMP20,C,HEADER ULTRA CLEAR 147 ML THD,EN,EA,,,null,,00,null,999999999999,,null,,,,null,null,1.00 EA,null,,,,,,NORM,null,null,null,null,null,,,0.500,0.500,LBR,0.000,0.000,0.000,null,0.000,FTQ,,,null,null,null,null,null,null,null,null,null,null,null,null,null,null,,,,null,,null,,0.000,null,0.0,0.000,null,null,0.0,null,null,null,null,null,null,null,0.000,null,0,0,null,0,null,null,null,null,null,null,null,null,0,null,null,null,0.000,0.0,null,0.000,null,0.000,0.000,null,,null,null,null,,,,null,null,null,null,null,null,null,null,null,null,null,null,null,null,null,,,,
000000009700075337,null,UNBW,null,null,COMP20,C,DISPLAY HEADER FAST & FINAL CDA,EN,EA,,,null,,00,null,999999999999,,null,,,,null,null,1.00 EA,null,,,,,,NORM,null,null,null,null,null,,,0.500,0.500,LBR,0.000,0.000,0.000,null,0.000,FTQ,,,null,null,1,null,null,null,null,null,0001,null,null,null,null,null,,,,null,,null,,0.000,null,0.0,0.000,null,null,0.0,null,null,null,null,null,null,null,0.000,null,0,0,null,0,null,null,null,null,null,null,null,null,0,null,null,null,0.000,0.0,null,0.000,null,0.000,0.000,null,,null,null,null,,,,null,null,null,null,null,null,null,null,null,null,null,null,null,null,null,,,,
000000009700075493,null,NLAG,null,null,COMP19,C,TUBE 20 ML CDA ORIGINAL CONTACT CEMENT,EN,EA,,,null,,00,null,999999999999,,null,,,,null,null,1 EA,null,,,,,,NLAG,null,null,null,null,null,,,0.010,0.010,LBR,0.000,0.000,0.000,null,0.000,FTQ,,,null,null,null,null,null,null,null,null,null,null,null,null,null,null,,,,null,,null,,0.000,null,0.0,0.000,null,null,0.0,null,null,null,null,null,null,null,0.000,null,0,0,null,0,null,null,null,null,null,null,null,null,0,null,null,null,0.000,0.0,null,0.000,null,0.000,0.000,null,,null,null,null,,,,null,null,null,null,null,null,null,null,null,null,null,null,null,null,null,,,,
000000009700075494,null,NLAG,null,null,COMP25,C,BACKER CARD 20 ML CDA ORIG CONTACT CEMNT,EN,EA,,,null,,00,null,999999999999,,null,,,,null,null,1 EA,null,,,,,,NLAG,null,null,null,null,null,,,0.001,0.001,LBR,0.000,0.000,0.000,null,0.000,FTQ,,,null,null,null,null,null,null,null,null,null,null,null,null,null,null,,,,null,,null,,0.000,null,0.0,0.000,null,null,0.0,null,null,null,null,null,null,null,0.000,null,0,0,null,0,null,null,null,null,null,null,null,null,0,null,null,null,0.000,0.0,null,0.000,null,0.000,0.000,null,,null,null,null,,,,null,null,null,null,null,null,null,null,null,null,null,null,null,null,null,,,,
000000009700075495,null,NLAG,null,null,COMP19,C,SC 20 ML 6PK CDA ORIGINAL CONTACT CEMENT,EN,EA,,,null,,00,null,999999999999,,null,,,,null,null,1 EA,null,,,,,,NLAG,null,null,null,null,null,,,0.200,0.200,LBR,0.000,0.000,0.000,null,0.000,FTQ,,,null,null,1,null,null,null,null,null,null,null,null,null,null,null,,,,null,,null,,0.000,null,0.0,0.000,null,null,0.0,null,null,null,null,null,null,null,0.000,null,0,0,null,0,null,null,null,null,null,null,null,null,0,null,null,null,0.000,0.0,null,0.000,null,0.000,0.000,null,,null,null,null,,,,null,null,null,null,null,null,null,null,null,null,null,null,null,null,null,,,,
000000009701200109,null,VERP,null,null,COMP17,C,AA8 R45,EN,EA,,,null,,00,3001200109,999999999999,,null,,,,null,null,1.00 EACH,null,,,,,,VERP,null,null,null,null,null,,,0.005,0.005,ONZ,5.500,5.500,8.000,INH,0.140,FTQ,,,null,null,1,null,null,null,null,null,0001,null,null,null,null,null,,,,null,,null,,0.000,null,0.0,0.000,null,null,0.0,null,null,null,null,null,null,null,0.000,null,0,0,B,0,null,null,null,null,null,null,null,null,0,null,null,null,0.000,0.0,null,0.000,null,0.000,0.000,null,,null,null,null,,,,null,null,null,null,null,null,null,null,null,null,null,null,null,null,null,,,,
000000009701564104,null,VERP,null,null,COMP17,C,COVER 211 RS BLACK,EN,EA,,,null,,00,3001564104,999999999999,,null,,,,null,null,1 EA,null,,,,,,VERP,null,null,null,null,null,,,0.300,0.300,LBR,0.000,0.000,0.000,null,0.000,null,,,null,null,1,null,null,null,null,null,0001,null,null,null,null,null,,,,null,,null,,0.000,null,0.0,0.000,null,null,0.0,null,null,null,null,null,null,null,0.000,null,0,0,B,0,null,null,null,null,null,null,null,null,0,null,null,null,0.000,0.0,null,0.000,null,0.000,0.000,null,,null,null,null,,,,null,null,null,null,null,null,null,null,null,null,null,null,null,null,null,,,,
000000009701593045,null,VERP,null,null,COMP16,C,"PLASTIC TUBE .206OD 5.5""",EN,EA,,,null,,00,4001593045,999999999999,,null,,,,null,null,1.00 EACH,null,,,,,,VERP,null,null,null,null,null,,,0.003,0.003,LBR,5.000,5.000,5.000,INH,0.072,FTQ,,,null,null,1,null,null,null,null,null,0001,null,null,null,null,null,,,,null,,null,,0.000,null,0.0,0.000,null,null,0.0,null,null,null,null,null,null,null,0.000,null,0,0,B,0,null,null,null,null,null,null,null,null,0,null,null,null,0.000,0.0,null,0.000,null,0.000,0.000,null,,null,null,null,,,,null,null,null,null,null,null,null,null,null,null,null,null,null,null,null,,,,
000000009704590145,null,VERP,null,null,COMP05,C,NITRILE GLOVE-4004590145,EN,EA,,,null,,00,4004590145,999999999999,,null,,,,null,null,1 EA,null,,,,,,VERP,null,null,null,null,null,,,1.000,1.000,LBR,0.000,0.000,0.000,null,0.000,FTQ,,,null,null,1,null,null,null,null,null,0001,null,null,null,null,null,,,,null,,null,,0.000,null,0.0,0.000,null,null,0.0,null,null,null,null,null,null,null,0.000,null,0,0,null,0,null,null,null,null,null,null,null,null,0,null,null,null,0.000,0.0,null,0.000,null,0.000,0.000,null,,null,null,null,,,,null,null,null,null,null,null,null,null,null,null,null,null,null,null,null,,,,
000000009704590610,null,VERP,null,null,MANUAL,C,STATIC MIXER PADDLE-4004590610,EN,EA,,,null,,00,4004590610,999999999999,,null,,,,null,null,1 EA,null,,,,,,VERP,null,null,null,null,null,,,1.000,1.000,LBR,0.000,0.000,0.000,null,0.000,FTQ,,,null,null,1,null,null,null,null,null,0001,null,null,null,null,null,,,,null,,null,,0.000,null,0.0,0.000,null,null,0.0,null,null,null,null,null,null,null,0.000,null,0,0,null,0,null,null,null,null,null,null,null,null,0,null,null,null,0.000,0.0,null,0.000,null,0.000,0.000,null,,null,null,null,,,,null,null,null,null,null,null,null,null,null,null,null,null,null,null,null,,,,
000000009704590612,null,VERP,null,null,MANUAL,C,STATIC MIXER BARREL-4004590612,EN,EA,,,null,,00,4004590612,999999999999,,null,,,,null,null,1 EA,null,,,,,,VERP,null,null,null,null,null,,,1.000,1.000,LBR,0.000,0.000,0.000,null,0.000,FTQ,,,null,null,1,null,null,null,null,null,0001,null,null,null,null,null,,,,null,,null,,0.000,null,0.0,0.000,null,null,0.0,null,null,null,null,null,null,null,0.000,null,0,0,null,0,null,null,null,null,null,null,null,null,0,null,null,null,0.000,0.0,null,0.000,null,0.000,0.000,null,,null,null,null,,,,null,null,null,null,null,null,null,null,null,null,null,null,null,null,null,,,,
000000009705550100,null,UNBW,null,null,COMP20,C,CARTON SIDE SPRAY,EN,EA,,,null,,00,4505550100,999999999999,,null,,,,null,null,1.00 EA,null,,,,,,null,null,null,null,null,null,,,1.000,1.000,LBR,0.000,0.000,0.000,null,0.250,FTQ,,,null,null,1,null,null,null,null,null,0001,null,null,null,null,null,,,,null,,null,,0.000,null,0.0,0.000,null,null,0.0,null,null,null,null,null,null,null,0.000,null,0,0,null,0,null,null,null,null,null,null,null,null,0,null,null,null,0.000,0.0,null,0.000,null,0.000,0.000,null,,null,null,null,,,,null,null,null,null,null,null,null,null,null,null,null,null,null,null,null,,,,
000000009705550101,null,UNBW,null,null,COMP20,C,TOP/BOTTOM SPRAY CARTON,EN,EA,,,null,,00,4505550101,999999999999,,null,,,,null,null,1.00 EA,null,,,,,,null,null,null,null,null,null,,,1.000,1.000,LBR,0.000,0.000,0.000,null,0.250,FTQ,,,null,null,1,null,null,null,null,null,0001,null,null,null,null,null,,,,null,,null,,0.000,null,0.0,0.000,null,null,0.0,null,null,null,null,null,null,null,0.000,null,0,0,B,0,null,null,null,null,null,null,null,null,0,null,null,null,0.000,0.0,null,0.000,null,0.000,0.000,null,,null,null,null,,,,null,null,null,null,null,null,null,null,null,null,null,null,null,null,null,,,,
000000009706000063,null,UNBW,null,null,COMP19,C,INSERT CORNER OVERPACK 600-4006000063,EN,EA,,,null,,00,4006000063,999999999999,,null,,,,null,null,1.00 EA,null,,,,,,null,null,null,null,null,null,,,0.500,0.500,LBR,0.000,0.000,0.000,null,0.000,null,,,null,null,1,null,null,null,null,null,0001,null,null,null,null,null,,,,null,,null,,0.000,null,0.0,0.000,null,null,0.0,null,null,null,null,null,null,null,0.000,null,0,0,B,0,null,null,null,null,null,null,null,null,0,null,null,null,0.000,0.0,null,0.000,null,0.000,0.000,null,,null,null,null,,,,null,null,null,null,null,null,null,null,null,null,null,null,null,null,null,,,,
000000009709095005,null,VERP,null,null,COMP15,C,CAN 2Q PLAIN 211 X 713,EN,EA,,,null,,00,4009095005,999999999999,,null,,,,null,null,1 EA,null,,,,,,VERP,null,null,null,null,null,,,0.500,0.500,LBR,0.000,0.000,0.000,null,0.000,null,,,null,null,1,null,null,null,null,null,0001,null,null,null,null,null,,,,null,,null,,0.000,null,0.0,0.000,null,null,0.0,null,null,null,null,null,null,null,0.000,null,0,0,B,0,null,null,null,null,null,null,null,null,0,null,null,null,0.000,0.0,null,0.000,null,0.000,0.000,null,,null,null,null,,,,null,null,null,null,null,null,null,null,null,null,null,null,null,null,null,,,,
000000009800000595,null,HALB,null,null,MANUAL,C,PLASTIC WOOD-X HP (BULK PACK),EN,CS,,,98000005958,UC,00,null,999999999999,,null,,,,null,null,1.00 EACH,null,,,,,,NORM,null,null,null,null,null,,,128.000,120.000,LBR,0.000,0.000,0.000,null,0.198,FTQ,,,null,null,1,null,null,null,null,null,0001,null,null,null,null,null,,,,null,,null,,0.000,null,0.0,0.000,null,null,0.0,null,null,null,null,null,null,null,0.000,null,0,0,null,0,null,null,null,null,null,null,null,null,0,null,null,null,0.000,0.0,null,0.000,null,0.000,0.000,null,,null,null,null,,,,null,null,null,null,null,null,null,null,null,null,null,null,null,null,null,,,,
000000009804590700,null,HALB,null,null,MANUAL,C,APPLICATOR ASSY. 2K-15-4004590700,EN,EA,,,null,,00,4004590700,999999999999,,null,,,,null,null,1.00 EACH,null,,,,,,NORM,null,null,null,null,null,,,1.000,0.000,LBR,0.000,0.000,0.000,null,0.000,null,,,null,null,1,null,null,null,null,null,0001,null,null,null,null,null,,,,null,,null,,0.000,null,0.0,0.000,null,null,0.0,null,null,null,null,null,null,null,0.000,null,0,0,null,0,null,null,null,null,null,null,null,null,0,null,null,null,0.000,0.0,null,0.000,null,0.000,0.000,null,,null,null,null,,,,null,null,null,null,null,null,null,null,null,null,null,null,null,null,null,,,,
000000009804599005,null,HALB,null,null,MANUAL,C,"FILLED CAN U2-15 ""B""-4004599005",EN,EA,,,null,,00,4004599005,999999999999,,null,,,,null,null,1.00 EACH,null,,,,,,null,null,null,null,null,null,,,1.000,0.000,LBR,0.000,0.000,0.000,null,0.000,null,,,null,null,null,null,null,null,null,null,0001,null,null,null,null,null,,,,null,,null,,0.000,null,0.0,0.000,null,null,0.0,null,null,null,null,null,null,null,0.000,null,0,0,null,0,null,null,null,null,null,null,null,null,0,null,null,null,0.000,0.0,null,0.000,null,0.000,0.000,null,,null,null,null,,,,null,null,null,null,null,null,null,null,null,null,null,null,null,null,null,,,,
000000009804599015,null,HALB,null,null,MANUAL,C,"FILLED CAN U2-15 ""A""-4004599015",EN,EA,,,null,,00,4004599015,999999999999,,null,,,,null,null,1.00 EACH,null,,,,,,null,null,null,null,null,null,,,1.000,0.000,LBR,0.000,0.000,0.000,null,0.000,null,,,null,null,null,null,null,null,null,null,0001,null,null,null,null,null,,,,null,,null,,0.000,null,0.0,0.000,null,null,0.0,null,null,null,null,null,null,null,0.000,null,0,0,null,0,null,null,null,null,null,null,null,null,0,null,null,null,0.000,0.0,null,0.000,null,0.000,0.000,null,,null,null,null,,,,null,null,null,null,null,null,null,null,null,null,null,null,null,null,null,,,,
000000009870000007,null,HALB,null,null,HALB01,C,ROYAL SEALANT 13189-D369,EN,LBR,,,null,,00,null,999999999999,,null,,,,null,null,1.00 LB,null,,,,,,null,null,null,null,null,null,,,1.000,1.000,LBR,0.000,0.000,0.000,null,0.250,FTQ,,,null,null,1,null,null,null,null,null,0001,null,null,null,null,null,,,,null,,null,,0.000,null,0.0,0.000,null,null,0.0,null,null,null,null,null,null,null,0.000,null,0,0,null,0,null,null,null,null,null,null,null,null,0,null,null,null,0.000,0.0,null,0.000,null,0.000,0.000,null,,null,null,null,,,,null,null,null,null,null,null,null,null,null,null,null,null,null,null,null,,,,
